event_type,x,y,button,action,scroll_dx,scroll_dy,speed_px_s,idle_time_s,timestamp
movement,943,788,none,moved,0,0,0.0,0.0,2026-07-25 20:47:02.294503
movement,780,799,none,moved,0,0,4094.7365,0.0,2026-07-25 20:47:02.348903
movement,579,882,none,moved,0,0,2450.1965,0.0,2026-07-25 20:47:02.403912
movement,529,930,none,moved,0,0,637.2948,0.0,2026-07-25 20:47:02.458818
movement,554,968,none,moved,0,0,916.9095,0.0,2026-07-25 20:47:02.513626
movement,678,963,none,moved,0,0,3426.1884,0.0,2026-07-25 20:47:02.568569
movement,822,887,none,moved,0,0,1605.8948,0.0,2026-07-25 20:47:02.623327
movement,836,866,none,moved,0,0,593.2537,0.0,2026-07-25 20:47:02.678264
movement,804,819,none,moved,0,0,935.674,0.0,2026-07-25 20:47:02.733117
movement,759,781,none,moved,0,0,1132.5345,0.0,2026-07-25 20:47:02.788213
movement,746,759,none,moved,0,0,147.64,0.0,2026-07-25 20:47:02.842947
movement,763,744,none,moved,0,0,912.0954,0.0,2026-07-25 20:47:02.898181
movement,789,725,none,moved,0,0,146.9263,0.0,2026-07-25 20:47:02.952623
movement,789,724,none,moved,0,0,0.0,0.0,2026-07-25 20:47:03.021384
movement,772,728,none,moved,0,0,746.5125,0.0,2026-07-25 20:47:03.076227
movement,740,736,none,moved,0,0,144.761,0.0,2026-07-25 20:47:03.131078
click,737,736,right,pressed,0,0,0.0,0.0,2026-07-25 20:47:04.527788
click,737,736,right,released,0,0,0.0,0.0,2026-07-25 20:47:04.719831
idle,737,736,none,idle_start,0,0,0.0,0.0,2026-07-25 20:47:04.720613
idle,734,741,none,idle_end,0,0,0.0,1.2506,2026-07-25 20:47:05.971259
movement,734,741,none,moved,0,0,2.0679,0.0,2026-07-25 20:47:05.971956
movement,680,803,none,moved,0,0,1986.8522,0.0,2026-07-25 20:47:06.025824
movement,621,868,none,moved,0,0,1785.707,0.0,2026-07-25 20:47:06.080701
movement,569,943,none,moved,0,0,1774.136,0.0,2026-07-25 20:47:06.135720
movement,541,1022,none,moved,0,0,1634.327,0.0,2026-07-25 20:47:06.190571
movement,555,1077,none,moved,0,0,1123.446,0.0,2026-07-25 20:47:06.245563
movement,578,1080,none,moved,0,0,429.4216,0.0,2026-07-25 20:47:06.300428
movement,598,1070,none,moved,0,0,405.1945,0.0,2026-07-25 20:47:06.355147
movement,608,1054,none,moved,0,0,142.4067,0.0,2026-07-25 20:47:06.410120
movement,608,1045,none,moved,0,0,291.1599,0.0,2026-07-25 20:47:06.465056
movement,583,1018,none,moved,0,0,897.3684,0.0,2026-07-25 20:47:06.519954
movement,546,994,none,moved,0,0,526.9077,0.0,2026-07-25 20:47:06.574731
movement,531,981,none,moved,0,0,138.166,0.0,2026-07-25 20:47:06.629794
movement,526,973,none,moved,0,0,149.0142,0.0,2026-07-25 20:47:06.684361
movement,526,969,none,moved,0,0,13.2591,0.0,2026-07-25 20:47:06.794136
movement,529,969,none,moved,0,0,47.3855,0.0,2026-07-25 20:47:06.863838
movement,536,969,none,moved,0,0,285.0166,0.0,2026-07-25 20:47:06.918395
movement,568,971,none,moved,0,0,868.3192,0.0,2026-07-25 20:47:06.973026
movement,590,973,none,moved,0,0,150.7116,0.0,2026-07-25 20:47:07.027327
movement,592,974,none,moved,0,0,0.0,0.0,2026-07-25 20:47:07.089102
movement,588,974,none,moved,0,0,148.9878,0.0,2026-07-25 20:47:07.143853
movement,538,969,none,moved,0,0,1506.1684,0.0,2026-07-25 20:47:07.198881
movement,465,967,none,moved,0,0,867.5515,0.0,2026-07-25 20:47:07.253958
movement,428,970,none,moved,0,0,415.8403,0.0,2026-07-25 20:47:07.309402
movement,418,970,none,moved,0,0,0.0,0.0,2026-07-25 20:47:07.370505
idle,418,970,none,idle_start,0,0,0.0,0.0,2026-07-25 20:47:09.225193
idle,415,966,none,idle_end,0,0,0.0,1.1565,2026-07-25 20:47:10.381502
movement,415,966,none,moved,0,0,1.6606,0.0,2026-07-25 20:47:10.386044
movement,360,923,none,moved,0,0,1218.3153,0.0,2026-07-25 20:47:10.436291
movement,292,907,none,moved,0,0,1145.4761,0.0,2026-07-25 20:47:10.491235
movement,253,915,none,moved,0,0,447.0509,0.0,2026-07-25 20:47:10.546198
movement,253,923,none,moved,0,0,148.9719,0.0,2026-07-25 20:47:10.600837
movement,267,939,none,moved,0,0,458.8671,0.0,2026-07-25 20:47:10.655627
movement,302,928,none,moved,0,0,1046.197,0.0,2026-07-25 20:47:10.710736
movement,381,858,none,moved,0,0,2194.4398,0.0,2026-07-25 20:47:10.765432
movement,469,773,none,moved,0,0,1946.0818,0.0,2026-07-25 20:47:10.820472
movement,540,701,none,moved,0,0,1258.8374,0.0,2026-07-25 20:47:10.875398
movement,557,677,none,moved,0,0,286.1932,0.0,2026-07-25 20:47:10.930525
movement,557,666,none,moved,0,0,144.6711,0.0,2026-07-25 20:47:10.985281
idle,556,665,none,idle_start,0,0,0.0,0.0,2026-07-25 20:47:12.758995
idle,567,659,none,idle_end,0,0,0.0,7.6387,2026-07-25 20:47:20.397711
movement,567,659,none,moved,0,0,1.3343,0.0,2026-07-25 20:47:20.398049
movement,726,603,none,moved,0,0,1589.7954,0.0,2026-07-25 20:47:20.452785
movement,762,593,none,moved,0,0,0.0,0.0,2026-07-25 20:47:20.507339
movement,759,595,none,moved,0,0,145.6507,0.0,2026-07-25 20:47:20.562585
movement,681,611,none,moved,0,0,2203.7684,0.0,2026-07-25 20:47:20.617519
movement,555,624,none,moved,0,0,2363.9172,0.0,2026-07-25 20:47:20.673421
movement,394,638,none,moved,0,0,2620.4779,0.0,2026-07-25 20:47:20.727077
movement,325,641,none,moved,0,0,428.3982,0.0,2026-07-25 20:47:20.782150
movement,322,638,none,moved,0,0,0.0,0.0,2026-07-25 20:47:20.836906
movement,353,627,none,moved,0,0,1554.4557,0.0,2026-07-25 20:47:20.891729
movement,569,566,none,moved,0,0,5594.2837,0.0,2026-07-25 20:47:20.946653
movement,834,501,none,moved,0,0,4831.8068,0.0,2026-07-25 20:47:21.001517
movement,969,476,none,moved,0,0,713.7035,0.0,2026-07-25 20:47:21.056820
movement,978,477,none,moved,0,0,29.0239,0.0,2026-07-25 20:47:21.132038
movement,977,477,none,moved,0,0,0.0,0.0,2026-07-25 20:47:21.207288
movement,969,477,none,moved,0,0,19.3453,0.0,2026-07-25 20:47:21.620825
movement,791,465,none,moved,0,0,4243.6723,0.0,2026-07-25 20:47:21.675921
movement,649,448,none,moved,0,0,1558.9113,0.0,2026-07-25 20:47:21.730669
movement,625,443,none,moved,0,0,0.0,0.0,2026-07-25 20:47:21.785618
movement,632,447,none,moved,0,0,330.4121,0.0,2026-07-25 20:47:21.840405
idle,653,463,none,idle_start,0,0,0.0,0.0,2026-07-25 20:47:23.803993
idle,642,463,none,idle_end,0,0,0.0,4.8505,2026-07-25 20:47:28.654493
movement,642,463,none,moved,0,0,1.6224,0.0,2026-07-25 20:47:28.664895
movement,475,477,none,moved,0,0,3903.9343,0.0,2026-07-25 20:47:28.709779
movement,338,511,none,moved,0,0,2044.7851,0.0,2026-07-25 20:47:28.764544
movement,281,533,none,moved,0,0,203.6755,0.0,2026-07-25 20:47:28.819328
movement,278,535,none,moved,0,0,20.7658,0.0,2026-07-25 20:47:28.888154
click,278,535,right,pressed,0,0,0.0,0.0,2026-07-25 20:47:29.350791
click,278,535,right,released,0,0,0.0,0.0,2026-07-25 20:47:29.527865
movement,277,536,none,moved,0,0,0.9969,0.0,2026-07-25 20:47:30.306775
movement,235,547,none,moved,0,0,201.5098,0.0,2026-07-25 20:47:30.361685
click,233,547,left,pressed,0,0,0.0,0.0,2026-07-25 20:47:30.633563
click,233,547,left,released,0,0,0.0,0.0,2026-07-25 20:47:30.859206
movement,239,549,none,moved,0,0,5.2522,0.0,2026-07-25 20:47:31.586451
movement,356,564,none,moved,0,0,2354.3866,0.0,2026-07-25 20:47:31.640832
movement,418,581,none,moved,0,0,644.654,0.0,2026-07-25 20:47:31.695538
movement,425,600,none,moved,0,0,295.811,0.0,2026-07-25 20:47:31.750281
movement,425,615,none,moved,0,0,297.4895,0.0,2026-07-25 20:47:31.805389
movement,425,616,none,moved,0,0,0.0,0.0,2026-07-25 20:47:31.860387
idle,428,616,none,idle_start,0,0,0.0,0.0,2026-07-25 20:47:33.856909
click,428,616,left,pressed,0,0,0.0,0.0,2026-07-25 20:47:35.473476
click,428,616,left,released,0,0,0.0,0.0,2026-07-25 20:47:35.829695
idle,430,616,none,idle_end,0,0,0.0,2.7201,2026-07-25 20:47:36.577028
movement,430,616,none,moved,0,0,0.4271,0.0,2026-07-25 20:47:36.590859
movement,438,616,none,moved,0,0,125.0091,0.0,2026-07-25 20:47:36.633127
movement,475,613,none,moved,0,0,1037.3267,0.0,2026-07-25 20:47:36.686919
movement,506,610,none,moved,0,0,140.1886,0.0,2026-07-25 20:47:36.741997
movement,511,608,none,moved,0,0,141.6086,0.0,2026-07-25 20:47:36.796946
movement,523,600,none,moved,0,0,325.8773,0.0,2026-07-25 20:47:36.851480
movement,522,596,none,moved,0,0,146.572,0.0,2026-07-25 20:47:36.906386
movement,486,594,none,moved,0,0,1302.2643,0.0,2026-07-25 20:47:36.961109
movement,382,610,none,moved,0,0,2560.396,0.0,2026-07-25 20:47:37.015974
movement,312,627,none,moved,0,0,291.6154,0.0,2026-07-25 20:47:37.070923
movement,308,630,none,moved,0,0,68.2089,0.0,2026-07-25 20:47:37.133688
movement,316,632,none,moved,0,0,18.4399,0.0,2026-07-25 20:47:37.756802
movement,542,653,none,moved,0,0,4736.2634,0.0,2026-07-25 20:47:37.811740
movement,726,702,none,moved,0,0,2778.9686,0.0,2026-07-25 20:47:37.866932
movement,772,725,none,moved,0,0,197.7741,0.0,2026-07-25 20:47:37.921343
movement,773,729,none,moved,0,0,143.6553,0.0,2026-07-25 20:47:37.976071
movement,770,730,none,moved,0,0,72.7767,0.0,2026-07-25 20:47:38.051503
movement,747,723,none,moved,0,0,929.1456,0.0,2026-07-25 20:47:38.106469
movement,739,733,none,moved,0,0,6.6489,0.0,2026-07-25 20:47:39.828189
movement,716,840,none,moved,0,0,1968.4464,0.0,2026-07-25 20:47:39.883061
movement,695,904,none,moved,0,0,830.326,0.0,2026-07-25 20:47:39.938138
movement,672,925,none,moved,0,0,202.8258,0.0,2026-07-25 20:47:39.993099
movement,663,935,none,moved,0,0,0.0,0.0,2026-07-25 20:47:40.047811
movement,645,938,none,moved,0,0,73.4271,0.0,2026-07-25 20:47:40.108459
movement,644,938,none,moved,0,0,0.0,0.0,2026-07-25 20:47:40.177100
idle,644,938,none,idle_start,0,0,0.0,0.0,2026-07-25 20:47:41.885913
movement,995,981,none,moved,0,0,0.0,0.0,2026-07-25 21:15:00.679416
movement,952,977,none,moved,0,0,953.0579,0.0,2026-07-25 21:15:00.734612
movement,898,967,none,moved,0,0,1021.3937,0.0,2026-07-25 21:15:00.788942
movement,841,962,none,moved,0,0,741.2789,0.0,2026-07-25 21:15:00.843622
movement,779,965,none,moved,0,0,1291.1255,0.0,2026-07-25 21:15:00.898793
movement,703,983,none,moved,0,0,1756.1835,0.0,2026-07-25 21:15:00.953889
movement,627,997,none,moved,0,0,1107.3635,0.0,2026-07-25 21:15:01.008682
movement,577,994,none,moved,0,0,466.6322,0.0,2026-07-25 21:15:01.063578
movement,573,959,none,moved,0,0,1032.3798,0.0,2026-07-25 21:15:01.118182
movement,585,905,none,moved,0,0,587.5368,0.0,2026-07-25 21:15:01.173211
movement,589,898,none,moved,0,0,336.4694,0.0,2026-07-25 21:15:01.228014
idle,593,895,none,idle_start,0,0,0.0,0.0,2026-07-25 21:15:03.122329
idle,593,885,none,idle_end,0,0,0.0,0.3191,2026-07-25 21:15:03.441649
movement,593,885,none,moved,0,0,4.5757,0.0,2026-07-25 21:15:03.444540
movement,610,520,none,moved,0,0,6658.0145,0.0,2026-07-25 21:15:03.495986
movement,611,323,none,moved,0,0,1964.686,0.0,2026-07-25 21:15:03.550889
movement,612,273,none,moved,0,0,0.0,0.0,2026-07-25 21:15:03.605774
movement,610,283,none,moved,0,0,11.1684,0.0,2026-07-25 21:15:04.752300
movement,550,529,none,moved,0,0,4764.3333,0.0,2026-07-25 21:15:04.807336
movement,541,646,none,moved,0,0,1441.1435,0.0,2026-07-25 21:15:04.862193
movement,537,689,none,moved,0,0,205.1903,0.0,2026-07-25 21:15:04.917115
movement,530,692,none,moved,0,0,284.5911,0.0,2026-07-25 21:15:04.972079
movement,520,701,none,moved,0,0,341.5671,0.0,2026-07-25 21:15:05.026628
movement,503,736,none,moved,0,0,1056.2453,0.0,2026-07-25 21:15:05.081641
movement,491,777,none,moved,0,0,597.5785,0.0,2026-07-25 21:15:05.141824
movement,488,810,none,moved,0,0,674.4772,0.0,2026-07-25 21:15:05.198658
movement,495,831,none,moved,0,0,151.6543,0.0,2026-07-25 21:15:05.252974
movement,503,823,none,moved,0,0,14.0978,0.0,2026-07-25 21:15:06.843350
movement,569,614,none,moved,0,0,2510.2374,0.0,2026-07-25 21:15:06.898012
movement,584,537,none,moved,0,0,583.4539,0.0,2026-07-25 21:15:06.952875
movement,579,524,none,moved,0,0,144.716,0.0,2026-07-25 21:15:07.007913
movement,578,523,none,moved,0,0,0.0,0.0,2026-07-25 21:15:07.069461
click,578,522,right,pressed,0,0,0.0,0.0,2026-07-25 21:15:07.467636
click,578,522,right,released,0,0,0.0,0.0,2026-07-25 21:15:07.533320
movement,576,521,none,moved,0,0,1.9109,0.0,2026-07-25 21:15:08.246394
movement,519,495,none,moved,0,0,1115.2846,0.0,2026-07-25 21:15:08.301200
movement,487,482,none,moved,0,0,457.0645,0.0,2026-07-25 21:15:08.356214
movement,475,477,none,moved,0,0,16.2078,0.0,2026-07-25 21:15:08.465828
movement,475,478,none,moved,0,0,48.4269,0.0,2026-07-25 21:15:08.527570
click,475,480,left,pressed,0,0,0.0,0.0,2026-07-25 21:15:08.854946
click,475,480,left,released,0,0,0.0,0.0,2026-07-25 21:15:09.074080
movement,476,483,none,moved,0,0,2.564,0.0,2026-07-25 21:15:09.808885
movement,483,509,none,moved,0,0,146.0412,0.0,2026-07-25 21:15:09.863044
movement,483,511,none,moved,0,0,0.0,0.0,2026-07-25 21:15:09.945419
click,483,507,right,pressed,0,0,0.0,0.0,2026-07-25 21:15:10.234450
click,483,507,right,released,0,0,0.0,0.0,2026-07-25 21:15:10.419761
movement,480,507,none,moved,0,0,2.555,0.0,2026-07-25 21:15:11.167433
movement,436,506,none,moved,0,0,738.824,0.0,2026-07-25 21:15:11.222181
movement,419,506,none,moved,0,0,72.9901,0.0,2026-07-25 21:15:11.283766
click,420,506,left,pressed,0,0,0.0,0.0,2026-07-25 21:15:11.561467
click,420,506,left,released,0,0,0.0,0.0,2026-07-25 21:15:11.787190
movement,414,506,none,moved,0,0,5.0149,0.0,2026-07-25 21:15:12.514456
movement,366,509,none,moved,0,0,440.3777,0.0,2026-07-25 21:15:12.568492
movement,362,509,none,moved,0,0,0.0,0.0,2026-07-25 21:15:12.623591
idle,362,509,none,idle_start,0,0,0.0,0.0,2026-07-25 21:15:14.175323
idle,373,505,none,idle_end,0,0,0.0,6.6516,2026-07-25 21:15:20.826940
movement,373,505,none,moved,0,0,1.4268,0.0,2026-07-25 21:15:20.827824
movement,699,407,none,moved,0,0,8749.1636,0.0,2026-07-25 21:15:20.881337
movement,1124,260,none,moved,0,0,7431.7836,0.0,2026-07-25 21:15:20.936570
movement,1396,119,none,moved,0,0,2338.7484,0.0,2026-07-25 21:15:20.991537
movement,1456,90,none,moved,0,0,287.4386,0.0,2026-07-25 21:15:21.045964
movement,1451,106,none,moved,0,0,28.9657,0.0,2026-07-25 21:15:21.642717
movement,1351,372,none,moved,0,0,4869.042,0.0,2026-07-25 21:15:21.697203
movement,1303,505,none,moved,0,0,883.7656,0.0,2026-07-25 21:15:21.751622
movement,1296,523,none,moved,0,0,462.9351,0.0,2026-07-25 21:15:21.806281
movement,1301,525,none,moved,0,0,12.6555,0.0,2026-07-25 21:15:22.826465
movement,1472,245,none,moved,0,0,9087.445,0.0,2026-07-25 21:15:22.881213
movement,1696,-11,none,moved,0,0,5388.2566,0.0,2026-07-25 21:15:22.936205
movement,1822,-6,none,moved,0,0,887.685,0.0,2026-07-25 21:15:22.991028
movement,1830,0,none,moved,0,0,0.0,0.0,2026-07-25 21:15:23.059866
movement,1830,2,none,moved,0,0,0.0,0.0,2026-07-25 21:15:23.135321
movement,1827,2,none,moved,0,0,72.2689,0.0,2026-07-25 21:15:23.197386
movement,1825,2,none,moved,0,0,0.0,0.0,2026-07-25 21:15:23.265755
movement,1822,2,none,moved,0,0,0.0,0.0,2026-07-25 21:15:23.327782
movement,1817,1,none,moved,0,0,207.5089,0.0,2026-07-25 21:15:23.383190
movement,1817,1,none,moved,0,0,0.0,0.0,2026-07-25 21:15:23.465311
movement,1819,2,none,moved,0,0,48.0365,0.0,2026-07-25 21:15:23.520259
movement,1822,5,none,moved,0,0,74.1934,0.0,2026-07-25 21:15:23.580975
movement,1824,9,none,moved,0,0,143.7538,0.0,2026-07-25 21:15:23.635804
movement,1828,14,none,moved,0,0,207.6251,0.0,2026-07-25 21:15:23.690588
movement,1829,19,none,moved,0,0,71.9213,0.0,2026-07-25 21:15:23.752457
movement,1831,22,none,moved,0,0,102.3738,0.0,2026-07-25 21:15:23.807399
movement,1831,25,none,moved,0,0,20.8685,0.0,2026-07-25 21:15:23.889637
movement,1830,25,none,moved,0,0,0.0,0.0,2026-07-25 21:15:23.951316
movement,1828,22,none,moved,0,0,36.5332,0.0,2026-07-25 21:15:24.026774
movement,1826,21,none,moved,0,0,20.5902,0.0,2026-07-25 21:15:24.116058
movement,1826,19,none,moved,0,0,20.8319,0.0,2026-07-25 21:15:24.205077
movement,1824,22,none,moved,0,0,7.3131,0.0,2026-07-25 21:15:24.844072
movement,1722,191,none,moved,0,0,5733.3843,0.0,2026-07-25 21:15:24.899238
movement,1570,532,none,moved,0,0,7052.0768,0.0,2026-07-25 21:15:24.953835
movement,1485,817,none,moved,0,0,4133.5877,0.0,2026-07-25 21:15:25.008883
movement,1486,957,none,moved,0,0,2336.0945,0.0,2026-07-25 21:15:25.064099
movement,1523,1054,none,moved,0,0,1682.1551,0.0,2026-07-25 21:15:25.118712
movement,1534,1082,none,moved,0,0,47.0735,0.0,2026-07-25 21:15:25.437307
movement,1445,1083,none,moved,0,0,1188.5961,0.0,2026-07-25 21:15:25.491864
movement,1416,1080,none,moved,0,0,0.0,0.0,2026-07-25 21:15:25.546859
movement,1415,1080,none,moved,0,0,71.9694,0.0,2026-07-25 21:15:25.608656
movement,1413,1080,none,moved,0,0,206.2749,0.0,2026-07-25 21:15:25.663890
movement,1398,1080,none,moved,0,0,275.0634,0.0,2026-07-25 21:15:25.718530
movement,1367,1080,none,moved,0,0,604.4585,0.0,2026-07-25 21:15:25.772898
movement,1353,1079,none,moved,0,0,0.0,0.0,2026-07-25 21:15:25.827888
movement,1348,1080,none,moved,0,0,12.4706,0.0,2026-07-25 21:15:26.116330
movement,1294,1079,none,moved,0,0,800.1069,0.0,2026-07-25 21:15:26.170647
movement,1273,1053,none,moved,0,0,1055.4147,0.0,2026-07-25 21:15:26.225759
movement,1291,955,none,moved,0,0,1875.4362,0.0,2026-07-25 21:15:26.280471
movement,1321,876,none,moved,0,0,604.3107,0.0,2026-07-25 21:15:26.335291
movement,1340,864,none,moved,0,0,582.6082,0.0,2026-07-25 21:15:26.390577
movement,1389,881,none,moved,0,0,1210.8554,0.0,2026-07-25 21:15:26.445003
movement,1441,923,none,moved,0,0,1305.6546,0.0,2026-07-25 21:15:26.500533
movement,1469,966,none,moved,0,0,919.6422,0.0,2026-07-25 21:15:26.555500
movement,1457,1006,none,moved,0,0,1529.0404,0.0,2026-07-25 21:15:26.610035
movement,1414,1064,none,moved,0,0,1268.077,0.0,2026-07-25 21:15:26.664698
movement,1378,1081,none,moved,0,0,465.8455,0.0,2026-07-25 21:15:26.719922
movement,1372,1078,none,moved,0,0,74.0337,0.0,2026-07-25 21:15:26.782154
movement,1374,1071,none,moved,0,0,208.7724,0.0,2026-07-25 21:15:26.836204
movement,1376,1070,none,moved,0,0,2.0642,0.0,2026-07-25 21:15:27.327351
movement,1397,1067,none,moved,0,0,286.8292,0.0,2026-07-25 21:15:27.381972
movement,1403,1068,none,moved,0,0,20.6922,0.0,2026-07-25 21:15:27.471235
click,1403,1068,left,pressed,0,0,0.0,0.0,2026-07-25 21:15:27.737072
click,1403,1068,left,released,0,0,0.0,0.0,2026-07-25 21:15:27.963575
movement,1399,1061,none,moved,0,0,6.7043,0.0,2026-07-25 21:15:28.701125
movement,1281,851,none,moved,0,0,6178.2678,0.0,2026-07-25 21:15:28.755934
movement,1107,471,none,moved,0,0,4434.6951,0.0,2026-07-25 21:15:28.839912
movement,1079,439,none,moved,0,0,209.3102,0.0,2026-07-25 21:15:28.892988
scroll,1079,439,none,scrolled_down,0,-1,0.0,0.0,2026-07-25 21:15:29.186331
scroll,1079,439,none,scrolled_down,0,-2,0.0,0.0,2026-07-25 21:15:29.208699
scroll,1079,439,none,scrolled_down,0,-1,0.0,0.0,2026-07-25 21:15:29.235054
scroll,1079,439,none,scrolled_down,0,-1,0.0,0.0,2026-07-25 21:15:29.238912
scroll,1079,439,none,scrolled_down,0,-1,0.0,0.0,2026-07-25 21:15:29.241887
scroll,1079,439,none,scrolled_down,0,-1,0.0,0.0,2026-07-25 21:15:29.249759
scroll,1079,439,none,scrolled_down,0,-1,0.0,0.0,2026-07-25 21:15:29.255798
scroll,1079,439,none,scrolled_down,0,-1,0.0,0.0,2026-07-25 21:15:29.263071
scroll,1079,439,none,scrolled_down,0,-1,0.0,0.0,2026-07-25 21:15:29.269329
scroll,1079,439,none,scrolled_down,0,-1,0.0,0.0,2026-07-25 21:15:29.276389
scroll,1079,439,none,scrolled_down,0,-1,0.0,0.0,2026-07-25 21:15:29.289534
scroll,1079,439,none,scrolled_down,0,-1,0.0,0.0,2026-07-25 21:15:29.303901
scroll,1079,439,none,scrolled_down,0,-1,0.0,0.0,2026-07-25 21:15:29.331003
scroll,1079,439,none,scrolled_down,0,-1,0.0,0.0,2026-07-25 21:15:29.336358
scroll,1079,439,none,scrolled_down,0,-2,0.0,0.0,2026-07-25 21:15:29.396570
scroll,1079,439,none,scrolled_down,0,-1,0.0,0.0,2026-07-25 21:15:29.412403
scroll,1079,439,none,scrolled_down,0,-1,0.0,0.0,2026-07-25 21:15:29.430535
scroll,1079,439,none,scrolled_down,0,-1,0.0,0.0,2026-07-25 21:15:29.457095
scroll,1079,439,none,scrolled_down,0,-1,0.0,0.0,2026-07-25 21:15:29.461226
scroll,1079,439,none,scrolled_down,0,-1,0.0,0.0,2026-07-25 21:15:29.476200
scroll,1079,439,none,scrolled_down,0,-1,0.0,0.0,2026-07-25 21:15:29.496346
scroll,1079,439,none,scrolled_down,0,-1,0.0,0.0,2026-07-25 21:15:29.507300
movement,1078,441,none,moved,0,0,2.5411,0.0,2026-07-25 21:15:29.772948
movement,1067,456,none,moved,0,0,329.4372,0.0,2026-07-25 21:15:29.827821
movement,1016,437,none,moved,0,0,1575.3321,0.0,2026-07-25 21:15:29.882691
movement,905,363,none,moved,0,0,2568.9404,0.0,2026-07-25 21:15:29.937830
movement,815,305,none,moved,0,0,1389.0678,0.0,2026-07-25 21:15:29.992692
movement,801,294,none,moved,0,0,72.7811,0.0,2026-07-25 21:15:30.054466
click,803,294,left,pressed,0,0,0.0,0.0,2026-07-25 21:15:30.332627
click,803,294,left,released,0,0,0.0,0.0,2026-07-25 21:15:30.548553
movement,802,296,none,moved,0,0,2.8246,0.0,2026-07-25 21:15:30.866228
movement,780,336,none,moved,0,0,522.1773,0.0,2026-07-25 21:15:30.919283
movement,778,345,none,moved,0,0,128.5177,0.0,2026-07-25 21:15:30.975425
movement,778,347,none,moved,0,0,35.6822,0.0,2026-07-25 21:15:31.050212
click,778,347,left,pressed,0,0,0.0,0.0,2026-07-25 21:15:31.372100
click,778,347,left,released,0,0,0.0,0.0,2026-07-25 21:15:31.590960
movement,778,347,none,moved,0,0,0.0,0.0,2026-07-25 21:15:32.029204
movement,757,341,none,moved,0,0,308.9158,0.0,2026-07-25 21:15:32.083018
movement,727,336,none,moved,0,0,448.5932,0.0,2026-07-25 21:15:32.138437
movement,713,334,none,moved,0,0,141.2652,0.0,2026-07-25 21:15:32.193143
movement,711,333,none,moved,0,0,12.1869,0.0,2026-07-25 21:15:32.302761
click,711,333,left,pressed,0,0,0.0,0.0,2026-07-25 21:15:32.541856
movement,715,333,none,moved,0,0,8.9716,0.0,2026-07-25 21:15:32.748611
movement,794,332,none,moved,0,0,1504.953,0.0,2026-07-25 21:15:32.803257
movement,888,329,none,moved,0,0,1794.9306,0.0,2026-07-25 21:15:32.858593
movement,969,320,none,moved,0,0,1419.3548,0.0,2026-07-25 21:15:32.913354
movement,1017,321,none,moved,0,0,488.3344,0.0,2026-07-25 21:15:32.967904
movement,1037,322,none,moved,0,0,0.0,0.0,2026-07-25 21:15:33.023794
movement,1038,322,none,moved,0,0,0.0,0.0,2026-07-25 21:15:33.160049
click,1038,322,left,released,0,0,0.0,0.0,2026-07-25 21:15:33.194425
movement,1043,322,none,moved,0,0,10.1875,0.0,2026-07-25 21:15:33.664654
movement,1148,319,none,moved,0,0,1741.9412,0.0,2026-07-25 21:15:33.719441
movement,1195,321,none,moved,0,0,450.7904,0.0,2026-07-25 21:15:33.774310
movement,1200,322,none,moved,0,0,48.297,0.0,2026-07-25 21:15:33.829578
click,1200,322,left,pressed,0,0,0.0,0.0,2026-07-25 21:15:34.076506
click,1200,322,left,released,0,0,0.0,0.0,2026-07-25 21:15:34.301515
movement,1194,324,none,moved,0,0,8.4388,0.0,2026-07-25 21:15:34.592777
movement,1101,349,none,moved,0,0,1622.0608,0.0,2026-07-25 21:15:34.647999
movement,1013,346,none,moved,0,0,1321.0994,0.0,2026-07-25 21:15:34.698031
movement,908,333,none,moved,0,0,2097.3267,0.0,2026-07-25 21:15:34.749879
movement,837,329,none,moved,0,0,1368.0052,0.0,2026-07-25 21:15:34.804956
movement,801,333,none,moved,0,0,450.9681,0.0,2026-07-25 21:15:34.859751
movement,791,331,none,moved,0,0,149.2688,0.0,2026-07-25 21:15:34.914693
movement,780,333,none,moved,0,0,323.4609,0.0,2026-07-25 21:15:34.969615
movement,733,334,none,moved,0,0,1158.2076,0.0,2026-07-25 21:15:35.024416
movement,637,335,none,moved,0,0,2084.7007,0.0,2026-07-25 21:15:35.079287
movement,537,336,none,moved,0,0,1467.7202,0.0,2026-07-25 21:15:35.134198
movement,477,344,none,moved,0,0,440.4085,0.0,2026-07-25 21:15:35.189028
movement,466,345,none,moved,0,0,9.6526,0.0,2026-07-25 21:15:35.326654
movement,461,345,none,moved,0,0,280.8184,0.0,2026-07-25 21:15:35.381257
movement,442,346,none,moved,0,0,336.5781,0.0,2026-07-25 21:15:35.435827
movement,435,344,none,moved,0,0,45.7045,0.0,2026-07-25 21:15:35.505796
movement,435,343,none,moved,0,0,0.0,0.0,2026-07-25 21:15:35.566429
movement,435,343,none,moved,0,0,0.0,0.0,2026-07-25 21:15:35.621015
movement,437,343,none,moved,0,0,48.7421,0.0,2026-07-25 21:15:35.675931
movement,437,347,none,moved,0,0,8.2748,0.0,2026-07-25 21:15:36.159332
movement,428,387,none,moved,0,0,278.3122,0.0,2026-07-25 21:15:36.214051
movement,425,394,none,moved,0,0,51.0547,0.0,2026-07-25 21:15:36.282665
movement,423,392,none,moved,0,0,223.703,0.0,2026-07-25 21:15:36.340533
click,423,392,left,pressed,0,0,0.0,0.0,2026-07-25 21:15:36.584385
click,423,392,left,released,0,0,0.0,0.0,2026-07-25 21:15:36.810467
movement,417,389,none,moved,0,0,9.8581,0.0,2026-07-25 21:15:37.021010
movement,380,329,none,moved,0,0,1455.4171,0.0,2026-07-25 21:15:37.075660
movement,366,288,none,moved,0,0,778.7821,0.0,2026-07-25 21:15:37.130455
movement,357,265,none,moved,0,0,207.2913,0.0,2026-07-25 21:15:37.185343
movement,356,262,none,moved,0,0,16.2384,0.0,2026-07-25 21:15:37.295221
movement,342,240,none,moved,0,0,1016.1792,0.0,2026-07-25 21:15:37.350134
movement,298,203,none,moved,0,0,945.8898,0.0,2026-07-25 21:15:37.404851
movement,274,188,none,moved,0,0,329.6457,0.0,2026-07-25 21:15:37.459791
movement,270,187,none,moved,0,0,0.0,0.0,2026-07-25 21:15:37.514982
movement,267,186,none,moved,0,0,0.0,0.0,2026-07-25 21:15:37.569713
movement,258,185,none,moved,0,0,297.1628,0.0,2026-07-25 21:15:37.624210
movement,244,182,none,moved,0,0,290.5246,0.0,2026-07-25 21:15:37.679132
movement,221,176,none,moved,0,0,684.1348,0.0,2026-07-25 21:15:37.733986
movement,189,175,none,moved,0,0,897.0174,0.0,2026-07-25 21:15:37.788773
movement,151,184,none,moved,0,0,569.1853,0.0,2026-07-25 21:15:37.843842
movement,141,185,none,moved,0,0,0.0,0.0,2026-07-25 21:15:37.926010
movement,142,185,none,moved,0,0,12.4506,0.0,2026-07-25 21:15:38.047402
click,142,185,left,pressed,0,0,0.0,0.0,2026-07-25 21:15:38.320084
click,142,185,left,released,0,0,0.0,0.0,2026-07-25 21:15:38.537158
movement,142,189,none,moved,0,0,5.1098,0.0,2026-07-25 21:15:38.830208
movement,136,224,none,moved,0,0,459.4552,0.0,2026-07-25 21:15:38.884993
movement,132,232,none,moved,0,0,141.5751,0.0,2026-07-25 21:15:38.939962
movement,130,236,none,moved,0,0,35.6177,0.0,2026-07-25 21:15:38.995462
movement,128,236,none,moved,0,0,21.0227,0.0,2026-07-25 21:15:39.063433
movement,128,236,none,moved,0,0,0.0,0.0,2026-07-25 21:15:39.174258
click,128,236,left,pressed,0,0,0.0,0.0,2026-07-25 21:15:39.414176
click,128,236,left,released,0,0,0.0,0.0,2026-07-25 21:15:39.627726
movement,129,233,none,moved,0,0,4.2036,0.0,2026-07-25 21:15:39.926534
movement,196,159,none,moved,0,0,1878.6786,0.0,2026-07-25 21:15:39.980159
movement,240,125,none,moved,0,0,608.1572,0.0,2026-07-25 21:15:40.034984
movement,248,121,none,moved,0,0,0.0,0.0,2026-07-25 21:15:40.110472
movement,247,122,none,moved,0,0,36.3426,0.0,2026-07-25 21:15:40.178992
movement,243,122,none,moved,0,0,155.1607,0.0,2026-07-25 21:15:40.233968
movement,220,118,none,moved,0,0,626.7826,0.0,2026-07-25 21:15:40.289126
movement,191,113,none,moved,0,0,563.5467,0.0,2026-07-25 21:15:40.343976
movement,170,104,none,moved,0,0,420.0433,0.0,2026-07-25 21:15:40.398927
movement,148,101,none,moved,0,0,288.8142,0.0,2026-07-25 21:15:40.453476
movement,119,98,none,moved,0,0,452.4437,0.0,2026-07-25 21:15:40.508390
movement,97,95,none,moved,0,0,462.4509,0.0,2026-07-25 21:15:40.562956
movement,92,94,none,moved,0,0,0.0,0.0,2026-07-25 21:15:40.666075
movement,92,95,none,moved,0,0,0.0,0.0,2026-07-25 21:15:40.727775
movement,95,101,none,moved,0,0,141.5178,0.0,2026-07-25 21:15:40.782622
movement,98,108,none,moved,0,0,154.1117,0.0,2026-07-25 21:15:40.837140
movement,99,110,none,moved,0,0,24.2743,0.0,2026-07-25 21:15:40.905789
movement,99,116,none,moved,0,0,8.7864,0.0,2026-07-25 21:15:41.509123
movement,99,161,none,moved,0,0,752.6655,0.0,2026-07-25 21:15:41.564273
movement,107,200,none,moved,0,0,709.1127,0.0,2026-07-25 21:15:41.619224
movement,110,228,none,moved,0,0,280.2836,0.0,2026-07-25 21:15:41.674744
movement,113,237,none,moved,0,0,103.7926,0.0,2026-07-25 21:15:41.728817
movement,114,244,none,moved,0,0,130.2862,0.0,2026-07-25 21:15:41.784409
movement,114,246,none,moved,0,0,0.0,0.0,2026-07-25 21:15:41.859335
movement,114,246,none,moved,0,0,0.0,0.0,2026-07-25 21:15:41.934771
movement,115,246,none,moved,0,0,71.7822,0.0,2026-07-25 21:15:41.996322
movement,123,251,none,moved,0,0,328.1922,0.0,2026-07-25 21:15:42.051070
movement,133,254,none,moved,0,0,143.8623,0.0,2026-07-25 21:15:42.106011
movement,154,256,none,moved,0,0,445.76,0.0,2026-07-25 21:15:42.160707
movement,184,257,none,moved,0,0,737.473,0.0,2026-07-25 21:15:42.215517
movement,226,260,none,moved,0,0,719.1633,0.0,2026-07-25 21:15:42.270573
movement,272,262,none,moved,0,0,430.3174,0.0,2026-07-25 21:15:42.325481
movement,295,263,none,moved,0,0,222.2588,0.0,2026-07-25 21:15:42.380326
movement,297,259,none,moved,0,0,300.1291,0.0,2026-07-25 21:15:42.435045
movement,307,245,none,moved,0,0,920.568,0.0,2026-07-25 21:15:42.490093
movement,374,196,none,moved,0,0,1770.9123,0.0,2026-07-25 21:15:42.544990
movement,426,173,none,moved,0,0,358.556,0.0,2026-07-25 21:15:42.599814
movement,429,171,none,moved,0,0,18.2635,0.0,2026-07-25 21:15:42.695827
movement,429,169,none,moved,0,0,5.9418,0.0,2026-07-25 21:15:43.032428
movement,403,138,none,moved,0,0,807.9604,0.0,2026-07-25 21:15:43.087120
movement,366,109,none,moved,0,0,656.4074,0.0,2026-07-25 21:15:43.142158
movement,337,104,none,moved,0,0,594.5151,0.0,2026-07-25 21:15:43.196637
movement,319,104,none,moved,0,0,0.0,0.0,2026-07-25 21:15:43.253229
movement,317,105,none,moved,0,0,20.7377,0.0,2026-07-25 21:15:43.333810
movement,316,105,none,moved,0,0,16.2239,0.0,2026-07-25 21:15:43.395448
movement,311,105,none,moved,0,0,142.7848,0.0,2026-07-25 21:15:43.450451
movement,308,103,none,moved,0,0,0.0,0.0,2026-07-25 21:15:43.512396
click,308,101,left,pressed,0,0,0.0,0.0,2026-07-25 21:15:43.875092
click,308,101,left,released,0,0,0.0,0.0,2026-07-25 21:15:44.094036
movement,308,103,none,moved,0,0,2.2324,0.0,2026-07-25 21:15:44.456105
movement,322,141,none,moved,0,0,639.511,0.0,2026-07-25 21:15:44.510957
movement,328,152,none,moved,0,0,143.0039,0.0,2026-07-25 21:15:44.565654
movement,328,155,none,moved,0,0,21.6742,0.0,2026-07-25 21:15:44.646167
movement,328,155,none,moved,0,0,0.0,0.0,2026-07-25 21:15:44.709771
movement,328,156,none,moved,0,0,19.4923,0.0,2026-07-25 21:15:44.761075
movement,328,157,none,moved,0,0,0.0,0.0,2026-07-25 21:15:44.819573
click,328,157,left,pressed,0,0,0.0,0.0,2026-07-25 21:15:45.095476
click,328,157,left,released,0,0,0.0,0.0,2026-07-25 21:15:45.311464
movement,330,157,none,moved,0,0,2.0662,0.0,2026-07-25 21:15:45.787548
movement,359,145,none,moved,0,0,353.3607,0.0,2026-07-25 21:15:45.845781
movement,381,137,none,moved,0,0,203.2498,0.0,2026-07-25 21:15:45.897512
movement,396,135,none,moved,0,0,329.4025,0.0,2026-07-25 21:15:45.952124
movement,410,134,none,moved,0,0,275.4156,0.0,2026-07-25 21:15:46.007339
movement,428,131,none,moved,0,0,336.3126,0.0,2026-07-25 21:15:46.061777
movement,443,129,none,moved,0,0,145.4992,0.0,2026-07-25 21:15:46.116628
movement,447,129,none,moved,0,0,48.6962,0.0,2026-07-25 21:15:46.171425
movement,450,131,none,moved,0,0,149.8073,0.0,2026-07-25 21:15:46.226637
movement,461,137,none,moved,0,0,349.3407,0.0,2026-07-25 21:15:46.281434
movement,488,144,none,moved,0,0,555.6289,0.0,2026-07-25 21:15:46.336647
movement,510,141,none,moved,0,0,317.7503,0.0,2026-07-25 21:15:46.390948
movement,518,136,none,moved,0,0,72.0696,0.0,2026-07-25 21:15:46.446228
movement,519,134,none,moved,0,0,48.8687,0.0,2026-07-25 21:15:46.500824
movement,519,132,none,moved,0,0,36.2365,0.0,2026-07-25 21:15:46.569479
movement,519,129,none,moved,0,0,47.4211,0.0,2026-07-25 21:15:46.638454
movement,519,128,none,moved,0,0,0.0,0.0,2026-07-25 21:15:46.699678
movement,518,131,none,moved,0,0,4.809,0.0,2026-07-25 21:15:47.337185
movement,520,167,none,moved,0,0,460.636,0.0,2026-07-25 21:15:47.391689
movement,524,187,none,moved,0,0,291.352,0.0,2026-07-25 21:15:47.446075
click,524,191,left,pressed,0,0,0.0,0.0,2026-07-25 21:15:47.828272
click,524,191,left,released,0,0,0.0,0.0,2026-07-25 21:15:48.054952
movement,534,191,none,moved,0,0,7.8771,0.0,2026-07-25 21:15:48.756499
movement,678,197,none,moved,0,0,2485.037,0.0,2026-07-25 21:15:48.811068
movement,762,193,none,moved,0,0,749.9203,0.0,2026-07-25 21:15:48.865821
movement,771,193,none,moved,0,0,36.4184,0.0,2026-07-25 21:15:48.941436
movement,774,192,none,moved,0,0,3.8658,0.0,2026-07-25 21:15:49.800551
movement,833,185,none,moved,0,0,689.72,0.0,2026-07-25 21:15:49.856018
movement,852,182,none,moved,0,0,146.3163,0.0,2026-07-25 21:15:49.911063
movement,852,182,none,moved,0,0,0.0,0.0,2026-07-25 21:15:49.972685
movement,851,184,none,moved,0,0,28.5057,0.0,2026-07-25 21:15:50.041396
movement,851,185,none,moved,0,0,9.1739,0.0,2026-07-25 21:15:50.185324
movement,851,187,none,moved,0,0,45.9272,0.0,2026-07-25 21:15:50.254296
movement,851,191,none,moved,0,0,71.9176,0.0,2026-07-25 21:15:50.315257
movement,851,213,none,moved,0,0,558.8493,0.0,2026-07-25 21:15:50.370011
movement,850,233,none,moved,0,0,311.1625,0.0,2026-07-25 21:15:50.424928
movement,850,238,none,moved,0,0,0.0,0.0,2026-07-25 21:15:50.486329
movement,850,240,none,moved,0,0,0.0,0.0,2026-07-25 21:15:50.555507
movement,851,240,none,moved,0,0,18.1611,0.0,2026-07-25 21:15:50.610568
click,851,240,left,pressed,0,0,0.0,0.0,2026-07-25 21:15:50.878343
click,851,240,left,released,0,0,0.0,0.0,2026-07-25 21:15:51.094673
movement,856,239,none,moved,0,0,5.9472,0.0,2026-07-25 21:15:51.502572
movement,941,206,none,moved,0,0,1907.6357,0.0,2026-07-25 21:15:51.557503
movement,1034,183,none,moved,0,0,1615.7862,0.0,2026-07-25 21:15:51.612526
movement,1064,179,none,moved,0,0,252.8441,0.0,2026-07-25 21:15:51.668328
movement,1066,179,none,moved,0,0,0.0,0.0,2026-07-25 21:15:51.722315
movement,1066,179,none,moved,0,0,0.0,0.0,2026-07-25 21:15:51.880072
movement,1066,178,none,moved,0,0,29.28,0.0,2026-07-25 21:15:51.941815
movement,1057,182,none,moved,0,0,5.6776,0.0,2026-07-25 21:15:53.676520
movement,898,332,none,moved,0,0,6598.1811,0.0,2026-07-25 21:15:53.731196
movement,711,531,none,moved,0,0,4692.4316,0.0,2026-07-25 21:15:53.786308
movement,588,638,none,moved,0,0,1848.2313,0.0,2026-07-25 21:15:53.841119
movement,566,661,none,moved,0,0,0.0,0.0,2026-07-25 21:15:53.895876
movement,568,667,none,moved,0,0,205.8168,0.0,2026-07-25 21:15:53.950800
movement,580,679,none,moved,0,0,320.7177,0.0,2026-07-25 21:15:54.005736
movement,588,692,none,moved,0,0,518.3116,0.0,2026-07-25 21:15:54.060642
movement,593,752,none,moved,0,0,1524.1159,0.0,2026-07-25 21:15:54.115294
movement,592,781,none,moved,0,0,50.2125,0.0,2026-07-25 21:15:54.183809
movement,591,791,none,moved,0,0,35.2073,0.0,2026-07-25 21:15:54.469266
movement,579,882,none,moved,0,0,549.4205,0.0,2026-07-25 21:15:54.523872
movement,576,885,none,moved,0,0,3.2107,0.0,2026-07-25 21:15:56.138871
movement,560,805,none,moved,0,0,1118.9935,0.0,2026-07-25 21:15:56.190087
movement,553,774,none,moved,0,0,0.0,0.0,2026-07-25 21:15:56.241862
movement,553,777,none,moved,0,0,146.7617,0.0,2026-07-25 21:15:56.296002
movement,574,806,none,moved,0,0,1080.9792,0.0,2026-07-25 21:15:56.346343
movement,631,874,none,moved,0,0,1548.0747,0.0,2026-07-25 21:15:56.399680
movement,678,922,none,moved,0,0,1021.5867,0.0,2026-07-25 21:15:56.453947
movement,682,927,none,moved,0,0,0.0,0.0,2026-07-25 21:15:56.509323
movement,672,925,none,moved,0,0,565.1305,0.0,2026-07-25 21:15:56.565350
movement,597,887,none,moved,0,0,1317.9433,0.0,2026-07-25 21:15:56.621567
movement,535,847,none,moved,0,0,684.1834,0.0,2026-07-25 21:15:56.674968
idle,517,833,none,idle_start,0,0,0.0,0.0,2026-07-25 21:15:58.437120
idle,510,835,none,idle_end,0,0,0.0,3.7954,2026-07-25 21:16:02.232530
movement,510,835,none,moved,0,0,1.3161,0.0,2026-07-25 21:16:02.232930
movement,449,874,none,moved,0,0,1064.801,0.0,2026-07-25 21:16:02.289840
movement,401,900,none,moved,0,0,747.8961,0.0,2026-07-25 21:16:02.342074
movement,354,917,none,moved,0,0,523.1487,0.0,2026-07-25 21:16:02.399045
movement,318,942,none,moved,0,0,1002.5376,0.0,2026-07-25 21:16:02.451980
movement,289,968,none,moved,0,0,411.9196,0.0,2026-07-25 21:16:02.506532
movement,287,970,none,moved,0,0,0.0,0.0,2026-07-25 21:16:02.568458
movement,299,967,none,moved,0,0,579.7177,0.0,2026-07-25 21:16:02.623490
movement,335,963,none,moved,0,0,751.4701,0.0,2026-07-25 21:16:02.677966
movement,369,955,none,moved,0,0,426.3515,0.0,2026-07-25 21:16:02.733133
movement,386,950,none,moved,0,0,399.841,0.0,2026-07-25 21:16:02.788796
movement,410,946,none,moved,0,0,647.7473,0.0,2026-07-25 21:16:02.842910
movement,451,943,none,moved,0,0,715.5806,0.0,2026-07-25 21:16:02.897529
movement,478,943,none,moved,0,0,437.6208,0.0,2026-07-25 21:16:02.952312
movement,489,942,none,moved,0,0,7.6841,0.0,2026-07-25 21:16:03.130729
movement,506,938,none,moved,0,0,621.199,0.0,2026-07-25 21:16:03.185898
movement,547,920,none,moved,0,0,624.6996,0.0,2026-07-25 21:16:03.240914
movement,563,912,none,moved,0,0,205.6599,0.0,2026-07-25 21:16:03.295332
movement,565,911,none,moved,0,0,24.3468,0.0,2026-07-25 21:16:03.385071
movement,566,909,none,moved,0,0,52.684,0.0,2026-07-25 21:16:03.439418
movement,566,907,none,moved,0,0,47.8414,0.0,2026-07-25 21:16:03.501912
movement,560,903,none,moved,0,0,13.7484,0.0,2026-07-25 21:16:03.965689
movement,509,915,none,moved,0,0,776.0382,0.0,2026-07-25 21:16:04.019570
movement,487,913,none,moved,0,0,317.5577,0.0,2026-07-25 21:16:04.074858
movement,481,906,none,moved,0,0,169.289,0.0,2026-07-25 21:16:04.129446
movement,477,899,none,moved,0,0,71.8646,0.0,2026-07-25 21:16:04.191620
movement,476,897,none,moved,0,0,20.9978,0.0,2026-07-25 21:16:04.273479
movement,478,897,none,moved,0,0,3.5935,0.0,2026-07-25 21:16:04.830041
movement,509,906,none,moved,0,0,702.7285,0.0,2026-07-25 21:16:04.884582
movement,531,908,none,moved,0,0,212.8278,0.0,2026-07-25 21:16:04.935176
movement,556,909,none,moved,0,0,427.8156,0.0,2026-07-25 21:16:04.987435
movement,583,915,none,moved,0,0,639.0111,0.0,2026-07-25 21:16:05.041841
movement,630,931,none,moved,0,0,1046.8303,0.0,2026-07-25 21:16:05.096465
movement,667,940,none,moved,0,0,449.2009,0.0,2026-07-25 21:16:05.151540
movement,672,940,none,moved,0,0,0.0,0.0,2026-07-25 21:16:05.213344
movement,672,938,none,moved,0,0,0.0,0.0,2026-07-25 21:16:05.302970
movement,670,935,none,moved,0,0,0.0,0.0,2026-07-25 21:16:05.365986
idle,667,931,none,idle_start,0,0,0.0,0.0,2026-07-25 21:16:06.957293
idle,667,929,none,idle_end,0,0,0.0,3.012,2026-07-25 21:16:09.969338
movement,667,929,none,moved,0,0,0.4389,0.0,2026-07-25 21:16:09.970430
movement,662,910,none,moved,0,0,493.2348,0.0,2026-07-25 21:16:10.025401
movement,644,901,none,moved,0,0,456.0679,0.0,2026-07-25 21:16:10.079196
movement,627,901,none,moved,0,0,141.2224,0.0,2026-07-25 21:16:10.134315
movement,624,902,none,moved,0,0,20.8433,0.0,2026-07-25 21:16:10.202447
movement,624,900,none,moved,0,0,5.9518,0.0,2026-07-25 21:16:10.538480
movement,628,870,none,moved,0,0,292.9392,0.0,2026-07-25 21:16:10.593583
movement,633,863,none,moved,0,0,146.0667,0.0,2026-07-25 21:16:10.648289
movement,647,861,none,moved,0,0,275.3252,0.0,2026-07-25 21:16:10.698416
movement,687,881,none,moved,0,0,1492.3808,0.0,2026-07-25 21:16:10.751276
movement,747,933,none,moved,0,0,1354.5932,0.0,2026-07-25 21:16:10.806158
movement,770,957,none,moved,0,0,146.4798,0.0,2026-07-25 21:16:10.861041
movement,769,953,none,moved,0,0,206.1889,0.0,2026-07-25 21:16:10.915929
idle,769,953,none,idle_start,0,0,0.0,0.0,2026-07-25 21:16:12.467217
click,769,953,left,pressed,0,0,0.0,0.0,2026-07-25 21:16:13.367420
click,769,953,left,released,0,0,0.0,0.0,2026-07-25 21:16:13.585533
idle,762,951,none,idle_end,0,0,0.0,1.7099,2026-07-25 21:16:14.177096
movement,762,951,none,moved,0,0,2.2324,0.0,2026-07-25 21:16:14.185183
movement,693,942,none,moved,0,0,1012.6626,0.0,2026-07-25 21:16:14.230934
movement,650,952,none,moved,0,0,438.5054,0.0,2026-07-25 21:16:14.285568
movement,639,956,none,moved,0,0,28.6578,0.0,2026-07-25 21:16:14.361725
movement,1198,710,none,moved,0,0,0.0,0.0,2026-07-25 21:19:20.767194
movement,951,909,none,moved,0,0,7145.3227,0.0,2026-07-25 21:19:20.821827
movement,747,1085,none,moved,0,0,2176.5153,0.0,2026-07-25 21:19:20.876298
movement,729,1079,none,moved,0,0,71.3607,0.0,2026-07-25 21:19:20.938213
movement,726,1060,none,moved,0,0,615.7906,0.0,2026-07-25 21:19:20.993306
movement,717,1011,none,moved,0,0,827.1209,0.0,2026-07-25 21:19:21.047678
movement,703,979,none,moved,0,0,478.4659,0.0,2026-07-25 21:19:21.102514
movement,699,970,none,moved,0,0,73.1882,0.0,2026-07-25 21:19:21.171147
movement,699,957,none,moved,0,0,22.6475,0.0,2026-07-25 21:19:21.745164
movement,708,870,none,moved,0,0,910.1457,0.0,2026-07-25 21:19:21.799987
movement,714,862,none,moved,0,0,0.0,0.0,2026-07-25 21:19:21.889126
movement,722,861,none,moved,0,0,139.7216,0.0,2026-07-25 21:19:21.944206
idle,737,864,none,idle_start,0,0,0.0,0.0,2026-07-25 21:19:23.609850
idle,748,870,none,idle_end,0,0,0.0,2.3383,2026-07-25 21:19:25.948191
movement,748,870,none,moved,0,0,3.1673,0.0,2026-07-25 21:19:25.949962
movement,839,914,none,moved,0,0,1351.8605,0.0,2026-07-25 21:19:26.002560
movement,855,915,none,moved,0,0,72.8481,0.0,2026-07-25 21:19:26.064240
click,853,912,left,pressed,0,0,0.0,0.0,2026-07-25 21:19:26.333343
click,853,912,left,released,0,0,0.0,0.0,2026-07-25 21:19:26.553117
movement,852,908,none,moved,0,0,4.6845,0.0,2026-07-25 21:19:26.971871
movement,834,856,none,moved,0,0,755.2166,0.0,2026-07-25 21:19:27.027249
movement,830,847,none,moved,0,0,0.0,0.0,2026-07-25 21:19:27.138293
movement,849,840,none,moved,0,0,54.9115,0.0,2026-07-25 21:19:27.523291
movement,1154,714,none,moved,0,0,5515.7942,0.0,2026-07-25 21:19:27.577794
movement,1309,667,none,moved,0,0,1757.8542,0.0,2026-07-25 21:19:27.630273
movement,1337,668,none,moved,0,0,468.2962,0.0,2026-07-25 21:19:27.685067
movement,1330,669,none,moved,0,0,14.5962,0.0,2026-07-25 21:19:28.169518
movement,1183,693,none,moved,0,0,3203.1807,0.0,2026-07-25 21:19:28.223880
movement,1002,701,none,moved,0,0,2166.0318,0.0,2026-07-25 21:19:28.278776
movement,956,698,none,moved,0,0,206.1817,0.0,2026-07-25 21:19:28.333674
movement,955,689,none,moved,0,0,20.4392,0.0,2026-07-25 21:19:28.824713
movement,912,555,none,moved,0,0,3109.9227,0.0,2026-07-25 21:19:28.879300
movement,860,452,none,moved,0,0,1277.7587,0.0,2026-07-25 21:19:28.934459
click,848,433,right,pressed,0,0,0.0,0.0,2026-07-25 21:19:29.592161
click,848,433,right,released,0,0,0.0,0.0,2026-07-25 21:19:29.647800
movement,844,431,none,moved,0,0,3.0934,0.0,2026-07-25 21:19:30.421115
movement,773,415,none,moved,0,0,1273.9916,0.0,2026-07-25 21:19:30.475269
movement,751,411,none,moved,0,0,140.7343,0.0,2026-07-25 21:19:30.530001
click,751,411,left,pressed,0,0,0.0,0.0,2026-07-25 21:19:30.779072
click,751,411,left,released,0,0,0.0,0.0,2026-07-25 21:19:31.002632
click,751,411,right,pressed,0,0,0.0,0.0,2026-07-25 21:19:31.169094
click,751,411,right,released,0,0,0.0,0.0,2026-07-25 21:19:31.346654
idle,751,411,none,idle_start,0,0,0.0,0.0,2026-07-25 21:19:32.223398
idle,758,416,none,idle_end,0,0,0.0,0.0198,2026-07-25 21:19:32.243161
movement,758,416,none,moved,0,0,5.0214,0.0,2026-07-25 21:19:32.243785
movement,814,480,none,moved,0,0,1244.2698,0.0,2026-07-25 21:19:32.297680
movement,844,519,none,moved,0,0,602.8361,0.0,2026-07-25 21:19:32.352606
idle,839,549,none,idle_start,0,0,0.0,0.0,2026-07-25 21:19:34.226203
idle,835,539,none,idle_end,0,0,0.0,0.3549,2026-07-25 21:19:34.581114
movement,835,539,none,moved,0,0,4.9397,0.0,2026-07-25 21:19:34.581447
movement,741,438,none,moved,0,0,2814.911,0.0,2026-07-25 21:19:34.633118
movement,616,406,none,moved,0,0,1601.5462,0.0,2026-07-25 21:19:34.687929
click,567,421,left,pressed,0,0,0.0,0.0,2026-07-25 21:19:35.266081
click,567,421,left,released,0,0,0.0,0.0,2026-07-25 21:19:35.488678
idle,567,421,none,idle_start,0,0,0.0,0.0,2026-07-25 21:19:36.237112
click,567,421,left,pressed,0,0,0.0,0.0,2026-07-25 21:19:36.665457
click,567,421,left,released,0,0,0.0,0.0,2026-07-25 21:19:36.875421
click,567,421,left,pressed,0,0,0.0,0.0,2026-07-25 21:19:37.724549
click,567,421,left,released,0,0,0.0,0.0,2026-07-25 21:19:37.989213
idle,567,421,none,idle_end,0,0,0.0,2.2825,2026-07-25 21:19:38.519627
movement,567,421,none,moved,0,0,0.0,0.0,2026-07-25 21:19:38.521079
movement,567,421,none,moved,0,0,0.0,0.0,2026-07-25 21:19:38.698407
movement,568,421,none,moved,0,0,18.2485,0.0,2026-07-25 21:19:38.753208
movement,572,421,none,moved,0,0,141.6564,0.0,2026-07-25 21:19:38.808263
movement,572,421,none,moved,0,0,0.0,0.0,2026-07-25 21:19:39.590126
movement,572,422,none,moved,0,0,18.2483,0.0,2026-07-25 21:19:39.644915
movement,572,423,none,moved,0,0,0.0,0.0,2026-07-25 21:19:39.733962
movement,572,424,none,moved,0,0,16.0618,0.0,2026-07-25 21:19:39.796223
movement,572,424,none,moved,0,0,0.0,0.0,2026-07-25 21:19:39.969415
movement,573,424,none,moved,0,0,16.4049,0.0,2026-07-25 21:19:40.030369
movement,573,422,none,moved,0,0,29.046,0.0,2026-07-25 21:19:40.090832
movement,574,421,none,moved,0,0,35.1405,0.0,2026-07-25 21:19:40.168185
movement,576,419,none,moved,0,0,34.3565,0.0,2026-07-25 21:19:40.256622
movement,578,419,none,moved,0,0,172.7473,0.0,2026-07-25 21:19:40.310853
movement,592,425,none,moved,0,0,418.7785,0.0,2026-07-25 21:19:40.365263
movement,612,432,none,moved,0,0,451.2027,0.0,2026-07-25 21:19:40.420120
movement,620,432,none,moved,0,0,177.8152,0.0,2026-07-25 21:19:40.474677
movement,623,432,none,moved,0,0,51.827,0.0,2026-07-25 21:19:40.535689
click,623,432,right,pressed,0,0,0.0,0.0,2026-07-25 21:19:41.026209
click,623,432,right,released,0,0,0.0,0.0,2026-07-25 21:19:41.092706
idle,623,432,none,idle_start,0,0,0.0,0.0,2026-07-25 21:19:42.252761
idle,622,432,none,idle_end,0,0,0.0,0.105,2026-07-25 21:19:42.357758
movement,622,432,none,moved,0,0,0.5488,0.0,2026-07-25 21:19:42.358362
movement,563,439,none,moved,0,0,1501.5587,0.0,2026-07-25 21:19:42.412599
movement,455,440,none,moved,0,0,1776.3693,0.0,2026-07-25 21:19:42.468399
click,430,444,left,pressed,0,0,0.0,0.0,2026-07-25 21:19:42.767349
click,430,444,left,released,0,0,0.0,0.0,2026-07-25 21:19:42.991589
movement,440,449,none,moved,0,0,17.1449,0.0,2026-07-25 21:19:43.167973
movement,643,598,none,moved,0,0,5750.9811,0.0,2026-07-25 21:19:43.222787
movement,853,810,none,moved,0,0,4764.3539,0.0,2026-07-25 21:19:43.278473
movement,966,937,none,moved,0,0,2102.2526,0.0,2026-07-25 21:19:43.332746
movement,1006,995,none,moved,0,0,622.6528,0.0,2026-07-25 21:19:43.387578
movement,1018,1001,none,moved,0,0,24.1171,0.0,2026-07-25 21:19:43.760679
movement,1138,1008,none,moved,0,0,2293.0473,0.0,2026-07-25 21:19:43.815225
movement,1221,1019,none,moved,0,0,1495.6354,0.0,2026-07-25 21:19:43.870160
movement,1310,1036,none,moved,0,0,1381.9561,0.0,2026-07-25 21:19:43.924823
movement,1362,1043,none,moved,0,0,726.7394,0.0,2026-07-25 21:19:43.979734
movement,1385,1044,none,moved,0,0,472.2961,0.0,2026-07-25 21:19:44.034500
movement,1416,1050,none,moved,0,0,912.3174,0.0,2026-07-25 21:19:44.089428
movement,1448,1057,none,moved,0,0,473.0563,0.0,2026-07-25 21:19:44.144205
movement,1472,1061,none,moved,0,0,594.6073,0.0,2026-07-25 21:19:44.199002
movement,1482,1062,none,moved,0,0,0.0,0.0,2026-07-25 21:19:44.302475
movement,1476,1061,none,moved,0,0,112.7289,0.0,2026-07-25 21:19:44.359168
movement,1446,1050,none,moved,0,0,819.8588,0.0,2026-07-25 21:19:44.412172
movement,1414,1044,none,moved,0,0,166.3481,0.0,2026-07-25 21:19:44.468180
movement,1412,1044,none,moved,0,0,0.0,0.0,2026-07-25 21:19:44.563804
movement,1415,1044,none,moved,0,0,74.5482,0.0,2026-07-25 21:19:44.625895
movement,1416,1044,none,moved,0,0,0.0,0.0,2026-07-25 21:19:44.706968
click,1416,1044,left,pressed,0,0,0.0,0.0,2026-07-25 21:19:45.542761
click,1416,1044,left,released,0,0,0.0,0.0,2026-07-25 21:19:45.763653
movement,1408,1039,none,moved,0,0,5.9811,0.0,2026-07-25 21:19:46.284256
movement,1238,915,none,moved,0,0,5011.2403,0.0,2026-07-25 21:19:46.338681
movement,1045,767,none,moved,0,0,3266.9308,0.0,2026-07-25 21:19:46.393968
movement,959,715,none,moved,0,0,190.1091,0.0,2026-07-25 21:19:46.465131
scroll,954,714,none,scrolled_down,0,-1,0.0,0.0,2026-07-25 21:19:46.796178
scroll,954,714,none,scrolled_down,0,-1,0.0,0.0,2026-07-25 21:19:46.803056
scroll,954,714,none,scrolled_down,0,-1,0.0,0.0,2026-07-25 21:19:46.811858
scroll,954,714,none,scrolled_down,0,-1,0.0,0.0,2026-07-25 21:19:46.816597
scroll,954,714,none,scrolled_down,0,-1,0.0,0.0,2026-07-25 21:19:46.834840
scroll,954,714,none,scrolled_down,0,-1,0.0,0.0,2026-07-25 21:19:46.840895
scroll,954,714,none,scrolled_down,0,-1,0.0,0.0,2026-07-25 21:19:46.848482
scroll,954,714,none,scrolled_down,0,-1,0.0,0.0,2026-07-25 21:19:46.851015
scroll,954,714,none,scrolled_down,0,-1,0.0,0.0,2026-07-25 21:19:46.852275
scroll,954,714,none,scrolled_down,0,-1,0.0,0.0,2026-07-25 21:19:46.858295
scroll,954,714,none,scrolled_down,0,-1,0.0,0.0,2026-07-25 21:19:46.864687
scroll,954,714,none,scrolled_down,0,-1,0.0,0.0,2026-07-25 21:19:46.871481
scroll,954,714,none,scrolled_down,0,-1,0.0,0.0,2026-07-25 21:19:46.878736
scroll,954,714,none,scrolled_down,0,-1,0.0,0.0,2026-07-25 21:19:46.885651
scroll,954,714,none,scrolled_down,0,-1,0.0,0.0,2026-07-25 21:19:46.896893
scroll,954,714,none,scrolled_down,0,-2,0.0,0.0,2026-07-25 21:19:46.988349
scroll,954,714,none,scrolled_down,0,-1,0.0,0.0,2026-07-25 21:19:47.200568
scroll,954,714,none,scrolled_down,0,-1,0.0,0.0,2026-07-25 21:19:47.201698
scroll,954,714,none,scrolled_down,0,-1,0.0,0.0,2026-07-25 21:19:47.202513
scroll,954,714,none,scrolled_down,0,-1,0.0,0.0,2026-07-25 21:19:47.202991
scroll,954,714,none,scrolled_down,0,-1,0.0,0.0,2026-07-25 21:19:47.203624
scroll,954,714,none,scrolled_down,0,-1,0.0,0.0,2026-07-25 21:19:47.204252
scroll,954,714,none,scrolled_down,0,-1,0.0,0.0,2026-07-25 21:19:47.204884
scroll,954,714,none,scrolled_down,0,-1,0.0,0.0,2026-07-25 21:19:47.205583
scroll,954,714,none,scrolled_down,0,-1,0.0,0.0,2026-07-25 21:19:47.206247
scroll,954,714,none,scrolled_down,0,-1,0.0,0.0,2026-07-25 21:19:47.206873
scroll,954,714,none,scrolled_down,0,-1,0.0,0.0,2026-07-25 21:19:47.207537
scroll,954,714,none,scrolled_down,0,-1,0.0,0.0,2026-07-25 21:19:47.208231
scroll,954,714,none,scrolled_down,0,-7,0.0,0.0,2026-07-25 21:19:47.217191
scroll,954,714,none,scrolled_down,0,-1,0.0,0.0,2026-07-25 21:19:47.218298
scroll,954,714,none,scrolled_down,0,-1,0.0,0.0,2026-07-25 21:19:47.224991
scroll,954,714,none,scrolled_down,0,-1,0.0,0.0,2026-07-25 21:19:47.263533
scroll,954,714,none,scrolled_down,0,-2,0.0,0.0,2026-07-25 21:19:47.271889
scroll,954,714,none,scrolled_down,0,-2,0.0,0.0,2026-07-25 21:19:47.302229
scroll,954,714,none,scrolled_down,0,-1,0.0,0.0,2026-07-25 21:19:47.318964
scroll,954,714,none,scrolled_down,0,-1,0.0,0.0,2026-07-25 21:19:47.334119
scroll,954,714,none,scrolled_down,0,-1,0.0,0.0,2026-07-25 21:19:47.365282
scroll,954,714,none,scrolled_down,0,-1,0.0,0.0,2026-07-25 21:19:47.428288
scroll,954,714,none,scrolled_down,0,-1,0.0,0.0,2026-07-25 21:19:47.443237
scroll,954,714,none,scrolled_down,0,-1,0.0,0.0,2026-07-25 21:19:47.459457
scroll,954,714,none,scrolled_down,0,-1,0.0,0.0,2026-07-25 21:19:47.475043
scroll,954,714,none,scrolled_down,0,-1,0.0,0.0,2026-07-25 21:19:47.493402
movement,950,708,none,moved,0,0,6.3672,0.0,2026-07-25 21:19:47.598392
movement,841,511,none,moved,0,0,5124.5629,0.0,2026-07-25 21:19:47.651149
movement,770,389,none,moved,0,0,947.1241,0.0,2026-07-25 21:19:47.706500
movement,762,382,none,moved,0,0,0.0,0.0,2026-07-25 21:19:47.757353
movement,766,385,none,moved,0,0,207.4218,0.0,2026-07-25 21:19:47.809012
click,769,385,left,pressed,0,0,0.0,0.0,2026-07-25 21:19:48.093284
click,769,385,left,released,0,0,0.0,0.0,2026-07-25 21:19:48.316729
movement,768,385,none,moved,0,0,1.0749,0.0,2026-07-25 21:19:48.773828
movement,763,384,none,moved,0,0,68.5184,0.0,2026-07-25 21:19:48.829573
movement,761,384,none,moved,0,0,36.896,0.0,2026-07-25 21:19:48.897625
movement,759,383,none,moved,0,0,71.4971,0.0,2026-07-25 21:19:48.959184
movement,754,382,none,moved,0,0,145.3277,0.0,2026-07-25 21:19:49.013625
movement,749,381,none,moved,0,0,73.2553,0.0,2026-07-25 21:19:49.075551
movement,748,381,none,moved,0,0,1.5341,0.0,2026-07-25 21:19:49.768391
movement,749,405,none,moved,0,0,471.0849,0.0,2026-07-25 21:19:49.821184
movement,751,421,none,moved,0,0,252.3345,0.0,2026-07-25 21:19:49.874418
movement,751,428,none,moved,0,0,126.4297,0.0,2026-07-25 21:19:49.932246
movement,751,434,none,moved,0,0,145.4588,0.0,2026-07-25 21:19:49.984270
click,751,436,left,pressed,0,0,0.0,0.0,2026-07-25 21:19:50.337767
click,751,436,left,released,0,0,0.0,0.0,2026-07-25 21:19:50.559500
movement,750,430,none,moved,0,0,7.2946,0.0,2026-07-25 21:19:50.853037
movement,716,323,none,moved,0,0,1868.2377,0.0,2026-07-25 21:19:50.907862
movement,682,210,none,moved,0,0,1788.6883,0.0,2026-07-25 21:19:50.962777
movement,661,143,none,moved,0,0,684.4803,0.0,2026-07-25 21:19:51.017788
movement,650,122,none,moved,0,0,139.3734,0.0,2026-07-25 21:19:51.072751
movement,646,119,none,moved,0,0,72.0015,0.0,2026-07-25 21:19:51.134396
movement,644,119,none,moved,0,0,15.9711,0.0,2026-07-25 21:19:51.203854
movement,644,119,none,moved,0,0,0.0,0.0,2026-07-25 21:19:51.272514
movement,642,121,none,moved,0,0,0.0,0.0,2026-07-25 21:19:51.326401
movement,630,128,none,moved,0,0,551.3226,0.0,2026-07-25 21:19:51.381161
movement,569,151,none,moved,0,0,1616.1897,0.0,2026-07-25 21:19:51.436281
movement,478,176,none,moved,0,0,1406.1525,0.0,2026-07-25 21:19:51.491089
movement,427,176,none,moved,0,0,565.251,0.0,2026-07-25 21:19:51.545609
movement,414,170,none,moved,0,0,158.1123,0.0,2026-07-25 21:19:51.600883
movement,402,165,none,moved,0,0,200.0554,0.0,2026-07-25 21:19:51.655480
movement,374,159,none,moved,0,0,585.5513,0.0,2026-07-25 21:19:51.710314
movement,343,158,none,moved,0,0,622.7392,0.0,2026-07-25 21:19:51.764926
movement,322,160,none,moved,0,0,27.0076,0.0,2026-07-25 21:19:52.141412
movement,161,122,none,moved,0,0,3383.3302,0.0,2026-07-25 21:19:52.196142
movement,55,103,none,moved,0,0,1037.9439,0.0,2026-07-25 21:19:52.250934
movement,34,100,none,moved,0,0,72.0931,0.0,2026-07-25 21:19:52.306101
movement,34,100,none,moved,0,0,0.0,0.0,2026-07-25 21:19:52.368644
movement,34,101,none,moved,0,0,16.4572,0.0,2026-07-25 21:19:52.429398
movement,34,102,none,moved,0,0,27.3505,0.0,2026-07-25 21:19:52.497872
movement,34,104,none,moved,0,0,24.1015,0.0,2026-07-25 21:19:52.566893
movement,34,105,none,moved,0,0,20.9373,0.0,2026-07-25 21:19:52.621257
movement,36,107,none,moved,0,0,68.8373,0.0,2026-07-25 21:19:52.689734
movement,39,111,none,moved,0,0,103.1052,0.0,2026-07-25 21:19:52.751424
movement,41,114,none,moved,0,0,48.4762,0.0,2026-07-25 21:19:52.806301
movement,42,116,none,moved,0,0,4.0465,0.0,2026-07-25 21:19:53.358901
movement,53,130,none,moved,0,0,238.142,0.0,2026-07-25 21:19:53.412535
movement,59,135,none,moved,0,0,217.1013,0.0,2026-07-25 21:19:53.467628
movement,68,142,none,moved,0,0,311.2141,0.0,2026-07-25 21:19:53.522515
movement,87,152,none,moved,0,0,422.8279,0.0,2026-07-25 21:19:53.577164
movement,135,175,none,moved,0,0,973.977,0.0,2026-07-25 21:19:53.632108
movement,160,186,none,moved,0,0,406.11,0.0,2026-07-25 21:19:53.686497
movement,165,185,none,moved,0,0,104.4487,0.0,2026-07-25 21:19:53.741414
movement,165,179,none,moved,0,0,154.3556,0.0,2026-07-25 21:19:53.796493
movement,154,162,none,moved,0,0,810.8745,0.0,2026-07-25 21:19:53.851573
movement,117,111,none,moved,0,0,1378.3978,0.0,2026-07-25 21:19:53.906018
movement,78,82,none,moved,0,0,678.6114,0.0,2026-07-25 21:19:53.961072
movement,54,76,none,moved,0,0,429.5829,0.0,2026-07-25 21:19:54.015941
movement,48,75,none,moved,0,0,0.0,0.0,2026-07-25 21:19:54.084473
movement,48,78,none,moved,0,0,24.1134,0.0,2026-07-25 21:19:54.159957
movement,49,81,none,moved,0,0,49.5669,0.0,2026-07-25 21:19:54.228502
movement,50,84,none,moved,0,0,74.5442,0.0,2026-07-25 21:19:54.289894
click,52,86,left,pressed,0,0,0.0,0.0,2026-07-25 21:19:54.594708
click,52,86,left,released,0,0,0.0,0.0,2026-07-25 21:19:54.818292
movement,52,87,none,moved,0,0,1.3018,0.0,2026-07-25 21:19:55.092342
movement,49,90,none,moved,0,0,142.6925,0.0,2026-07-25 21:19:55.146265
movement,49,92,none,moved,0,0,48.6861,0.0,2026-07-25 21:19:55.208286
movement,37,100,none,moved,0,0,325.019,0.0,2026-07-25 21:19:55.262812
movement,12,120,none,moved,0,0,520.4701,0.0,2026-07-25 21:19:55.317636
movement,6,127,none,moved,0,0,0.0,0.0,2026-07-25 21:19:55.373496
movement,5,128,none,moved,0,0,0.0,0.0,2026-07-25 21:19:55.462418
idle,5,128,none,idle_start,0,0,0.0,0.0,2026-07-25 21:19:57.334450
idle,7,128,none,idle_end,0,0,0.0,1.4278,2026-07-25 21:19:58.762282
movement,7,128,none,moved,0,0,0.6085,0.0,2026-07-25 21:19:58.762669
movement,24,132,none,moved,0,0,264.483,0.0,2026-07-25 21:19:58.817527
movement,46,137,none,moved,0,0,137.0553,0.0,2026-07-25 21:19:58.872133
movement,54,137,none,moved,0,0,0.0,0.0,2026-07-25 21:19:58.940908
movement,55,134,none,moved,0,0,48.3504,0.0,2026-07-25 21:19:59.008751
movement,55,133,none,moved,0,0,0.0,0.0,2026-07-25 21:19:59.077708
movement,55,131,none,moved,0,0,14.5945,0.0,2026-07-25 21:19:59.152650
movement,57,130,none,moved,0,0,74.267,0.0,2026-07-25 21:19:59.207319
movement,63,130,none,moved,0,0,147.8638,0.0,2026-07-25 21:19:59.262412
movement,73,129,none,moved,0,0,134.2908,0.0,2026-07-25 21:19:59.318080
movement,76,128,none,moved,0,0,24.3868,0.0,2026-07-25 21:19:59.392612
movement,77,128,none,moved,0,0,18.2386,0.0,2026-07-25 21:19:59.447445
movement,78,128,none,moved,0,0,12.137,0.0,2026-07-25 21:19:59.529834
movement,80,128,none,moved,0,0,143.2872,0.0,2026-07-25 21:19:59.584742
movement,86,127,none,moved,0,0,292.4184,0.0,2026-07-25 21:19:59.639382
movement,92,126,none,moved,0,0,73.9867,0.0,2026-07-25 21:19:59.700892
movement,95,126,none,moved,0,0,38.2294,0.0,2026-07-25 21:19:59.761742
movement,100,126,none,moved,0,0,36.4424,0.0,2026-07-25 21:19:59.838436
movement,102,126,none,moved,0,0,29.1494,0.0,2026-07-25 21:19:59.907063
movement,102,126,none,moved,0,0,0.0,0.0,2026-07-25 21:20:00.016629
movement,102,130,none,moved,0,0,48.5502,0.0,2026-07-25 21:20:00.085192
movement,104,141,none,moved,0,0,147.9472,0.0,2026-07-25 21:20:00.139829
movement,106,155,none,moved,0,0,139.1376,0.0,2026-07-25 21:20:00.194954
movement,106,162,none,moved,0,0,147.0963,0.0,2026-07-25 21:20:00.249675
movement,106,165,none,moved,0,0,48.7687,0.0,2026-07-25 21:20:00.311479
movement,106,166,none,moved,0,0,0.0,0.0,2026-07-25 21:20:00.380393
movement,106,166,none,moved,0,0,0.0,0.0,2026-07-25 21:20:00.449572
movement,106,164,none,moved,0,0,74.7621,0.0,2026-07-25 21:20:00.510729
movement,104,159,none,moved,0,0,134.9085,0.0,2026-07-25 21:20:00.566081
movement,101,147,none,moved,0,0,158.7789,0.0,2026-07-25 21:20:00.620088
movement,96,142,none,moved,0,0,0.0,0.0,2026-07-25 21:20:00.675010
movement,90,136,none,moved,0,0,78.2826,0.0,2026-07-25 21:20:00.729780
movement,87,133,none,moved,0,0,0.0,0.0,2026-07-25 21:20:00.791748
movement,86,131,none,moved,0,0,29.6654,0.0,2026-07-25 21:20:00.866890
movement,89,130,none,moved,0,0,5.2084,0.0,2026-07-25 21:20:01.474048
movement,112,126,none,moved,0,0,167.7252,0.0,2026-07-25 21:20:01.528158
movement,114,126,none,moved,0,0,0.0,0.0,2026-07-25 21:20:01.596845
movement,114,127,none,moved,0,0,16.176,0.0,2026-07-25 21:20:01.686102
movement,114,127,none,moved,0,0,0.0,0.0,2026-07-25 21:20:01.768299
movement,115,128,none,moved,0,0,68.0595,0.0,2026-07-25 21:20:01.823596
movement,115,131,none,moved,0,0,4.6362,0.0,2026-07-25 21:20:02.470680
movement,126,161,none,moved,0,0,317.5684,0.0,2026-07-25 21:20:02.525016
movement,132,173,none,moved,0,0,203.6685,0.0,2026-07-25 21:20:02.580168
movement,135,181,none,moved,0,0,0.0,0.0,2026-07-25 21:20:02.634893
movement,135,184,none,moved,0,0,20.5562,0.0,2026-07-25 21:20:02.703828
click,135,184,left,pressed,0,0,0.0,0.0,2026-07-25 21:20:03.031401
click,135,184,left,released,0,0,0.0,0.0,2026-07-25 21:20:03.259995
movement,132,188,none,moved,0,0,4.6209,0.0,2026-07-25 21:20:03.785869
movement,79,247,none,moved,0,0,877.2022,0.0,2026-07-25 21:20:03.841938
movement,70,259,none,moved,0,0,0.0,0.0,2026-07-25 21:20:03.909800
movement,68,259,none,moved,0,0,8.1401,0.0,2026-07-25 21:20:04.060202
movement,68,258,none,moved,0,0,47.9075,0.0,2026-07-25 21:20:04.122554
movement,66,253,none,moved,0,0,211.3386,0.0,2026-07-25 21:20:04.176839
movement,58,233,none,moved,0,0,480.146,0.0,2026-07-25 21:20:04.231711
movement,55,213,none,moved,0,0,143.8869,0.0,2026-07-25 21:20:04.286723
movement,55,207,none,moved,0,0,0.0,0.0,2026-07-25 21:20:04.349045
movement,55,205,none,moved,0,0,0.0,0.0,2026-07-25 21:20:04.403799
movement,56,204,none,moved,0,0,70.4878,0.0,2026-07-25 21:20:04.458257
movement,57,201,none,moved,0,0,71.4974,0.0,2026-07-25 21:20:04.512745
movement,58,199,none,moved,0,0,3.173,0.0,2026-07-25 21:20:05.170244
movement,60,196,none,moved,0,0,73.0575,0.0,2026-07-25 21:20:05.232227
movement,62,191,none,moved,0,0,136.6623,0.0,2026-07-25 21:20:05.286639
movement,65,184,none,moved,0,0,148.7342,0.0,2026-07-25 21:20:05.341349
movement,66,181,none,moved,0,0,36.1631,0.0,2026-07-25 21:20:05.395996
movement,66,179,none,moved,0,0,0.0,0.0,2026-07-25 21:20:05.485656
movement,74,181,none,moved,0,0,7.5557,0.0,2026-07-25 21:20:06.572108
movement,168,175,none,moved,0,0,1986.0841,0.0,2026-07-25 21:20:06.626375
movement,251,166,none,moved,0,0,1488.3212,0.0,2026-07-25 21:20:06.681430
movement,305,170,none,moved,0,0,911.4279,0.0,2026-07-25 21:20:06.735908
movement,347,178,none,moved,0,0,593.7499,0.0,2026-07-25 21:20:06.790751
movement,369,186,none,moved,0,0,418.6489,0.0,2026-07-25 21:20:06.846259
movement,388,193,none,moved,0,0,147.1634,0.0,2026-07-25 21:20:06.900598
movement,391,194,none,moved,0,0,48.3014,0.0,2026-07-25 21:20:06.962534
movement,395,194,none,moved,0,0,72.9876,0.0,2026-07-25 21:20:07.024067
movement,401,194,none,moved,0,0,0.0,0.0,2026-07-25 21:20:07.079263
movement,409,192,none,moved,0,0,211.6252,0.0,2026-07-25 21:20:07.133629
movement,411,196,none,moved,0,0,6.0533,0.0,2026-07-25 21:20:07.835670
movement,410,227,none,moved,0,0,291.2711,0.0,2026-07-25 21:20:07.890484
movement,410,235,none,moved,0,0,28.8221,0.0,2026-07-25 21:20:07.973162
movement,410,238,none,moved,0,0,0.0,0.0,2026-07-25 21:20:08.027880
movement,410,240,none,moved,0,0,0.0,0.0,2026-07-25 21:20:08.131476
click,410,240,left,pressed,0,0,0.0,0.0,2026-07-25 21:20:08.498821
click,410,240,left,released,0,0,0.0,0.0,2026-07-25 21:20:08.724134
movement,418,239,none,moved,0,0,7.4624,0.0,2026-07-25 21:20:09.211865
movement,512,223,none,moved,0,0,1657.0428,0.0,2026-07-25 21:20:09.266832
movement,549,224,none,moved,0,0,586.5007,0.0,2026-07-25 21:20:09.321792
movement,573,232,none,moved,0,0,396.3941,0.0,2026-07-25 21:20:09.376771
movement,591,239,none,moved,0,0,307.095,0.0,2026-07-25 21:20:09.431264
movement,612,243,none,moved,0,0,440.9487,0.0,2026-07-25 21:20:09.486177
movement,630,241,none,moved,0,0,145.479,0.0,2026-07-25 21:20:09.541239
movement,633,240,none,moved,0,0,34.0062,0.0,2026-07-25 21:20:09.610257
movement,649,237,none,moved,0,0,610.3681,0.0,2026-07-25 21:20:09.664447
movement,736,221,none,moved,0,0,2310.0095,0.0,2026-07-25 21:20:09.719255
movement,897,174,none,moved,0,0,2442.819,0.0,2026-07-25 21:20:09.774457
movement,1025,143,none,moved,0,0,1777.2224,0.0,2026-07-25 21:20:09.829065
movement,1097,134,none,moved,0,0,861.9614,0.0,2026-07-25 21:20:09.884091
movement,1122,139,none,moved,0,0,341.9282,0.0,2026-07-25 21:20:09.938717
movement,1131,142,none,moved,0,0,145.4437,0.0,2026-07-25 21:20:09.993397
movement,1148,145,none,moved,0,0,427.5249,0.0,2026-07-25 21:20:10.048456
movement,1166,147,none,moved,0,0,276.25,0.0,2026-07-25 21:20:10.104139
movement,1176,147,none,moved,0,0,69.3434,0.0,2026-07-25 21:20:10.158929
movement,1176,148,none,moved,0,0,0.0,0.0,2026-07-25 21:20:10.213789
movement,1175,151,none,moved,0,0,49.0183,0.0,2026-07-25 21:20:10.281416
movement,1172,155,none,moved,0,0,142.6683,0.0,2026-07-25 21:20:10.336620
movement,1170,159,none,moved,0,0,71.6277,0.0,2026-07-25 21:20:10.391439
movement,1168,164,none,moved,0,0,142.7702,0.0,2026-07-25 21:20:10.445951
movement,1168,167,none,moved,0,0,47.6983,0.0,2026-07-25 21:20:10.508039
movement,1167,171,none,moved,0,0,147.9264,0.0,2026-07-25 21:20:10.562518
movement,1164,178,none,moved,0,0,0.0,0.0,2026-07-25 21:20:10.617308
movement,1161,183,none,moved,0,0,139.6472,0.0,2026-07-25 21:20:10.672411
movement,1161,184,none,moved,0,0,11.2344,0.0,2026-07-25 21:20:10.761422
movement,1160,190,none,moved,0,0,8.6034,0.0,2026-07-25 21:20:11.468527
movement,1156,247,none,moved,0,0,636.8273,0.0,2026-07-25 21:20:11.522375
movement,1159,267,none,moved,0,0,471.6937,0.0,2026-07-25 21:20:11.577060
movement,1161,277,none,moved,0,0,147.6244,0.0,2026-07-25 21:20:11.631916
movement,1162,281,none,moved,0,0,14.455,0.0,2026-07-25 21:20:11.735401
movement,1162,280,none,moved,0,0,14.6541,0.0,2026-07-25 21:20:11.851746
movement,1162,276,none,moved,0,0,67.835,0.0,2026-07-25 21:20:11.914332
movement,1162,274,none,moved,0,0,6.4005,0.0,2026-07-25 21:20:12.226815
movement,1156,252,none,moved,0,0,150.086,0.0,2026-07-25 21:20:12.281241
movement,1154,247,none,moved,0,0,0.0,0.0,2026-07-25 21:20:12.405589
click,1154,248,left,pressed,0,0,0.0,0.0,2026-07-25 21:20:12.823982
click,1154,248,left,released,0,0,0.0,0.0,2026-07-25 21:20:13.047105
idle,1154,248,none,idle_start,0,0,0.0,0.0,2026-07-25 21:20:13.964791
idle,1145,247,none,idle_end,0,0,0.0,10.5109,2026-07-25 21:20:24.475723
movement,1145,247,none,moved,0,0,0.7515,0.0,2026-07-25 21:20:24.476073
movement,957,229,none,moved,0,0,4133.3373,0.0,2026-07-25 21:20:24.528904
movement,817,260,none,moved,0,0,1038.3314,0.0,2026-07-25 21:20:24.584110
movement,806,272,none,moved,0,0,326.9794,0.0,2026-07-25 21:20:24.639176
movement,853,269,none,moved,0,0,2034.3396,0.0,2026-07-25 21:20:24.689655
movement,1049,160,none,moved,0,0,6339.9546,0.0,2026-07-25 21:20:24.742972
movement,1220,4,none,moved,0,0,1719.1228,0.0,2026-07-25 21:20:24.796673
movement,1246,-5,none,moved,0,0,147.2512,0.0,2026-07-25 21:20:24.851786
movement,1233,-3,none,moved,0,0,430.8036,0.0,2026-07-25 21:20:24.907191
movement,1184,-1,none,moved,0,0,1428.4803,0.0,2026-07-25 21:20:24.962924
movement,1072,9,none,moved,0,0,2322.155,0.0,2026-07-25 21:20:25.016354
movement,926,73,none,moved,0,0,2402.8215,0.0,2026-07-25 21:20:25.071336
movement,854,142,none,moved,0,0,1158.324,0.0,2026-07-25 21:20:25.126055
movement,864,172,none,moved,0,0,755.0399,0.0,2026-07-25 21:20:25.180915
movement,973,180,none,moved,0,0,3114.0302,0.0,2026-07-25 21:20:25.235260
movement,1186,149,none,moved,0,0,3297.8739,0.0,2026-07-25 21:20:25.289952
movement,1275,131,none,moved,0,0,737.9861,0.0,2026-07-25 21:20:25.345116
movement,1291,122,none,moved,0,0,144.8459,0.0,2026-07-25 21:20:25.400022
movement,1301,121,none,moved,0,0,0.0,0.0,2026-07-25 21:20:25.454727
movement,1308,121,none,moved,0,0,303.4184,0.0,2026-07-25 21:20:25.509600
movement,1310,124,none,moved,0,0,0.0,0.0,2026-07-25 21:20:25.564549
movement,1303,135,none,moved,0,0,621.3312,0.0,2026-07-25 21:20:25.619405
movement,1251,172,none,moved,0,0,670.7731,0.0,2026-07-25 21:20:25.674283
movement,1212,187,none,moved,0,0,438.261,0.0,2026-07-25 21:20:25.729131
movement,1206,188,none,moved,0,0,0.0,0.0,2026-07-25 21:20:25.797867
movement,1205,187,none,moved,0,0,29.2915,0.0,2026-07-25 21:20:25.859540
movement,1204,187,none,moved,0,0,0.0,0.0,2026-07-25 21:20:25.983821
movement,1203,186,none,moved,0,0,13.2988,0.0,2026-07-25 21:20:26.099244
movement,1202,185,none,moved,0,0,1.3487,0.0,2026-07-25 21:20:26.888787
movement,1174,185,none,moved,0,0,134.8781,0.0,2026-07-25 21:20:26.942970
movement,1168,188,none,moved,0,0,59.0439,0.0,2026-07-25 21:20:27.023992
movement,1168,188,none,moved,0,0,0.0,0.0,2026-07-25 21:20:27.079087
movement,1168,188,none,moved,0,0,0.0,0.0,2026-07-25 21:20:27.195520
movement,1168,188,none,moved,0,0,0.0,0.0,2026-07-25 21:20:27.332625
movement,1168,191,none,moved,0,0,5.3109,0.0,2026-07-25 21:20:27.897503
movement,1175,222,none,moved,0,0,140.1652,0.0,2026-07-25 21:20:27.948601
movement,1175,224,none,moved,0,0,36.308,0.0,2026-07-25 21:20:28.003752
movement,1176,224,none,moved,0,0,8.5723,0.0,2026-07-25 21:20:28.127165
click,1176,224,left,pressed,0,0,0.0,0.0,2026-07-25 21:20:28.389616
click,1176,224,left,released,0,0,0.0,0.0,2026-07-25 21:20:28.609334
movement,1183,222,none,moved,0,0,5.54,0.0,2026-07-25 21:20:29.441274
movement,1257,195,none,moved,0,0,578.2832,0.0,2026-07-25 21:20:29.496017
movement,1263,190,none,moved,0,0,0.0,0.0,2026-07-25 21:20:29.558530
movement,1262,189,none,moved,0,0,49.12,0.0,2026-07-25 21:20:29.625927
movement,1261,187,none,moved,0,0,24.2234,0.0,2026-07-25 21:20:29.691959
movement,1260,185,none,moved,0,0,0.0,0.0,2026-07-25 21:20:29.763311
scroll,1260,182,none,scrolled_down,0,-2,0.0,0.0,2026-07-25 21:20:30.117908
scroll,1260,182,none,scrolled_down,0,-1,0.0,0.0,2026-07-25 21:20:30.125029
scroll,1260,182,none,scrolled_down,0,-1,0.0,0.0,2026-07-25 21:20:30.131563
scroll,1260,182,none,scrolled_down,0,-1,0.0,0.0,2026-07-25 21:20:30.139267
scroll,1260,182,none,scrolled_down,0,-1,0.0,0.0,2026-07-25 21:20:30.146779
scroll,1260,182,none,scrolled_down,0,-1,0.0,0.0,2026-07-25 21:20:30.152124
scroll,1260,182,none,scrolled_down,0,-1,0.0,0.0,2026-07-25 21:20:30.159162
scroll,1260,182,none,scrolled_down,0,-1,0.0,0.0,2026-07-25 21:20:30.165892
scroll,1260,182,none,scrolled_down,0,-1,0.0,0.0,2026-07-25 21:20:30.174053
scroll,1260,182,none,scrolled_down,0,-4,0.0,0.0,2026-07-25 21:20:30.304014
scroll,1260,182,none,scrolled_down,0,-1,0.0,0.0,2026-07-25 21:20:30.320258
scroll,1260,182,none,scrolled_down,0,-1,0.0,0.0,2026-07-25 21:20:30.336136
scroll,1260,182,none,scrolled_down,0,-2,0.0,0.0,2026-07-25 21:20:30.366033
scroll,1260,182,none,scrolled_down,0,-1,0.0,0.0,2026-07-25 21:20:30.381562
scroll,1260,182,none,scrolled_down,0,-1,0.0,0.0,2026-07-25 21:20:30.397406
scroll,1260,182,none,scrolled_down,0,-1,0.0,0.0,2026-07-25 21:20:30.412789
scroll,1260,182,none,scrolled_down,0,-1,0.0,0.0,2026-07-25 21:20:30.428157
scroll,1260,182,none,scrolled_down,0,-1,0.0,0.0,2026-07-25 21:20:30.443404
scroll,1260,182,none,scrolled_down,0,-1,0.0,0.0,2026-07-25 21:20:30.459258
scroll,1260,182,none,scrolled_down,0,-1,0.0,0.0,2026-07-25 21:20:30.475155
scroll,1260,182,none,scrolled_down,0,-1,0.0,0.0,2026-07-25 21:20:30.487958
scroll,1260,182,none,scrolled_down,0,-1,0.0,0.0,2026-07-25 21:20:30.493087
scroll,1260,182,none,scrolled_down,0,-1,0.0,0.0,2026-07-25 21:20:30.500021
scroll,1260,182,none,scrolled_down,0,-3,0.0,0.0,2026-07-25 21:20:30.537523
scroll,1260,182,none,scrolled_down,0,-1,0.0,0.0,2026-07-25 21:20:30.545309
scroll,1260,182,none,scrolled_down,0,-1,0.0,0.0,2026-07-25 21:20:30.547559
scroll,1260,182,none,scrolled_down,0,-1,0.0,0.0,2026-07-25 21:20:30.554523
scroll,1260,182,none,scrolled_down,0,-1,0.0,0.0,2026-07-25 21:20:30.561819
scroll,1260,182,none,scrolled_down,0,-1,0.0,0.0,2026-07-25 21:20:30.568274
scroll,1260,182,none,scrolled_down,0,-1,0.0,0.0,2026-07-25 21:20:30.575357
scroll,1260,182,none,scrolled_down,0,-1,0.0,0.0,2026-07-25 21:20:30.599840
scroll,1260,182,none,scrolled_down,0,-1,0.0,0.0,2026-07-25 21:20:30.615410
scroll,1260,182,none,scrolled_down,0,-1,0.0,0.0,2026-07-25 21:20:30.631265
scroll,1260,182,none,scrolled_down,0,-1,0.0,0.0,2026-07-25 21:20:30.666343
scroll,1260,182,none,scrolled_down,0,-1,0.0,0.0,2026-07-25 21:20:30.668975
scroll,1260,182,none,scrolled_down,0,-1,0.0,0.0,2026-07-25 21:20:30.678037
scroll,1260,182,none,scrolled_down,0,-1,0.0,0.0,2026-07-25 21:20:30.693471
scroll,1260,182,none,scrolled_down,0,-1,0.0,0.0,2026-07-25 21:20:30.709268
scroll,1260,182,none,scrolled_down,0,-1,0.0,0.0,2026-07-25 21:20:30.724491
scroll,1260,182,none,scrolled_down,0,-1,0.0,0.0,2026-07-25 21:20:30.771464
idle,1260,182,none,idle_start,0,0,0.0,0.0,2026-07-25 21:20:31.716903
idle,1251,188,none,idle_end,0,0,0.0,0.313,2026-07-25 21:20:32.029914
movement,1251,188,none,moved,0,0,4.8747,0.0,2026-07-25 21:20:32.030450
movement,1110,284,none,moved,0,0,2958.0619,0.0,2026-07-25 21:20:32.083149
movement,990,390,none,moved,0,0,3370.2509,0.0,2026-07-25 21:20:32.137180
movement,925,477,none,moved,0,0,977.0548,0.0,2026-07-25 21:20:32.191990
movement,904,524,none,moved,0,0,597.9172,0.0,2026-07-25 21:20:32.247105
movement,907,565,none,moved,0,0,626.8962,0.0,2026-07-25 21:20:32.301699
movement,914,593,none,moved,0,0,318.8532,0.0,2026-07-25 21:20:32.356613
movement,917,603,none,moved,0,0,48.0013,0.0,2026-07-25 21:20:32.418718
movement,917,604,none,moved,0,0,0.0,0.0,2026-07-25 21:20:32.487883
movement,884,620,none,moved,0,0,1158.9672,0.0,2026-07-25 21:20:32.541961
movement,811,685,none,moved,0,0,2102.5769,0.0,2026-07-25 21:20:32.596747
movement,735,781,none,moved,0,0,2722.7927,0.0,2026-07-25 21:20:32.651496
movement,663,869,none,moved,0,0,1120.9472,0.0,2026-07-25 21:20:32.706563
movement,630,878,none,moved,0,0,446.9951,0.0,2026-07-25 21:20:32.761440
movement,613,884,none,moved,0,0,26.3814,0.0,2026-07-25 21:20:33.244882
movement,542,940,none,moved,0,0,752.0305,0.0,2026-07-25 21:20:33.299909
movement,512,952,none,moved,0,0,448.6387,0.0,2026-07-25 21:20:33.354198
movement,508,954,none,moved,0,0,0.0,0.0,2026-07-25 21:20:33.429885
movement,508,956,none,moved,0,0,20.7972,0.0,2026-07-25 21:20:33.505559
movement,506,957,none,moved,0,0,38.1297,0.0,2026-07-25 21:20:33.559724
movement,506,959,none,moved,0,0,0.0,0.0,2026-07-25 21:20:33.615340
movement,506,964,none,moved,0,0,102.2951,0.0,2026-07-25 21:20:33.665669
movement,507,970,none,moved,0,0,104.0796,0.0,2026-07-25 21:20:33.720805
movement,510,974,none,moved,0,0,48.7924,0.0,2026-07-25 21:20:33.787780
movement,510,976,none,moved,0,0,45.3546,0.0,2026-07-25 21:20:33.850664
movement,512,979,none,moved,0,0,202.3553,0.0,2026-07-25 21:20:33.904474
movement,513,983,none,moved,0,0,48.7523,0.0,2026-07-25 21:20:33.964003
movement,515,986,none,moved,0,0,48.1368,0.0,2026-07-25 21:20:34.032984
click,515,986,left,pressed,0,0,0.0,0.0,2026-07-25 21:20:34.351718
click,515,986,left,released,0,0,0.0,0.0,2026-07-25 21:20:34.568759
idle,515,986,none,idle_start,0,0,0.0,0.0,2026-07-25 21:20:35.720041
movement,929,908,none,moved,0,0,0.0,0.0,2026-07-25 21:24:11.029341
movement,880,675,none,moved,0,0,4894.3037,0.0,2026-07-25 21:24:11.084211
movement,832,452,none,moved,0,0,2802.5905,0.0,2026-07-25 21:24:11.138902
movement,797,387,none,moved,0,0,636.1465,0.0,2026-07-25 21:24:11.193904
movement,785,377,none,moved,0,0,155.7889,0.0,2026-07-25 21:24:11.248689
movement,785,379,none,moved,0,0,73.7953,0.0,2026-07-25 21:24:11.303461
click,785,379,left,pressed,0,0,0.0,0.0,2026-07-25 21:24:11.625230
click,785,379,left,released,0,0,0.0,0.0,2026-07-25 21:24:11.845927
movement,781,387,none,moved,0,0,9.1561,0.0,2026-07-25 21:24:12.280335
movement,724,479,none,moved,0,0,1178.7147,0.0,2026-07-25 21:24:12.335186
movement,710,496,none,moved,0,0,0.0,0.0,2026-07-25 21:24:12.388057
movement,707,493,none,moved,0,0,217.8668,0.0,2026-07-25 21:24:12.443433
movement,708,486,none,moved,0,0,200.9568,0.0,2026-07-25 21:24:12.497759
click,709,484,right,pressed,0,0,0.0,0.0,2026-07-25 21:24:13.300331
click,709,484,right,released,0,0,0.0,0.0,2026-07-25 21:24:13.354626
idle,709,484,none,idle_start,0,0,0.0,0.0,2026-07-25 21:24:14.045963
idle,707,484,none,idle_end,0,0,0.0,0.0766,2026-07-25 21:24:14.122537
movement,707,484,none,moved,0,0,1.263,0.0,2026-07-25 21:24:14.123640
movement,665,487,none,moved,0,0,774.3243,0.0,2026-07-25 21:24:14.177157
movement,612,487,none,moved,0,0,1053.952,0.0,2026-07-25 21:24:14.232414
movement,578,480,none,moved,0,0,205.1004,0.0,2026-07-25 21:24:14.286992
click,574,477,left,pressed,0,0,0.0,0.0,2026-07-25 21:24:14.599650
click,574,477,left,released,0,0,0.0,0.0,2026-07-25 21:24:14.819231
movement,582,481,none,moved,0,0,9.1702,0.0,2026-07-25 21:24:15.293629
movement,677,521,none,moved,0,0,1925.9719,0.0,2026-07-25 21:24:15.345284
movement,789,528,none,moved,0,0,1951.3362,0.0,2026-07-25 21:24:15.397041
movement,868,514,none,moved,0,0,1059.2865,0.0,2026-07-25 21:24:15.451892
movement,892,511,none,moved,0,0,140.3387,0.0,2026-07-25 21:24:15.506555
idle,894,511,none,idle_start,0,0,0.0,0.0,2026-07-25 21:24:17.048960
idle,904,510,none,idle_end,0,0,0.0,0.9532,2026-07-25 21:24:18.002213
movement,904,510,none,moved,0,0,4.0497,0.0,2026-07-25 21:24:18.006324
movement,1099,486,none,moved,0,0,3581.9863,0.0,2026-07-25 21:24:18.056703
movement,1255,482,none,moved,0,0,2324.197,0.0,2026-07-25 21:24:18.111397
movement,1353,491,none,moved,0,0,1332.6523,0.0,2026-07-25 21:24:18.166529
movement,1398,498,none,moved,0,0,595.2417,0.0,2026-07-25 21:24:18.221155
movement,1445,503,none,moved,0,0,1026.937,0.0,2026-07-25 21:24:18.275981
movement,1476,504,none,moved,0,0,449.4379,0.0,2026-07-25 21:24:18.330881
movement,1481,500,none,moved,0,0,10.9466,0.0,2026-07-25 21:24:18.861325
movement,1550,441,none,moved,0,0,1129.294,0.0,2026-07-25 21:24:18.916082
movement,1572,429,none,moved,0,0,141.9536,0.0,2026-07-25 21:24:18.970875
movement,1572,430,none,moved,0,0,49.128,0.0,2026-07-25 21:24:19.032280
movement,1571,432,none,moved,0,0,20.7295,0.0,2026-07-25 21:24:19.129086
movement,1570,432,none,moved,0,0,12.1748,0.0,2026-07-25 21:24:19.211227
movement,1565,441,none,moved,0,0,331.5451,0.0,2026-07-25 21:24:19.265358
movement,1557,450,none,moved,0,0,112.1781,0.0,2026-07-25 21:24:19.319088
movement,1556,463,none,moved,0,0,566.052,0.0,2026-07-25 21:24:19.375241
movement,1560,505,none,moved,0,0,1035.2628,0.0,2026-07-25 21:24:19.430439
movement,1564,550,none,moved,0,0,673.6106,0.0,2026-07-25 21:24:19.486697
movement,1565,566,none,moved,0,0,73.7434,0.0,2026-07-25 21:24:19.548026
movement,1565,573,none,moved,0,0,369.0707,0.0,2026-07-25 21:24:19.601959
movement,1566,593,none,moved,0,0,302.0745,0.0,2026-07-25 21:24:19.657057
movement,1566,611,none,moved,0,0,147.2771,0.0,2026-07-25 21:24:19.711058
movement,1568,616,none,moved,0,0,25.4554,0.0,2026-07-25 21:24:19.814773
movement,1568,619,none,moved,0,0,153.4071,0.0,2026-07-25 21:24:19.870174
movement,1569,625,none,moved,0,0,164.8823,0.0,2026-07-25 21:24:19.925956
movement,1570,629,none,moved,0,0,48.867,0.0,2026-07-25 21:24:19.992142
movement,1571,629,none,moved,0,0,0.0,0.0,2026-07-25 21:24:20.054477
movement,1574,630,none,moved,0,0,73.5653,0.0,2026-07-25 21:24:20.108999
movement,1583,631,none,moved,0,0,149.407,0.0,2026-07-25 21:24:20.164458
movement,1595,632,none,moved,0,0,143.395,0.0,2026-07-25 21:24:20.218752
movement,1599,632,none,moved,0,0,24.424,0.0,2026-07-25 21:24:20.308144
movement,1599,631,none,moved,0,0,0.0,0.0,2026-07-25 21:24:20.362630
movement,1597,628,none,moved,0,0,51.3242,0.0,2026-07-25 21:24:20.431189
click,1597,628,left,pressed,0,0,0.0,0.0,2026-07-25 21:24:20.755370
movement,1596,622,none,moved,0,0,11.4396,0.0,2026-07-25 21:24:20.976565
movement,1587,541,none,moved,0,0,1188.5961,0.0,2026-07-25 21:24:21.030673
movement,1583,506,none,moved,0,0,459.6833,0.0,2026-07-25 21:24:21.085452
movement,1582,502,none,moved,0,0,37.2169,0.0,2026-07-25 21:24:21.147185
movement,1581,501,none,moved,0,0,20.8007,0.0,2026-07-25 21:24:21.236832
movement,1580,500,none,moved,0,0,28.7946,0.0,2026-07-25 21:24:21.299026
movement,1580,498,none,moved,0,0,23.8478,0.0,2026-07-25 21:24:21.367421
movement,1580,498,none,moved,0,0,0.0,0.0,2026-07-25 21:24:21.503720
click,1580,499,left,released,0,0,0.0,0.0,2026-07-25 21:24:21.558651
movement,1580,500,none,moved,0,0,1.3649,0.0,2026-07-25 21:24:22.263736
movement,1580,516,none,moved,0,0,144.2234,0.0,2026-07-25 21:24:22.318540
movement,1582,521,none,moved,0,0,103.2685,0.0,2026-07-25 21:24:22.373347
movement,1584,524,none,moved,0,0,0.0,0.0,2026-07-25 21:24:22.435018
movement,1586,524,none,moved,0,0,0.0,0.0,2026-07-25 21:24:22.489868
movement,1588,522,none,moved,0,0,0.0,0.0,2026-07-25 21:24:22.551520
movement,1589,516,none,moved,0,0,48.5722,0.0,2026-07-25 21:24:22.620054
movement,1589,512,none,moved,0,0,0.0,0.0,2026-07-25 21:24:22.688424
movement,1589,507,none,moved,0,0,71.5605,0.0,2026-07-25 21:24:22.743689
movement,1589,504,none,moved,0,0,50.0484,0.0,2026-07-25 21:24:22.812094
movement,1590,503,none,moved,0,0,10.3162,0.0,2026-07-25 21:24:22.970522
movement,1591,503,none,moved,0,0,18.4345,0.0,2026-07-25 21:24:23.024754
movement,1590,503,none,moved,0,0,2.161,0.0,2026-07-25 21:24:23.487504
movement,1540,519,none,moved,0,0,1418.9229,0.0,2026-07-25 21:24:23.541955
movement,1513,534,none,moved,0,0,202.8605,0.0,2026-07-25 21:24:23.596868
movement,1513,539,none,moved,0,0,73.6385,0.0,2026-07-25 21:24:23.658410
movement,1517,543,none,moved,0,0,147.8169,0.0,2026-07-25 21:24:23.713362
movement,1523,558,none,moved,0,0,477.5873,0.0,2026-07-25 21:24:23.768211
movement,1529,581,none,moved,0,0,296.8893,0.0,2026-07-25 21:24:23.822916
movement,1531,587,none,moved,0,0,34.4003,0.0,2026-07-25 21:24:23.905200
movement,1531,585,none,moved,0,0,146.3623,0.0,2026-07-25 21:24:23.959985
movement,1529,577,none,moved,0,0,328.7444,0.0,2026-07-25 21:24:24.014986
movement,1519,548,none,moved,0,0,752.2895,0.0,2026-07-25 21:24:24.070136
movement,1506,508,none,moved,0,0,609.1426,0.0,2026-07-25 21:24:24.125036
movement,1501,498,none,moved,0,0,0.0,0.0,2026-07-25 21:24:24.303703
movement,1501,497,none,moved,0,0,35.2353,0.0,2026-07-25 21:24:24.354623
movement,1501,494,none,moved,0,0,37.0221,0.0,2026-07-25 21:24:24.429002
movement,1501,493,none,moved,0,0,0.0,0.0,2026-07-25 21:24:24.482084
click,1501,493,left,pressed,0,0,0.0,0.0,2026-07-25 21:24:25.083838
movement,1501,494,none,moved,0,0,1.2419,0.0,2026-07-25 21:24:25.287321
movement,1507,546,none,moved,0,0,938.0312,0.0,2026-07-25 21:24:25.341931
movement,1513,576,none,moved,0,0,291.514,0.0,2026-07-25 21:24:25.396268
movement,1513,583,none,moved,0,0,0.0,0.0,2026-07-25 21:24:25.458320
movement,1514,585,none,moved,0,0,13.1783,0.0,2026-07-25 21:24:25.554637
movement,1514,585,none,moved,0,0,0.0,0.0,2026-07-25 21:24:26.034247
movement,1514,580,none,moved,0,0,73.1072,0.0,2026-07-25 21:24:26.089026
click,1513,579,left,released,0,0,0.0,0.0,2026-07-25 21:24:26.144015
movement,1515,579,none,moved,0,0,1.9682,0.0,2026-07-25 21:24:27.139516
movement,1547,579,none,moved,0,0,293.8319,0.0,2026-07-25 21:24:27.194410
movement,1557,579,none,moved,0,0,73.2783,0.0,2026-07-25 21:24:27.255928
movement,1558,579,none,moved,0,0,11.1353,0.0,2026-07-25 21:24:27.359237
movement,1563,581,none,moved,0,0,190.8078,0.0,2026-07-25 21:24:27.414232
movement,1580,588,none,moved,0,0,455.8862,0.0,2026-07-25 21:24:27.469064
movement,1592,592,none,moved,0,0,201.9076,0.0,2026-07-25 21:24:27.523365
movement,1595,592,none,moved,0,0,48.6815,0.0,2026-07-25 21:24:27.584983
movement,1597,592,none,moved,0,0,71.9132,0.0,2026-07-25 21:24:27.654058
movement,1603,590,none,moved,0,0,149.221,0.0,2026-07-25 21:24:27.708646
movement,1608,590,none,moved,0,0,48.4001,0.0,2026-07-25 21:24:27.770156
movement,1608,589,none,moved,0,0,9.1218,0.0,2026-07-25 21:24:27.879783
movement,1608,588,none,moved,0,0,0.0,0.0,2026-07-25 21:24:27.996371
movement,1606,587,none,moved,0,0,51.3865,0.0,2026-07-25 21:24:28.071739
click,1606,587,left,pressed,0,0,0.0,0.0,2026-07-25 21:24:28.701471
movement,1606,585,none,moved,0,0,2.3725,0.0,2026-07-25 21:24:28.935309
movement,1604,514,none,moved,0,0,1496.0067,0.0,2026-07-25 21:24:28.990934
movement,1604,459,none,moved,0,0,300.301,0.0,2026-07-25 21:24:29.044794
movement,1604,452,none,moved,0,0,0.0,0.0,2026-07-25 21:24:29.133849
movement,1603,450,none,moved,0,0,18.8471,0.0,2026-07-25 21:24:29.257148
movement,1603,438,none,moved,0,0,294.1926,0.0,2026-07-25 21:24:29.312098
movement,1598,411,none,moved,0,0,440.9023,0.0,2026-07-25 21:24:29.366922
movement,1593,396,none,moved,0,0,327.4131,0.0,2026-07-25 21:24:29.421803
movement,1592,391,none,moved,0,0,48.1716,0.0,2026-07-25 21:24:29.483701
movement,1591,390,none,moved,0,0,4.792,0.0,2026-07-25 21:24:29.813144
movement,1589,385,none,moved,0,0,51.8772,0.0,2026-07-25 21:24:29.867736
movement,1589,385,none,moved,0,0,0.0,0.0,2026-07-25 21:24:29.957334
movement,1589,387,none,moved,0,0,36.7892,0.0,2026-07-25 21:24:30.032278
click,1589,387,left,released,0,0,0.0,0.0,2026-07-25 21:24:30.053972
movement,1589,387,none,moved,0,0,0.0,0.0,2026-07-25 21:24:30.889736
movement,1587,385,none,moved,0,0,0.0,0.0,2026-07-25 21:24:30.944983
movement,1585,383,none,moved,0,0,0.0,0.0,2026-07-25 21:24:31.006086
movement,1578,374,none,moved,0,0,313.9856,0.0,2026-07-25 21:24:31.061191
movement,1566,361,none,moved,0,0,401.1525,0.0,2026-07-25 21:24:31.116186
movement,1556,347,none,moved,0,0,296.522,0.0,2026-07-25 21:24:31.170901
movement,1550,338,none,moved,0,0,331.0186,0.0,2026-07-25 21:24:31.225827
movement,1543,324,none,moved,0,0,295.3735,0.0,2026-07-25 21:24:31.280316
movement,1533,309,none,moved,0,0,319.7991,0.0,2026-07-25 21:24:31.335396
movement,1521,294,none,moved,0,0,313.0319,0.0,2026-07-25 21:24:31.390409
movement,1512,283,none,moved,0,0,203.7035,0.0,2026-07-25 21:24:31.445066
movement,1507,280,none,moved,0,0,0.0,0.0,2026-07-25 21:24:31.499936
movement,1505,278,none,moved,0,0,16.1021,0.0,2026-07-25 21:24:31.582297
movement,1494,277,none,moved,0,0,13.5534,0.0,2026-07-25 21:24:32.397254
movement,1282,255,none,moved,0,0,3138.7216,0.0,2026-07-25 21:24:32.450543
movement,1073,239,none,moved,0,0,3393.8392,0.0,2026-07-25 21:24:32.502852
movement,1004,239,none,moved,0,0,733.1038,0.0,2026-07-25 21:24:32.558099
click,982,250,left,pressed,0,0,0.0,0.0,2026-07-25 21:24:33.454513
click,982,250,left,released,0,0,0.0,0.0,2026-07-25 21:24:33.677922
idle,982,250,none,idle_start,0,0,0.0,0.0,2026-07-25 21:24:34.098023
click,982,250,left,pressed,0,0,0.0,0.0,2026-07-25 21:24:34.388053
idle,983,252,none,idle_end,0,0,0.0,0.5446,2026-07-25 21:24:34.642725
movement,983,252,none,moved,0,0,1.0907,0.0,2026-07-25 21:24:34.643891
movement,1006,277,none,moved,0,0,841.3974,0.0,2026-07-25 21:24:34.697596
movement,1026,298,none,moved,0,0,429.4868,0.0,2026-07-25 21:24:34.752610
movement,1042,316,none,moved,0,0,414.0907,0.0,2026-07-25 21:24:34.807237
movement,1056,330,none,moved,0,0,0.0,0.0,2026-07-25 21:24:34.862213
movement,1066,339,none,moved,0,0,147.1582,0.0,2026-07-25 21:24:34.916980
movement,1071,344,none,moved,0,0,0.0,0.0,2026-07-25 21:24:34.971898
movement,1073,346,none,moved,0,0,0.0,0.0,2026-07-25 21:24:35.040463
movement,1074,348,none,moved,0,0,20.6645,0.0,2026-07-25 21:24:35.137185
movement,1075,351,none,moved,0,0,70.1976,0.0,2026-07-25 21:24:35.198829
movement,1080,366,none,moved,0,0,321.9619,0.0,2026-07-25 21:24:35.253561
movement,1089,392,none,moved,0,0,453.0831,0.0,2026-07-25 21:24:35.308103
movement,1097,412,none,moved,0,0,327.5275,0.0,2026-07-25 21:24:35.362821
movement,1098,419,none,moved,0,0,73.125,0.0,2026-07-25 21:24:35.417720
movement,1099,419,none,moved,0,0,0.0,0.0,2026-07-25 21:24:35.520503
movement,1099,417,none,moved,0,0,36.1781,0.0,2026-07-25 21:24:35.596334
movement,1098,417,none,moved,0,0,24.3672,0.0,2026-07-25 21:24:35.657944
movement,1096,413,none,moved,0,0,146.8542,0.0,2026-07-25 21:24:35.712790
click,1096,413,left,released,0,0,0.0,0.0,2026-07-25 21:24:35.740004
movement,1093,417,none,moved,0,0,7.4767,0.0,2026-07-25 21:24:36.381527
movement,1050,465,none,moved,0,0,999.0198,0.0,2026-07-25 21:24:36.435938
movement,1035,481,none,moved,0,0,151.6653,0.0,2026-07-25 21:24:36.490544
movement,1035,482,none,moved,0,0,0.0,0.0,2026-07-25 21:24:36.579773
click,1035,481,left,pressed,0,0,0.0,0.0,2026-07-25 21:24:36.841748
click,1035,481,left,released,0,0,0.0,0.0,2026-07-25 21:24:37.071443
click,1035,481,left,pressed,0,0,0.0,0.0,2026-07-25 21:24:37.439433
movement,1033,481,none,moved,0,0,1.9594,0.0,2026-07-25 21:24:37.621116
movement,997,482,none,moved,0,0,1097.761,0.0,2026-07-25 21:24:37.675969
movement,940,487,none,moved,0,0,1016.9418,0.0,2026-07-25 21:24:37.730928
movement,881,494,none,moved,0,0,704.3332,0.0,2026-07-25 21:24:37.785868
movement,858,497,none,moved,0,0,293.616,0.0,2026-07-25 21:24:37.840578
movement,854,496,none,moved,0,0,36.5587,0.0,2026-07-25 21:24:37.909159
click,856,495,left,released,0,0,0.0,0.0,2026-07-25 21:24:37.977684
movement,857,491,none,moved,0,0,3.4714,0.0,2026-07-25 21:24:39.137951
movement,926,411,none,moved,0,0,2176.0215,0.0,2026-07-25 21:24:39.191650
movement,968,381,none,moved,0,0,270.8886,0.0,2026-07-25 21:24:39.247154
movement,970,380,none,moved,0,0,0.0,0.0,2026-07-25 21:24:39.308823
click,971,380,left,pressed,0,0,0.0,0.0,2026-07-25 21:24:39.595235
click,971,380,left,released,0,0,0.0,0.0,2026-07-25 21:24:39.815205
movement,964,390,none,moved,0,0,9.3254,0.0,2026-07-25 21:24:40.665270
movement,856,541,none,moved,0,0,3858.1269,0.0,2026-07-25 21:24:40.719982
movement,784,738,none,moved,0,0,2578.6936,0.0,2026-07-25 21:24:40.774854
movement,778,834,none,moved,0,0,1065.5707,0.0,2026-07-25 21:24:40.829635
movement,812,880,none,moved,0,0,821.5855,0.0,2026-07-25 21:24:40.884578
movement,849,912,none,moved,0,0,837.1597,0.0,2026-07-25 21:24:40.939389
movement,863,924,none,moved,0,0,74.0298,0.0,2026-07-25 21:24:41.001205
movement,854,925,none,moved,0,0,709.36,0.0,2026-07-25 21:24:41.056229
movement,758,916,none,moved,0,0,1525.2889,0.0,2026-07-25 21:24:41.110953
movement,712,926,none,moved,0,0,465.6002,0.0,2026-07-25 21:24:41.165592
movement,696,934,none,moved,0,0,210.0142,0.0,2026-07-25 21:24:41.220502
movement,693,936,none,moved,0,0,58.7996,0.0,2026-07-25 21:24:41.282304
movement,669,955,none,moved,0,0,702.7754,0.0,2026-07-25 21:24:41.337547
movement,641,986,none,moved,0,0,523.3882,0.0,2026-07-25 21:24:41.392044
movement,637,991,none,moved,0,0,36.4513,0.0,2026-07-25 21:24:41.447069
movement,635,981,none,moved,0,0,6.0615,0.0,2026-07-25 21:24:42.511001
movement,620,889,none,moved,0,0,1313.1777,0.0,2026-07-25 21:24:42.561737
movement,611,853,none,moved,0,0,201.3251,0.0,2026-07-25 21:24:42.616937
idle,611,853,none,idle_start,0,0,0.0,0.0,2026-07-25 21:24:44.154152
idle,605,858,none,idle_end,0,0,0.0,3.2607,2026-07-25 21:24:47.414872
movement,605,858,none,moved,0,0,1.6278,0.0,2026-07-25 21:24:47.415215
movement,520,945,none,moved,0,0,2059.7278,0.0,2026-07-25 21:24:47.468480
movement,447,999,none,moved,0,0,818.5778,0.0,2026-07-25 21:24:47.522544
movement,410,1010,none,moved,0,0,594.3887,0.0,2026-07-25 21:24:47.577105
movement,395,1009,none,moved,0,0,146.7412,0.0,2026-07-25 21:24:47.632118
movement,390,1006,none,moved,0,0,10.4383,0.0,2026-07-25 21:24:47.776148
movement,391,1008,none,moved,0,0,29.0018,0.0,2026-07-25 21:24:47.866250
movement,391,1007,none,moved,0,0,72.3655,0.0,2026-07-25 21:24:47.920693
movement,390,1002,none,moved,0,0,319.3092,0.0,2026-07-25 21:24:47.975108
movement,383,985,none,moved,0,0,487.7562,0.0,2026-07-25 21:24:48.029958
movement,377,973,none,moved,0,0,137.3425,0.0,2026-07-25 21:24:48.085342
movement,376,971,none,moved,0,0,0.0,0.0,2026-07-25 21:24:48.167645
click,376,971,left,pressed,0,0,0.0,0.0,2026-07-25 21:24:48.410214
click,376,971,left,released,0,0,0.0,0.0,2026-07-25 21:24:48.634480
idle,376,971,none,idle_start,0,0,0.0,0.0,2026-07-25 21:24:49.695028
movement,993,920,none,moved,0,0,0.0,0.0,2026-07-25 22:05:05.753962
movement,949,804,none,moved,0,0,2274.9741,0.0,2026-07-25 22:05:05.808539
movement,913,695,none,moved,0,0,1491.9362,0.0,2026-07-25 22:05:05.863525
movement,892,631,none,moved,0,0,775.7863,0.0,2026-07-25 22:05:05.918271
movement,879,608,none,moved,0,0,146.6437,0.0,2026-07-25 22:05:05.973045
movement,872,602,none,moved,0,0,0.0,0.0,2026-07-25 22:05:06.048319
click,871,601,left,pressed,0,0,0.0,0.0,2026-07-25 22:05:06.339886
click,871,601,left,released,0,0,0.0,0.0,2026-07-25 22:05:06.564926
idle,871,601,none,idle_start,0,0,0.0,0.0,2026-07-25 22:05:07.666465
idle,866,611,none,idle_end,0,0,0.0,0.0241,2026-07-25 22:05:07.690554
movement,866,611,none,moved,0,0,6.9237,0.0,2026-07-25 22:05:07.691219
movement,770,816,none,moved,0,0,4792.8885,0.0,2026-07-25 22:05:07.745425
movement,717,958,none,moved,0,0,1004.4096,0.0,2026-07-25 22:05:07.800384
movement,714,968,none,moved,0,0,0.0,0.0,2026-07-25 22:05:07.875773
movement,714,964,none,moved,0,0,0.0,0.0,2026-07-25 22:05:07.930489
movement,729,931,none,moved,0,0,21.2682,0.0,2026-07-25 22:05:09.528138
movement,969,697,none,moved,0,0,4185.541,0.0,2026-07-25 22:05:09.582973
movement,1097,704,none,moved,0,0,1969.7777,0.0,2026-07-25 22:05:09.637836
movement,1106,847,none,moved,0,0,5474.5216,0.0,2026-07-25 22:05:09.692701
movement,1026,994,none,moved,0,0,1051.873,0.0,2026-07-25 22:05:09.747663
movement,1005,998,none,moved,0,0,0.0,0.0,2026-07-25 22:05:09.802405
movement,1011,932,none,moved,0,0,5279.5438,0.0,2026-07-25 22:05:09.857430
movement,1032,751,none,moved,0,0,494.6891,0.0,2026-07-25 22:05:09.912081
movement,1027,748,none,moved,0,0,428.807,0.0,2026-07-25 22:05:09.967057
movement,932,836,none,moved,0,0,3234.982,0.0,2026-07-25 22:05:10.021745
movement,919,867,none,moved,0,0,28.3332,0.0,2026-07-25 22:05:10.304218
movement,1016,900,none,moved,0,0,1793.027,0.0,2026-07-25 22:05:10.359249
movement,1082,947,none,moved,0,0,867.939,0.0,2026-07-25 22:05:10.413593
movement,1093,976,none,moved,0,0,448.7486,0.0,2026-07-25 22:05:10.468553
movement,1096,990,none,moved,0,0,143.5865,0.0,2026-07-25 22:05:10.523499
movement,1098,993,none,moved,0,0,0.0,0.0,2026-07-25 22:05:10.619457
movement,1100,993,none,moved,0,0,146.25,0.0,2026-07-25 22:05:10.674283
movement,1124,994,none,moved,0,0,996.68,0.0,2026-07-25 22:05:10.729443
movement,1199,995,none,moved,0,0,1471.3759,0.0,2026-07-25 22:05:10.784144
movement,1266,997,none,moved,0,0,1280.1389,0.0,2026-07-25 22:05:10.839092
movement,1302,987,none,moved,0,0,66.3091,0.0,2026-07-25 22:05:11.183826
movement,1509,873,none,moved,0,0,1726.5429,0.0,2026-07-25 22:05:11.239716
movement,1534,864,none,moved,0,0,48.8164,0.0,2026-07-25 22:05:11.300409
movement,1532,866,none,moved,0,0,0.0,0.0,2026-07-25 22:05:11.362135
movement,1530,869,none,moved,0,0,145.0814,0.0,2026-07-25 22:05:11.417085
movement,1521,874,none,moved,0,0,323.6507,0.0,2026-07-25 22:05:11.471852
movement,1465,905,none,moved,0,0,1379.7039,0.0,2026-07-25 22:05:11.526647
movement,1389,920,none,moved,0,0,1305.0557,0.0,2026-07-25 22:05:11.581440
movement,1340,905,none,moved,0,0,720.1016,0.0,2026-07-25 22:05:11.636311
movement,1309,859,none,moved,0,0,641.633,0.0,2026-07-25 22:05:11.691335
movement,1304,845,none,moved,0,0,0.0,0.0,2026-07-25 22:05:11.752869
movement,1305,850,none,moved,0,0,292.4796,0.0,2026-07-25 22:05:11.807683
movement,1325,911,none,moved,0,0,1556.6393,0.0,2026-07-25 22:05:11.862421
movement,1354,976,none,moved,0,0,1156.9973,0.0,2026-07-25 22:05:11.917485
movement,1374,1020,none,moved,0,0,653.9131,0.0,2026-07-25 22:05:11.972637
movement,1384,1036,none,moved,0,0,296.4801,0.0,2026-07-25 22:05:12.027165
movement,1387,1040,none,moved,0,0,14.5591,0.0,2026-07-25 22:05:12.136876
movement,1387,1040,none,moved,0,0,0.0,0.0,2026-07-25 22:05:12.212229
movement,1387,1041,none,moved,0,0,16.1791,0.0,2026-07-25 22:05:12.274037
movement,1387,1042,none,moved,0,0,14.5578,0.0,2026-07-25 22:05:12.342730
movement,1387,1042,none,moved,0,0,0.0,0.0,2026-07-25 22:05:12.397341
click,1387,1042,left,pressed,0,0,0.0,0.0,2026-07-25 22:05:12.716177
click,1387,1042,left,released,0,0,0.0,0.0,2026-07-25 22:05:12.940194
movement,1385,1034,none,moved,0,0,9.2893,0.0,2026-07-25 22:05:13.285055
movement,1291,890,none,moved,0,0,5081.222,0.0,2026-07-25 22:05:13.339193
movement,1093,696,none,moved,0,0,5798.9411,0.0,2026-07-25 22:05:13.393650
movement,957,577,none,moved,0,0,1279.6146,0.0,2026-07-25 22:05:13.444972
movement,830,470,none,moved,0,0,741.8557,0.0,2026-07-25 22:05:13.495241
movement,820,456,none,moved,0,0,33.0618,0.0,2026-07-25 22:05:13.827310
movement,723,271,none,moved,0,0,3002.6966,0.0,2026-07-25 22:05:13.881841
movement,676,179,none,moved,0,0,1499.5679,0.0,2026-07-25 22:05:13.936852
movement,659,139,none,moved,0,0,315.1885,0.0,2026-07-25 22:05:13.991487
movement,657,135,none,moved,0,0,0.0,0.0,2026-07-25 22:05:14.053215
movement,655,136,none,moved,0,0,98.0367,0.0,2026-07-25 22:05:14.107827
movement,641,126,none,moved,0,0,368.4364,0.0,2026-07-25 22:05:14.163486
movement,628,115,none,moved,0,0,0.0,0.0,2026-07-25 22:05:14.217545
movement,626,117,none,moved,0,0,73.5894,0.0,2026-07-25 22:05:14.272363
movement,624,135,none,moved,0,0,491.7345,0.0,2026-07-25 22:05:14.327091
movement,622,172,none,moved,0,0,477.7837,0.0,2026-07-25 22:05:14.382054
movement,624,190,none,moved,0,0,208.2081,0.0,2026-07-25 22:05:14.436822
movement,625,199,none,moved,0,0,147.0757,0.0,2026-07-25 22:05:14.491606
movement,626,201,none,moved,0,0,0.0,0.0,2026-07-25 22:05:14.554709
movement,626,202,none,moved,0,0,0.0,0.0,2026-07-25 22:05:14.670067
movement,625,200,none,moved,0,0,0.0,0.0,2026-07-25 22:05:15.140452
movement,626,207,none,moved,0,0,297.5528,0.0,2026-07-25 22:05:15.195016
movement,627,212,none,moved,0,0,142.9746,0.0,2026-07-25 22:05:15.249964
movement,627,212,none,moved,0,0,0.0,0.0,2026-07-25 22:05:15.325465
click,627,212,left,pressed,0,0,0.0,0.0,2026-07-25 22:05:15.568065
click,627,212,left,released,0,0,0.0,0.0,2026-07-25 22:05:15.792941
scroll,627,212,none,scrolled_down,0,-1,0.0,0.0,2026-07-25 22:05:16.182324
scroll,627,212,none,scrolled_down,0,-1,0.0,0.0,2026-07-25 22:05:16.188657
scroll,627,212,none,scrolled_down,0,-1,0.0,0.0,2026-07-25 22:05:16.198078
scroll,627,212,none,scrolled_down,0,-1,0.0,0.0,2026-07-25 22:05:16.210154
scroll,627,212,none,scrolled_down,0,-1,0.0,0.0,2026-07-25 22:05:16.215865
scroll,627,212,none,scrolled_down,0,-1,0.0,0.0,2026-07-25 22:05:16.217842
scroll,627,212,none,scrolled_down,0,-1,0.0,0.0,2026-07-25 22:05:16.223217
scroll,627,212,none,scrolled_down,0,-1,0.0,0.0,2026-07-25 22:05:16.230029
scroll,627,212,none,scrolled_down,0,-1,0.0,0.0,2026-07-25 22:05:16.237142
scroll,627,212,none,scrolled_down,0,-2,0.0,0.0,2026-07-25 22:05:16.271838
scroll,627,212,none,scrolled_down,0,-2,0.0,0.0,2026-07-25 22:05:16.293681
scroll,627,212,none,scrolled_down,0,-1,0.0,0.0,2026-07-25 22:05:16.326785
scroll,627,212,none,scrolled_down,0,-1,0.0,0.0,2026-07-25 22:05:16.359236
idle,627,212,none,idle_start,0,0,0.0,0.0,2026-07-25 22:05:17.242540
idle,627,214,none,idle_end,0,0,0.0,1.7442,2026-07-25 22:05:18.986743
movement,627,214,none,moved,0,0,0.5463,0.0,2026-07-25 22:05:18.988014
movement,606,276,none,moved,0,0,1450.3961,0.0,2026-07-25 22:05:19.042155
movement,581,353,none,moved,0,0,278.6724,0.0,2026-07-25 22:05:19.128669
movement,533,448,none,moved,0,0,133.2921,0.0,2026-07-25 22:05:19.179448
movement,530,451,none,moved,0,0,16.2052,0.0,2026-07-25 22:05:19.288533
movement,530,449,none,moved,0,0,0.0,0.0,2026-07-25 22:05:19.357051
movement,530,447,none,moved,0,0,20.7578,0.0,2026-07-25 22:05:19.412055
movement,533,448,none,moved,0,0,29.9341,0.0,2026-07-25 22:05:19.507236
movement,536,449,none,moved,0,0,70.7493,0.0,2026-07-25 22:05:19.563081
movement,540,450,none,moved,0,0,0.0,0.0,2026-07-25 22:05:19.617686
movement,548,450,none,moved,0,0,0.0,0.0,2026-07-25 22:05:19.672969
movement,551,450,none,moved,0,0,29.4378,0.0,2026-07-25 22:05:19.734348
movement,552,450,none,moved,0,0,14.6128,0.0,2026-07-25 22:05:19.843853
movement,556,451,none,moved,0,0,0.0,0.0,2026-07-25 22:05:19.905553
movement,559,451,none,moved,0,0,24.3608,0.0,2026-07-25 22:05:19.960589
movement,559,451,none,moved,0,0,0.0,0.0,2026-07-25 22:05:20.026400
movement,557,450,none,moved,0,0,68.4757,0.0,2026-07-25 22:05:20.077076
movement,555,447,none,moved,0,0,68.2394,0.0,2026-07-25 22:05:20.145729
movement,554,445,none,moved,0,0,49.8181,0.0,2026-07-25 22:05:20.208268
movement,552,438,none,moved,0,0,253.6008,0.0,2026-07-25 22:05:20.260219
movement,534,395,none,moved,0,0,1246.304,0.0,2026-07-25 22:05:20.310645
movement,505,348,none,moved,0,0,1143.0063,0.0,2026-07-25 22:05:20.361433
movement,462,308,none,moved,0,0,1294.6471,0.0,2026-07-25 22:05:20.413285
movement,400,262,none,moved,0,0,1421.6061,0.0,2026-07-25 22:05:20.467924
movement,365,232,none,moved,0,0,264.7035,0.0,2026-07-25 22:05:20.529527
movement,356,227,none,moved,0,0,48.6595,0.0,2026-07-25 22:05:20.598244
movement,356,227,none,moved,0,0,0.0,0.0,2026-07-25 22:05:20.652035
movement,357,227,none,moved,0,0,36.5351,0.0,2026-07-25 22:05:20.707909
movement,359,230,none,moved,0,0,36.1955,0.0,2026-07-25 22:05:20.783609
movement,361,231,none,moved,0,0,0.0,0.0,2026-07-25 22:05:20.844997
movement,364,231,none,moved,0,0,0.0,0.0,2026-07-25 22:05:20.906534
movement,370,228,none,moved,0,0,0.0,0.0,2026-07-25 22:05:20.961704
movement,375,224,none,moved,0,0,73.2284,0.0,2026-07-25 22:05:21.023155
movement,377,221,none,moved,0,0,68.6723,0.0,2026-07-25 22:05:21.078154
movement,378,220,none,moved,0,0,47.7608,0.0,2026-07-25 22:05:21.140000
movement,380,220,none,moved,0,0,1.7652,0.0,2026-07-25 22:05:21.969886
movement,291,269,none,moved,0,0,2072.2154,0.0,2026-07-25 22:05:22.026464
movement,225,302,none,moved,0,0,477.5185,0.0,2026-07-25 22:05:22.076490
movement,210,304,none,moved,0,0,0.0,0.0,2026-07-25 22:05:22.132820
movement,207,301,none,moved,0,0,48.0387,0.0,2026-07-25 22:05:22.185528
movement,207,299,none,moved,0,0,0.0,0.0,2026-07-25 22:05:22.254210
movement,211,296,none,moved,0,0,113.3589,0.0,2026-07-25 22:05:22.316054
movement,234,283,none,moved,0,0,978.7882,0.0,2026-07-25 22:05:22.370896
movement,277,264,none,moved,0,0,659.0365,0.0,2026-07-25 22:05:22.425260
movement,286,261,none,moved,0,0,1962.4919,0.0,2026-07-25 22:05:22.476193
movement,286,261,none,moved,0,0,0.0,0.0,2026-07-25 22:05:22.571677
movement,286,261,none,moved,0,0,0.0,0.0,2026-07-25 22:05:22.637906
movement,285,261,none,moved,0,0,17.1979,0.0,2026-07-25 22:05:22.696054
movement,285,260,none,moved,0,0,20.7855,0.0,2026-07-25 22:05:22.782120
movement,286,258,none,moved,0,0,46.7618,0.0,2026-07-25 22:05:22.851437
movement,289,257,none,moved,0,0,0.0,0.0,2026-07-25 22:05:22.912363
movement,291,255,none,moved,0,0,0.0,0.0,2026-07-25 22:05:22.967397
movement,292,253,none,moved,0,0,0.0,0.0,2026-07-25 22:05:24.385316
movement,301,269,none,moved,0,0,232.5687,0.0,2026-07-25 22:05:24.441593
movement,308,287,none,moved,0,0,144.154,0.0,2026-07-25 22:05:24.494712
movement,310,297,none,moved,0,0,147.3806,0.0,2026-07-25 22:05:24.549567
movement,312,300,none,moved,0,0,142.7557,0.0,2026-07-25 22:05:24.604655
click,312,301,left,pressed,0,0,0.0,0.0,2026-07-25 22:05:24.937792
click,312,301,left,released,0,0,0.0,0.0,2026-07-25 22:05:25.167106
movement,309,301,none,moved,0,0,3.8514,0.0,2026-07-25 22:05:25.410816
movement,257,284,none,moved,0,0,343.2441,0.0,2026-07-25 22:05:25.475143
movement,145,256,none,moved,0,0,294.3888,0.0,2026-07-25 22:05:25.531311
movement,143,256,none,moved,0,0,23.6565,0.0,2026-07-25 22:05:25.594089
movement,142,256,none,moved,0,0,18.6404,0.0,2026-07-25 22:05:25.647736
movement,116,254,none,moved,0,0,594.7727,0.0,2026-07-25 22:05:25.704464
movement,70,248,none,moved,0,0,594.6891,0.0,2026-07-25 22:05:25.757671
movement,54,237,none,moved,0,0,349.9664,0.0,2026-07-25 22:05:25.812582
movement,51,231,none,moved,0,0,155.4886,0.0,2026-07-25 22:05:25.867400
movement,51,228,none,moved,0,0,72.0609,0.0,2026-07-25 22:05:25.922531
movement,51,226,none,moved,0,0,0.0,0.0,2026-07-25 22:05:25.977081
movement,52,223,none,moved,0,0,24.3953,0.0,2026-07-25 22:05:26.045678
movement,53,221,none,moved,0,0,0.0,0.0,2026-07-25 22:05:26.114217
movement,55,218,none,moved,0,0,48.16,0.0,2026-07-25 22:05:26.182987
movement,57,218,none,moved,0,0,0.0,0.0,2026-07-25 22:05:27.011799
movement,60,235,none,moved,0,0,335.1708,0.0,2026-07-25 22:05:27.066402
movement,63,249,none,moved,0,0,204.5394,0.0,2026-07-25 22:05:27.121609
movement,63,255,none,moved,0,0,145.5092,0.0,2026-07-25 22:05:27.176387
movement,63,257,none,moved,0,0,0.0,0.0,2026-07-25 22:05:27.238193
click,63,257,left,pressed,0,0,0.0,0.0,2026-07-25 22:05:27.523598
click,63,257,left,released,0,0,0.0,0.0,2026-07-25 22:05:27.747794
idle,63,257,none,idle_start,0,0,0.0,0.0,2026-07-25 22:05:28.928120
idle,49,257,none,idle_end,0,0,0.0,44.3827,2026-07-25 22:06:13.310925
movement,49,257,none,moved,0,0,0.3039,0.0,2026-07-25 22:06:13.318845
movement,-64,328,none,moved,0,0,2730.9057,0.0,2026-07-25 22:06:13.365748
movement,-14,452,none,moved,0,0,1795.6534,0.0,2026-07-25 22:06:13.420826
movement,0,479,none,moved,0,0,0.0,0.0,2026-07-25 22:06:13.475654
movement,54,494,none,moved,0,0,1499.0421,0.0,2026-07-25 22:06:13.530410
movement,136,503,none,moved,0,0,1369.3451,0.0,2026-07-25 22:06:13.585566
movement,152,500,none,moved,0,0,0.0,0.0,2026-07-25 22:06:13.642548
movement,122,457,none,moved,0,0,2000.2772,0.0,2026-07-25 22:06:13.697961
movement,43,404,none,moved,0,0,1930.8975,0.0,2026-07-25 22:06:13.751436
movement,-5,363,none,moved,0,0,478.5177,0.0,2026-07-25 22:06:13.807253
movement,-3,333,none,moved,0,0,515.7307,0.0,2026-07-25 22:06:13.863770
movement,-1,307,none,moved,0,0,982.5794,0.0,2026-07-25 22:06:13.914563
movement,0,297,none,moved,0,0,0.0,0.0,2026-07-25 22:06:13.969205
movement,37,337,none,moved,0,0,2346.8986,0.0,2026-07-25 22:06:14.024107
movement,206,524,none,moved,0,0,5463.9263,0.0,2026-07-25 22:06:14.078844
movement,323,656,none,moved,0,0,2160.804,0.0,2026-07-25 22:06:14.133907
movement,386,703,none,moved,0,0,5.9298,0.0,2026-07-25 22:06:14.519138
movement,388,681,none,moved,0,0,137.0643,0.0,2026-07-25 22:06:14.575148
movement,389,677,none,moved,0,0,0.0,0.0,2026-07-25 22:06:14.663642
movement,390,678,none,moved,0,0,52.1032,0.0,2026-07-25 22:06:14.724878
movement,390,681,none,moved,0,0,44.0731,0.0,2026-07-25 22:06:14.796824
idle,390,681,none,idle_start,0,0,0.0,0.0,2026-07-25 22:06:16.776811
idle,385,673,none,idle_end,0,0,0.0,3.5307,2026-07-25 22:06:20.307517
movement,385,673,none,moved,0,0,1.7119,0.0,2026-07-25 22:06:20.315930
movement,299,597,none,moved,0,0,1519.2283,0.0,2026-07-25 22:06:20.363351
movement,236,567,none,moved,0,0,481.9956,0.0,2026-07-25 22:06:20.415551
movement,234,566,none,moved,0,0,0.0,0.0,2026-07-25 22:06:20.477446
movement,252,567,none,moved,0,0,720.8442,0.0,2026-07-25 22:06:20.532730
movement,308,563,none,moved,0,0,1034.8293,0.0,2026-07-25 22:06:20.587083
movement,392,549,none,moved,0,0,1698.7121,0.0,2026-07-25 22:06:20.642411
movement,489,549,none,moved,0,0,1741.8809,0.0,2026-07-25 22:06:20.697117
movement,594,552,none,moved,0,0,2296.8897,0.0,2026-07-25 22:06:20.751488
movement,682,580,none,moved,0,0,1702.0473,0.0,2026-07-25 22:06:20.806452
movement,770,621,none,moved,0,0,1646.7235,0.0,2026-07-25 22:06:20.861553
movement,825,661,none,moved,0,0,928.4605,0.0,2026-07-25 22:06:20.916514
movement,861,685,none,moved,0,0,515.7485,0.0,2026-07-25 22:06:20.971560
movement,878,690,none,moved,0,0,2.139,0.0,2026-07-25 22:06:21.480280
movement,868,677,none,moved,0,0,344.5536,0.0,2026-07-25 22:06:21.534802
movement,864,670,none,moved,0,0,171.7218,0.0,2026-07-25 22:06:21.587619
movement,863,668,none,moved,0,0,143.1357,0.0,2026-07-25 22:06:21.642768
movement,860,668,none,moved,0,0,71.9484,0.0,2026-07-25 22:06:21.704515
movement,855,663,none,moved,0,0,319.3309,0.0,2026-07-25 22:06:21.759037
movement,853,659,none,moved,0,0,49.6291,0.0,2026-07-25 22:06:21.827881
movement,853,659,none,moved,0,0,0.0,0.0,2026-07-25 22:06:22.779038
movement,853,666,none,moved,0,0,297.9015,0.0,2026-07-25 22:06:22.834122
movement,854,674,none,moved,0,0,204.9776,0.0,2026-07-25 22:06:22.888815
movement,857,687,none,moved,0,0,224.5133,0.0,2026-07-25 22:06:22.943613
movement,860,701,none,moved,0,0,292.1944,0.0,2026-07-25 22:06:22.998389
movement,863,709,none,moved,0,0,204.0047,0.0,2026-07-25 22:06:23.053454
movement,863,712,none,moved,0,0,0.0,0.0,2026-07-25 22:06:23.121923
click,863,712,left,pressed,0,0,0.0,0.0,2026-07-25 22:06:23.393584
click,863,712,left,released,0,0,0.0,0.0,2026-07-25 22:06:23.620930
movement,859,712,none,moved,0,0,4.0334,0.0,2026-07-25 22:06:24.113636
movement,813,688,none,moved,0,0,822.6575,0.0,2026-07-25 22:06:24.168665
movement,793,679,none,moved,0,0,127.7894,0.0,2026-07-25 22:06:24.224463
movement,791,678,none,moved,0,0,20.5653,0.0,2026-07-25 22:06:24.299573
movement,789,676,none,moved,0,0,155.4137,0.0,2026-07-25 22:06:24.353521
movement,784,671,none,moved,0,0,141.6516,0.0,2026-07-25 22:06:24.408500
movement,774,659,none,moved,0,0,445.4355,0.0,2026-07-25 22:06:24.463028
movement,758,648,none,moved,0,0,385.0982,0.0,2026-07-25 22:06:24.519717
movement,745,643,none,moved,0,0,142.2184,0.0,2026-07-25 22:06:24.573122
movement,742,643,none,moved,0,0,0.0,0.0,2026-07-25 22:06:24.669096
movement,743,644,none,moved,0,0,22.9812,0.0,2026-07-25 22:06:24.730633
movement,744,644,none,moved,0,0,13.2134,0.0,2026-07-25 22:06:24.806317
movement,744,646,none,moved,0,0,2.933,0.0,2026-07-25 22:06:25.488204
movement,748,669,none,moved,0,0,488.0254,0.0,2026-07-25 22:06:25.542953
movement,750,680,none,moved,0,0,48.053,0.0,2026-07-25 22:06:25.612039
movement,750,681,none,moved,0,0,0.0,0.0,2026-07-25 22:06:25.666765
movement,750,683,none,moved,0,0,48.2859,0.0,2026-07-25 22:06:25.728854
movement,750,688,none,moved,0,0,70.0428,0.0,2026-07-25 22:06:25.790547
movement,750,688,none,moved,0,0,1.7446,0.0,2026-07-25 22:06:26.377193
movement,750,671,none,moved,0,0,0.0,0.0,2026-07-25 22:06:26.431359
movement,750,663,none,moved,0,0,71.9854,0.0,2026-07-25 22:06:26.492417
movement,750,660,none,moved,0,0,35.7967,0.0,2026-07-25 22:06:26.568424
movement,750,659,none,moved,0,0,29.6428,0.0,2026-07-25 22:06:26.636670
movement,750,657,none,moved,0,0,24.372,0.0,2026-07-25 22:06:26.718718
movement,750,658,none,moved,0,0,1.1075,0.0,2026-07-25 22:06:27.621640
movement,756,691,none,moved,0,0,603.7621,0.0,2026-07-25 22:06:27.676438
movement,759,710,none,moved,0,0,162.0048,0.0,2026-07-25 22:06:27.731097
movement,760,714,none,moved,0,0,0.0,0.0,2026-07-25 22:06:27.786745
movement,760,714,none,moved,0,0,0.0,0.0,2026-07-25 22:06:27.917599
click,760,714,left,pressed,0,0,0.0,0.0,2026-07-25 22:06:28.183006
click,760,714,left,released,0,0,0.0,0.0,2026-07-25 22:06:28.410351
movement,767,712,none,moved,0,0,9.7545,0.0,2026-07-25 22:06:28.683320
movement,869,668,none,moved,0,0,1776.3531,0.0,2026-07-25 22:06:28.736969
movement,913,653,none,moved,0,0,246.3663,0.0,2026-07-25 22:06:28.797190
movement,917,653,none,moved,0,0,9.1051,0.0,2026-07-25 22:06:28.929031
movement,928,653,none,moved,0,0,412.9471,0.0,2026-07-25 22:06:28.984348
movement,947,655,none,moved,0,0,448.6846,0.0,2026-07-25 22:06:29.038886
movement,954,655,none,moved,0,0,0.0,0.0,2026-07-25 22:06:29.107311
movement,954,657,none,moved,0,0,2.251,0.0,2026-07-25 22:06:29.995804
movement,954,685,none,moved,0,0,294.3061,0.0,2026-07-25 22:06:30.050427
movement,954,699,none,moved,0,0,0.0,0.0,2026-07-25 22:06:30.105601
movement,954,704,none,moved,0,0,0.0,0.0,2026-07-25 22:06:30.161190
movement,954,707,none,moved,0,0,0.0,0.0,2026-07-25 22:06:30.222649
click,954,709,left,pressed,0,0,0.0,0.0,2026-07-25 22:06:30.592386
click,954,709,left,released,0,0,0.0,0.0,2026-07-25 22:06:30.820500
movement,951,700,none,moved,0,0,11.2186,0.0,2026-07-25 22:06:31.115752
movement,901,619,none,moved,0,0,1034.6374,0.0,2026-07-25 22:06:31.170436
movement,891,605,none,moved,0,0,0.0,0.0,2026-07-25 22:06:31.232238
scroll,891,605,none,scrolled_down,0,-2,0.0,0.0,2026-07-25 22:06:31.522994
scroll,891,605,none,scrolled_down,0,-1,0.0,0.0,2026-07-25 22:06:31.526782
scroll,891,605,none,scrolled_down,0,-4,0.0,0.0,2026-07-25 22:06:31.645093
scroll,891,605,none,scrolled_down,0,-1,0.0,0.0,2026-07-25 22:06:31.663121
scroll,891,605,none,scrolled_down,0,-1,0.0,0.0,2026-07-25 22:06:31.678169
scroll,891,605,none,scrolled_down,0,-1,0.0,0.0,2026-07-25 22:06:31.694320
scroll,891,605,none,scrolled_down,0,-1,0.0,0.0,2026-07-25 22:06:31.710152
scroll,891,605,none,scrolled_down,0,-1,0.0,0.0,2026-07-25 22:06:31.755839
scroll,891,605,none,scrolled_down,0,-1,0.0,0.0,2026-07-25 22:06:31.771115
scroll,891,605,none,scrolled_down,0,-1,0.0,0.0,2026-07-25 22:06:31.786991
scroll,891,605,none,scrolled_down,0,0,0.0,0.0,2026-07-25 22:06:31.833516
scroll,891,605,none,scrolled_down,0,0,0.0,0.0,2026-07-25 22:06:31.837739
scroll,891,605,none,scrolled_down,0,0,0.0,0.0,2026-07-25 22:06:31.846458
scroll,891,605,none,scrolled_down,0,0,0.0,0.0,2026-07-25 22:06:31.852004
scroll,891,605,none,scrolled_down,0,0,0.0,0.0,2026-07-25 22:06:31.855862
scroll,891,605,none,scrolled_down,0,0,0.0,0.0,2026-07-25 22:06:31.863541
scroll,891,605,none,scrolled_down,0,0,0.0,0.0,2026-07-25 22:06:31.871390
scroll,891,605,none,scrolled_down,0,0,0.0,0.0,2026-07-25 22:06:31.877220
scroll,891,605,none,scrolled_down,0,0,0.0,0.0,2026-07-25 22:06:31.884048
scroll,891,605,none,scrolled_down,0,0,0.0,0.0,2026-07-25 22:06:31.890801
scroll,891,605,none,scrolled_down,0,0,0.0,0.0,2026-07-25 22:06:31.897749
scroll,891,605,none,scrolled_down,0,0,0.0,0.0,2026-07-25 22:06:31.904291
scroll,891,605,none,scrolled_down,0,0,0.0,0.0,2026-07-25 22:06:31.911401
scroll,891,605,none,scrolled_down,0,0,0.0,0.0,2026-07-25 22:06:31.918405
scroll,891,605,none,scrolled_down,0,0,0.0,0.0,2026-07-25 22:06:31.924964
scroll,891,605,none,scrolled_down,0,0,0.0,0.0,2026-07-25 22:06:31.931796
scroll,891,605,none,scrolled_down,0,0,0.0,0.0,2026-07-25 22:06:31.939022
scroll,891,605,none,scrolled_down,0,0,0.0,0.0,2026-07-25 22:06:31.945574
scroll,891,605,none,scrolled_down,0,0,0.0,0.0,2026-07-25 22:06:31.952878
scroll,891,605,none,scrolled_down,0,0,0.0,0.0,2026-07-25 22:06:31.959125
scroll,891,605,none,scrolled_down,0,0,0.0,0.0,2026-07-25 22:06:31.966004
scroll,891,605,none,scrolled_down,0,0,0.0,0.0,2026-07-25 22:06:32.020105
scroll,891,605,none,scrolled_down,0,0,0.0,0.0,2026-07-25 22:06:32.036260
scroll,891,605,none,scrolled_down,0,0,0.0,0.0,2026-07-25 22:06:32.053680
scroll,891,605,none,scrolled_down,0,0,0.0,0.0,2026-07-25 22:06:32.068802
scroll,891,605,none,scrolled_down,0,0,0.0,0.0,2026-07-25 22:06:32.102128
scroll,891,605,none,scrolled_down,0,0,0.0,0.0,2026-07-25 22:06:32.115049
movement,887,596,none,moved,0,0,7.3068,0.0,2026-07-25 22:06:32.600781
movement,798,443,none,moved,0,0,3750.6344,0.0,2026-07-25 22:06:32.656130
movement,691,301,none,moved,0,0,2650.9293,0.0,2026-07-25 22:06:32.710911
movement,584,228,none,moved,0,0,1918.3772,0.0,2026-07-25 22:06:32.765865
movement,446,219,none,moved,0,0,2716.7407,0.0,2026-07-25 22:06:32.820645
movement,305,258,none,moved,0,0,2790.8037,0.0,2026-07-25 22:06:32.875295
movement,304,256,none,moved,0,0,21.6582,0.0,2026-07-25 22:06:33.215574
movement,406,179,none,moved,0,0,2441.8375,0.0,2026-07-25 22:06:33.269836
movement,471,157,none,moved,0,0,656.2795,0.0,2026-07-25 22:06:33.325080
movement,521,169,none,moved,0,0,950.3399,0.0,2026-07-25 22:06:33.379969
movement,577,187,none,moved,0,0,1290.8811,0.0,2026-07-25 22:06:33.434243
movement,622,202,none,moved,0,0,693.7201,0.0,2026-07-25 22:06:33.489231
movement,652,214,none,moved,0,0,681.8925,0.0,2026-07-25 22:06:33.543886
movement,699,237,none,moved,0,0,971.6561,0.0,2026-07-25 22:06:33.598573
movement,760,283,none,moved,0,0,1764.4672,0.0,2026-07-25 22:06:33.653566
movement,810,338,none,moved,0,0,1229.3558,0.0,2026-07-25 22:06:33.709104
movement,862,399,none,moved,0,0,1240.818,0.0,2026-07-25 22:06:33.764276
movement,909,424,none,moved,0,0,15.8566,0.0,2026-07-25 22:06:34.258052
movement,897,364,none,moved,0,0,682.0672,0.0,2026-07-25 22:06:34.313216
movement,895,340,none,moved,0,0,132.8952,0.0,2026-07-25 22:06:34.368074
movement,895,340,none,moved,0,0,0.0,0.0,2026-07-25 22:06:34.498400
movement,895,340,none,moved,0,0,0.0,0.0,2026-07-25 22:06:34.600937
movement,895,343,none,moved,0,0,3.2186,0.0,2026-07-25 22:06:35.533012
movement,889,389,none,moved,0,0,721.5634,0.0,2026-07-25 22:06:35.586295
movement,886,421,none,moved,0,0,433.6094,0.0,2026-07-25 22:06:35.640834
movement,886,432,none,moved,0,0,0.0,0.0,2026-07-25 22:06:35.695914
movement,886,434,none,moved,0,0,16.0851,0.0,2026-07-25 22:06:35.792105
movement,886,435,none,moved,0,0,14.603,0.0,2026-07-25 22:06:35.908506
click,886,434,left,pressed,0,0,0.0,0.0,2026-07-25 22:06:36.200576
click,886,434,left,released,0,0,0.0,0.0,2026-07-25 22:06:36.421031
idle,886,434,none,idle_start,0,0,0.0,0.0,2026-07-25 22:06:37.840284
scroll,886,434,none,scrolled_down,0,0,0.0,0.0,2026-07-25 22:06:38.297993
scroll,886,434,none,scrolled_down,0,0,0.0,0.0,2026-07-25 22:06:38.304579
scroll,886,434,none,scrolled_down,1,0,0.0,0.0,2026-07-25 22:06:38.335011
scroll,886,434,none,scrolled_down,0,0,0.0,0.0,2026-07-25 22:06:38.340485
scroll,886,434,none,scrolled_down,0,0,0.0,0.0,2026-07-25 22:06:38.344721
scroll,886,434,none,scrolled_down,0,0,0.0,0.0,2026-07-25 22:06:38.356091
scroll,886,434,none,scrolled_down,0,0,0.0,0.0,2026-07-25 22:06:38.362275
scroll,886,434,none,scrolled_down,0,0,0.0,0.0,2026-07-25 22:06:38.365979
scroll,886,434,none,scrolled_down,0,0,0.0,0.0,2026-07-25 22:06:38.373619
scroll,886,434,none,scrolled_down,0,0,0.0,0.0,2026-07-25 22:06:38.378948
scroll,886,434,none,scrolled_down,0,0,0.0,0.0,2026-07-25 22:06:38.385989
scroll,886,434,none,scrolled_down,0,0,0.0,0.0,2026-07-25 22:06:38.392574
scroll,886,434,none,scrolled_down,0,0,0.0,0.0,2026-07-25 22:06:38.399402
scroll,886,434,none,scrolled_down,1,0,0.0,0.0,2026-07-25 22:06:38.419326
scroll,886,434,none,scrolled_down,0,0,0.0,0.0,2026-07-25 22:06:38.431972
scroll,886,434,none,scrolled_down,0,0,0.0,0.0,2026-07-25 22:06:38.449984
scroll,886,434,none,scrolled_down,0,0,0.0,0.0,2026-07-25 22:06:38.465764
scroll,886,434,none,scrolled_down,0,0,0.0,0.0,2026-07-25 22:06:38.482303
scroll,886,434,none,scrolled_down,0,0,0.0,0.0,2026-07-25 22:06:38.484350
scroll,886,434,none,scrolled_down,-1,0,0.0,0.0,2026-07-25 22:06:38.819766
scroll,886,434,none,scrolled_down,-1,0,0.0,0.0,2026-07-25 22:06:38.826098
scroll,886,434,none,scrolled_down,-1,0,0.0,0.0,2026-07-25 22:06:38.830850
scroll,886,434,none,scrolled_down,-1,0,0.0,0.0,2026-07-25 22:06:38.837281
scroll,886,434,none,scrolled_down,-2,0,0.0,0.0,2026-07-25 22:06:38.854985
scroll,886,434,none,scrolled_down,-1,0,0.0,0.0,2026-07-25 22:06:38.857656
scroll,886,434,none,scrolled_down,-1,0,0.0,0.0,2026-07-25 22:06:38.865464
scroll,886,434,none,scrolled_down,-1,0,0.0,0.0,2026-07-25 22:06:38.872074
scroll,886,434,none,scrolled_down,-1,0,0.0,0.0,2026-07-25 22:06:38.878860
scroll,886,434,none,scrolled_down,-1,0,0.0,0.0,2026-07-25 22:06:38.886230
scroll,886,434,none,scrolled_down,-1,0,0.0,0.0,2026-07-25 22:06:38.893656
scroll,886,434,none,scrolled_down,-1,0,0.0,0.0,2026-07-25 22:06:38.899272
scroll,886,434,none,scrolled_down,-1,0,0.0,0.0,2026-07-25 22:06:38.906001
scroll,886,434,none,scrolled_down,-1,0,0.0,0.0,2026-07-25 22:06:38.913585
scroll,886,434,none,scrolled_down,-1,0,0.0,0.0,2026-07-25 22:06:38.919870
scroll,886,434,none,scrolled_down,-1,0,0.0,0.0,2026-07-25 22:06:38.927100
scroll,886,434,none,scrolled_down,-1,0,0.0,0.0,2026-07-25 22:06:38.933081
scroll,886,434,none,scrolled_down,-1,0,0.0,0.0,2026-07-25 22:06:38.939964
scroll,886,434,none,scrolled_down,-1,0,0.0,0.0,2026-07-25 22:06:38.947141
scroll,886,434,none,scrolled_down,-1,0,0.0,0.0,2026-07-25 22:06:38.983662
scroll,886,434,none,scrolled_down,-1,0,0.0,0.0,2026-07-25 22:06:38.998902
scroll,886,434,none,scrolled_down,-2,0,0.0,0.0,2026-07-25 22:06:39.037677
scroll,886,434,none,scrolled_down,-1,0,0.0,0.0,2026-07-25 22:06:39.045257
scroll,886,434,none,scrolled_down,-1,0,0.0,0.0,2026-07-25 22:06:39.060799
scroll,886,434,none,scrolled_down,-1,0,0.0,0.0,2026-07-25 22:06:39.076458
scroll,886,434,none,scrolled_down,-1,0,0.0,0.0,2026-07-25 22:06:39.091734
scroll,886,434,none,scrolled_down,-1,0,0.0,0.0,2026-07-25 22:06:39.106949
scroll,886,434,none,scrolled_down,-1,0,0.0,0.0,2026-07-25 22:06:39.120586
scroll,886,434,none,scrolled_down,-1,0,0.0,0.0,2026-07-25 22:06:39.138459
scroll,886,434,none,scrolled_down,-1,0,0.0,0.0,2026-07-25 22:06:39.154185
scroll,886,434,none,scrolled_down,-1,0,0.0,0.0,2026-07-25 22:06:39.170319
scroll,886,434,none,scrolled_down,-1,0,0.0,0.0,2026-07-25 22:06:39.185968
scroll,886,434,none,scrolled_down,-1,0,0.0,0.0,2026-07-25 22:06:39.201213
scroll,886,434,none,scrolled_down,-1,0,0.0,0.0,2026-07-25 22:06:39.216504
scroll,886,434,none,scrolled_down,-1,0,0.0,0.0,2026-07-25 22:06:39.232873
idle,881,450,none,idle_end,0,0,0.0,2.0347,2026-07-25 22:06:39.875024
movement,881,450,none,moved,0,0,4.2631,0.0,2026-07-25 22:06:39.875784
movement,852,534,none,moved,0,0,3.186,0.0,2026-07-25 22:06:41.785397
movement,834,615,none,moved,0,0,1089.048,0.0,2026-07-25 22:06:41.840049
movement,788,674,none,moved,0,0,3695.7269,0.0,2026-07-25 22:06:41.891685
movement,735,703,none,moved,0,0,1635.0817,0.0,2026-07-25 22:06:41.946806
movement,691,720,none,moved,0,0,647.8602,0.0,2026-07-25 22:06:42.001753
movement,656,744,none,moved,0,0,1022.69,0.0,2026-07-25 22:06:42.056562
movement,620,761,none,moved,0,0,546.7184,0.0,2026-07-25 22:06:42.111182
movement,600,773,none,moved,0,0,422.6365,0.0,2026-07-25 22:06:42.167750
movement,582,793,none,moved,0,0,564.5145,0.0,2026-07-25 22:06:42.221377
movement,566,829,none,moved,0,0,648.5547,0.0,2026-07-25 22:06:42.275999
movement,551,864,none,moved,0,0,882.9802,0.0,2026-07-25 22:06:42.330761
movement,535,894,none,moved,0,0,209.8508,0.0,2026-07-25 22:06:42.385689
movement,514,893,none,moved,0,0,42.387,0.0,2026-07-25 22:06:42.713143
movement,465,900,none,moved,0,0,0.0,0.0,2026-07-25 22:06:42.768090
movement,464,902,none,moved,0,0,108.8774,0.0,2026-07-25 22:06:42.822822
movement,467,908,none,moved,0,0,286.2908,0.0,2026-07-25 22:06:42.878175
movement,470,916,none,moved,0,0,124.6672,0.0,2026-07-25 22:06:42.933749
movement,470,919,none,moved,0,0,30.4233,0.0,2026-07-25 22:06:43.008323
movement,471,920,none,moved,0,0,29.1583,0.0,2026-07-25 22:06:43.084225
movement,475,927,none,moved,0,0,238.1965,0.0,2026-07-25 22:06:43.141419
movement,483,941,none,moved,0,0,0.0,0.0,2026-07-25 22:06:43.194261
click,485,942,left,pressed,0,0,0.0,0.0,2026-07-25 22:06:43.474086
click,485,942,left,released,0,0,0.0,0.0,2026-07-25 22:06:43.690117
movement,452,803,none,moved,0,0,0.0,0.0,2026-07-25 22:09:56.133776
movement,342,769,none,moved,0,0,2899.8292,0.0,2026-07-25 22:09:56.187849
movement,186,775,none,moved,0,0,2981.7829,0.0,2026-07-25 22:09:56.242526
movement,59,820,none,moved,0,0,2281.2995,0.0,2026-07-25 22:09:56.297412
movement,20,852,none,moved,0,0,278.645,0.0,2026-07-25 22:09:56.352678
movement,60,865,none,moved,0,0,1498.608,0.0,2026-07-25 22:09:56.407148
movement,220,795,none,moved,0,0,4076.8238,0.0,2026-07-25 22:09:56.462093
movement,331,738,none,moved,0,0,1200.2997,0.0,2026-07-25 22:09:56.516961
movement,352,734,none,moved,0,0,146.1125,0.0,2026-07-25 22:09:56.571737
movement,361,758,none,moved,0,0,751.3645,0.0,2026-07-25 22:09:56.626473
movement,370,800,none,moved,0,0,721.675,0.0,2026-07-25 22:09:56.680466
movement,385,822,none,moved,0,0,312.9692,0.0,2026-07-25 22:09:56.735593
movement,400,824,none,moved,0,0,266.9916,0.0,2026-07-25 22:09:56.790655
movement,406,828,none,moved,0,0,17.83,0.0,2026-07-25 22:09:57.195097
movement,474,879,none,moved,0,0,1468.6115,0.0,2026-07-25 22:09:57.249677
movement,509,889,none,moved,0,0,295.2799,0.0,2026-07-25 22:09:57.304731
movement,514,872,none,moved,0,0,15.5234,0.0,2026-07-25 22:09:58.177823
movement,573,567,none,moved,0,0,7608.0715,0.0,2026-07-25 22:09:58.232694
movement,627,314,none,moved,0,0,2656.2812,0.0,2026-07-25 22:09:58.287313
movement,634,281,none,moved,0,0,144.5365,0.0,2026-07-25 22:09:58.342113
movement,629,292,none,moved,0,0,8.2586,0.0,2026-07-25 22:09:59.805214
movement,543,561,none,moved,0,0,4000.3006,0.0,2026-07-25 22:09:59.858900
movement,530,697,none,moved,0,0,1240.1438,0.0,2026-07-25 22:09:59.914113
movement,536,725,none,moved,0,0,346.041,0.0,2026-07-25 22:09:59.968603
movement,543,752,none,moved,0,0,792.6938,0.0,2026-07-25 22:10:00.023398
movement,546,817,none,moved,0,0,2032.6164,0.0,2026-07-25 22:10:00.078117
movement,549,922,none,moved,0,0,1680.4664,0.0,2026-07-25 22:10:00.133212
movement,551,956,none,moved,0,0,152.2654,0.0,2026-07-25 22:10:00.188043
movement,551,956,none,moved,0,0,0.0,0.0,2026-07-25 22:10:00.256842
movement,552,955,none,moved,0,0,49.3732,0.0,2026-07-25 22:10:00.325196
movement,558,947,none,moved,0,0,7.7627,0.0,2026-07-25 22:10:01.281766
movement,692,749,none,moved,0,0,6334.6406,0.0,2026-07-25 22:10:01.336521
movement,840,522,none,moved,0,0,2349.4232,0.0,2026-07-25 22:10:01.392003
movement,869,475,none,moved,0,0,141.8432,0.0,2026-07-25 22:10:01.446335
movement,867,474,none,moved,0,0,36.4032,0.0,2026-07-25 22:10:01.521213
movement,866,470,none,moved,0,0,279.9562,0.0,2026-07-25 22:10:01.576452
click,866,470,left,pressed,0,0,0.0,0.0,2026-07-25 22:10:01.861805
click,866,470,left,released,0,0,0.0,0.0,2026-07-25 22:10:02.088937
movement,864,472,none,moved,0,0,1.8102,0.0,2026-07-25 22:10:03.138947
movement,820,538,none,moved,0,0,1793.8566,0.0,2026-07-25 22:10:03.193118
movement,785,592,none,moved,0,0,1339.6413,0.0,2026-07-25 22:10:03.247977
movement,742,654,none,moved,0,0,1021.7748,0.0,2026-07-25 22:10:03.302652
movement,726,679,none,moved,0,0,336.397,0.0,2026-07-25 22:10:03.357482
movement,725,682,none,moved,0,0,0.0,0.0,2026-07-25 22:10:03.419208
movement,724,686,none,moved,0,0,18.628,0.0,2026-07-25 22:10:03.839951
movement,714,792,none,moved,0,0,2414.9281,0.0,2026-07-25 22:10:03.894645
movement,712,907,none,moved,0,0,1642.3562,0.0,2026-07-25 22:10:03.949911
movement,712,945,none,moved,0,0,161.9422,0.0,2026-07-25 22:10:04.004430
movement,712,945,none,moved,0,0,16.3187,0.0,2026-07-25 22:10:04.079682
movement,712,945,none,moved,0,0,0.0,0.0,2026-07-25 22:10:04.155508
movement,716,946,none,moved,0,0,204.3984,0.0,2026-07-25 22:10:04.210066
movement,748,955,none,moved,0,0,1229.8079,0.0,2026-07-25 22:10:04.265507
movement,808,975,none,moved,0,0,1059.7645,0.0,2026-07-25 22:10:04.319868
movement,847,990,none,moved,0,0,531.3509,0.0,2026-07-25 22:10:04.374619
movement,853,993,none,moved,0,0,0.0,0.0,2026-07-25 22:10:04.449980
movement,848,992,none,moved,0,0,18.7028,0.0,2026-07-25 22:10:04.724331
movement,775,1000,none,moved,0,0,1443.6733,0.0,2026-07-25 22:10:04.779438
movement,701,991,none,moved,0,0,1355.7394,0.0,2026-07-25 22:10:04.834041
movement,644,967,none,moved,0,0,813.5178,0.0,2026-07-25 22:10:04.889224
movement,629,960,none,moved,0,0,0.0,0.0,2026-07-25 22:10:04.951117
movement,629,961,none,moved,0,0,153.0824,0.0,2026-07-25 22:10:05.005503
movement,631,962,none,moved,0,0,33.9482,0.0,2026-07-25 22:10:05.067747
movement,631,965,none,moved,0,0,47.7244,0.0,2026-07-25 22:10:05.136622
movement,631,968,none,moved,0,0,46.0786,0.0,2026-07-25 22:10:05.205472
movement,631,970,none,moved,0,0,36.0462,0.0,2026-07-25 22:10:05.273240
click,631,971,left,pressed,0,0,0.0,0.0,2026-07-25 22:10:05.653297
click,631,971,left,released,0,0,0.0,0.0,2026-07-25 22:10:05.882418
click,631,971,left,pressed,0,0,0.0,0.0,2026-07-25 22:10:06.580162
movement,631,971,none,moved,0,0,0.0,0.0,2026-07-25 22:10:06.776033
movement,605,950,none,moved,0,0,809.3385,0.0,2026-07-25 22:10:06.831024
movement,557,897,none,moved,0,0,1226.0102,0.0,2026-07-25 22:10:06.886127
movement,516,859,none,moved,0,0,1041.5854,0.0,2026-07-25 22:10:06.940681
movement,476,837,none,moved,0,0,669.3369,0.0,2026-07-25 22:10:06.995490
movement,445,824,none,moved,0,0,512.4628,0.0,2026-07-25 22:10:07.050523
movement,417,812,none,moved,0,0,302.8378,0.0,2026-07-25 22:10:07.105139
movement,396,802,none,moved,0,0,429.8758,0.0,2026-07-25 22:10:07.160390
movement,383,798,none,moved,0,0,308.6231,0.0,2026-07-25 22:10:07.215235
movement,380,797,none,moved,0,0,36.348,0.0,2026-07-25 22:10:07.269845
movement,380,797,none,moved,0,0,0.0,0.0,2026-07-25 22:10:07.338307
click,380,797,left,released,0,0,0.0,0.0,2026-07-25 22:10:07.366162
movement,381,798,none,moved,0,0,1.6331,0.0,2026-07-25 22:10:08.204289
movement,399,811,none,moved,0,0,359.2804,0.0,2026-07-25 22:10:08.261129
movement,416,823,none,moved,0,0,394.9294,0.0,2026-07-25 22:10:08.314251
movement,427,829,none,moved,0,0,139.0823,0.0,2026-07-25 22:10:08.369311
movement,430,831,none,moved,0,0,0.0,0.0,2026-07-25 22:10:08.485804
click,430,831,left,pressed,0,0,0.0,0.0,2026-07-25 22:10:09.422414
movement,430,832,none,moved,0,0,0.8322,0.0,2026-07-25 22:10:09.687466
movement,471,879,none,moved,0,0,1426.6825,0.0,2026-07-25 22:10:09.742415
movement,525,915,none,moved,0,0,1079.1509,0.0,2026-07-25 22:10:09.797442
movement,568,932,none,moved,0,0,461.7747,0.0,2026-07-25 22:10:09.852125
movement,593,937,none,moved,0,0,323.3271,0.0,2026-07-25 22:10:09.907033
movement,594,937,none,moved,0,0,0.0,0.0,2026-07-25 22:10:10.016687
click,594,936,left,released,0,0,0.0,0.0,2026-07-25 22:10:10.078674
click,594,936,left,pressed,0,0,0.0,0.0,2026-07-25 22:10:11.283196
movement,594,934,none,moved,0,0,1.3389,0.0,2026-07-25 22:10:11.544704
movement,590,878,none,moved,0,0,1457.6973,0.0,2026-07-25 22:10:11.599224
movement,586,792,none,moved,0,0,1595.3383,0.0,2026-07-25 22:10:11.654472
movement,579,741,none,moved,0,0,512.0291,0.0,2026-07-25 22:10:11.709060
movement,570,728,none,moved,0,0,146.0158,0.0,2026-07-25 22:10:11.764081
movement,559,713,none,moved,0,0,528.676,0.0,2026-07-25 22:10:11.818930
movement,543,693,none,moved,0,0,408.6419,0.0,2026-07-25 22:10:11.873537
movement,522,679,none,moved,0,0,435.5757,0.0,2026-07-25 22:10:11.928413
movement,487,657,none,moved,0,0,1078.273,0.0,2026-07-25 22:10:11.983100
movement,449,635,none,moved,0,0,1137.849,0.0,2026-07-25 22:10:12.038036
movement,411,619,none,moved,0,0,454.9168,0.0,2026-07-25 22:10:12.092844
movement,387,607,none,moved,0,0,432.7892,0.0,2026-07-25 22:10:12.147563
movement,372,594,none,moved,0,0,427.4441,0.0,2026-07-25 22:10:12.202506
movement,360,582,none,moved,0,0,403.1017,0.0,2026-07-25 22:10:12.257462
movement,348,566,none,moved,0,0,332.1204,0.0,2026-07-25 22:10:12.312154
movement,344,556,none,moved,0,0,0.0,0.0,2026-07-25 22:10:12.367040
movement,341,551,none,moved,0,0,0.0,0.0,2026-07-25 22:10:12.421866
movement,341,550,none,moved,0,0,0.0,0.0,2026-07-25 22:10:12.511204
movement,345,557,none,moved,0,0,338.3997,0.0,2026-07-25 22:10:12.565740
movement,369,600,none,moved,0,0,966.7484,0.0,2026-07-25 22:10:12.620640
movement,399,656,none,moved,0,0,1048.2007,0.0,2026-07-25 22:10:12.675962
movement,427,704,none,moved,0,0,912.4673,0.0,2026-07-25 22:10:12.730658
movement,459,756,none,moved,0,0,1135.7937,0.0,2026-07-25 22:10:12.785356
movement,487,810,none,moved,0,0,1092.4473,0.0,2026-07-25 22:10:12.840165
movement,507,862,none,moved,0,0,1215.5563,0.0,2026-07-25 22:10:12.895148
movement,524,903,none,moved,0,0,911.1148,0.0,2026-07-25 22:10:12.950668
movement,536,929,none,moved,0,0,297.0497,0.0,2026-07-25 22:10:13.006774
movement,544,947,none,moved,0,0,147.3495,0.0,2026-07-25 22:10:13.059775
movement,549,958,none,moved,0,0,124.5266,0.0,2026-07-25 22:10:13.115665
movement,553,964,none,moved,0,0,199.7522,0.0,2026-07-25 22:10:13.169449
movement,555,972,none,moved,0,0,321.9729,0.0,2026-07-25 22:10:13.224256
movement,559,988,none,moved,0,0,476.6776,0.0,2026-07-25 22:10:13.279418
movement,564,1007,none,moved,0,0,417.1191,0.0,2026-07-25 22:10:13.334570
movement,567,1018,none,moved,0,0,163.3042,0.0,2026-07-25 22:10:13.388791
movement,569,1024,none,moved,0,0,145.0313,0.0,2026-07-25 22:10:13.443800
movement,569,1025,none,moved,0,0,0.0,0.0,2026-07-25 22:10:13.587861
movement,569,1023,none,moved,0,0,44.2255,0.0,2026-07-25 22:10:13.658298
movement,569,1022,none,moved,0,0,20.9142,0.0,2026-07-25 22:10:13.724800
movement,569,1022,none,moved,0,0,0.0,0.0,2026-07-25 22:10:13.834511
movement,569,1021,none,moved,0,0,0.7797,0.0,2026-07-25 22:10:15.117099
movement,568,1015,none,moved,0,0,68.8861,0.0,2026-07-25 22:10:15.178563
movement,568,1014,none,moved,0,0,0.0,0.0,2026-07-25 22:10:15.363842
click,568,1014,left,released,0,0,0.0,0.0,2026-07-25 22:10:15.535550
movement,567,1010,none,moved,0,0,6.3781,0.0,2026-07-25 22:10:16.058371
movement,540,907,none,moved,0,0,2138.3049,0.0,2026-07-25 22:10:16.113282
movement,525,838,none,moved,0,0,1034.9376,0.0,2026-07-25 22:10:16.168046
movement,524,823,none,moved,0,0,68.0375,0.0,2026-07-25 22:10:16.236733
movement,547,810,none,moved,0,0,1075.2829,0.0,2026-07-25 22:10:16.291492
movement,613,787,none,moved,0,0,1450.6928,0.0,2026-07-25 22:10:16.346438
movement,690,762,none,moved,0,0,1456.5049,0.0,2026-07-25 22:10:16.401656
movement,759,735,none,moved,0,0,948.69,0.0,2026-07-25 22:10:16.456260
movement,800,705,none,moved,0,0,400.6783,0.0,2026-07-25 22:10:16.511571
movement,810,691,none,moved,0,0,667.5504,0.0,2026-07-25 22:10:16.565781
movement,828,619,none,moved,0,0,1827.2171,0.0,2026-07-25 22:10:16.620703
movement,821,534,none,moved,0,0,1834.7305,0.0,2026-07-25 22:10:16.675731
movement,793,484,none,moved,0,0,1119.8742,0.0,2026-07-25 22:10:16.730671
movement,752,463,none,moved,0,0,320.6519,0.0,2026-07-25 22:10:16.785343
movement,737,459,none,moved,0,0,325.7075,0.0,2026-07-25 22:10:16.840045
click,737,459,left,pressed,0,0,0.0,0.0,2026-07-25 22:10:17.104179
click,737,459,left,released,0,0,0.0,0.0,2026-07-25 22:10:17.321663
movement,734,450,none,moved,0,0,9.7379,0.0,2026-07-25 22:10:17.814266
movement,692,359,none,moved,0,0,2172.6768,0.0,2026-07-25 22:10:17.866765
movement,675,329,none,moved,0,0,141.8816,0.0,2026-07-25 22:10:17.921824
click,675,328,right,pressed,0,0,0.0,0.0,2026-07-25 22:10:18.306846
click,675,328,right,released,0,0,0.0,0.0,2026-07-25 22:10:18.378293
movement,674,333,none,moved,0,0,4.2845,0.0,2026-07-25 22:10:19.125679
movement,662,408,none,moved,0,0,1005.5984,0.0,2026-07-25 22:10:19.180970
movement,657,456,none,moved,0,0,605.8774,0.0,2026-07-25 22:10:19.235481
movement,656,465,none,moved,0,0,0.0,0.0,2026-07-25 22:10:19.290303
movement,654,465,none,moved,0,0,72.3056,0.0,2026-07-25 22:10:19.352204
movement,651,461,none,moved,0,0,212.9089,0.0,2026-07-25 22:10:19.406960
click,650,461,left,pressed,0,0,0.0,0.0,2026-07-25 22:10:19.699299
click,650,461,left,released,0,0,0.0,0.0,2026-07-25 22:10:19.923927
movement,657,463,none,moved,0,0,9.7859,0.0,2026-07-25 22:10:20.164637
movement,795,530,none,moved,0,0,3614.447,0.0,2026-07-25 22:10:20.216027
movement,947,625,none,moved,0,0,3012.0205,0.0,2026-07-25 22:10:20.271374
movement,1032,706,none,moved,0,0,1664.3415,0.0,2026-07-25 22:10:20.326202
movement,1072,788,none,moved,0,0,1362.5642,0.0,2026-07-25 22:10:20.380801
movement,1078,845,none,moved,0,0,903.0815,0.0,2026-07-25 22:10:20.435982
movement,1081,865,none,moved,0,0,178.4489,0.0,2026-07-25 22:10:20.491653
movement,1095,877,none,moved,0,0,522.3397,0.0,2026-07-25 22:10:20.545421
movement,1127,889,none,moved,0,0,630.5534,0.0,2026-07-25 22:10:20.600267
movement,1151,893,none,moved,0,0,16.2307,0.0,2026-07-25 22:10:20.949305
movement,1201,956,none,moved,0,0,1800.4644,0.0,2026-07-25 22:10:21.003954
movement,1249,1005,none,moved,0,0,1171.7062,0.0,2026-07-25 22:10:21.058555
movement,1281,1041,none,moved,0,0,525.3336,0.0,2026-07-25 22:10:21.113861
movement,1288,1053,none,moved,0,0,74.2539,0.0,2026-07-25 22:10:21.168741
movement,1289,1054,none,moved,0,0,0.0,0.0,2026-07-25 22:10:21.223228
movement,1289,1054,none,moved,0,0,0.0,0.0,2026-07-25 22:10:21.278423
movement,1289,1053,none,moved,0,0,26.8061,0.0,2026-07-25 22:10:21.342707
movement,1290,1052,none,moved,0,0,67.5809,0.0,2026-07-25 22:10:21.394873
movement,1294,1052,none,moved,0,0,151.5447,0.0,2026-07-25 22:10:21.449508
movement,1312,1049,none,moved,0,0,439.1788,0.0,2026-07-25 22:10:21.504201
movement,1336,1047,none,moved,0,0,283.1884,0.0,2026-07-25 22:10:21.559169
movement,1346,1046,none,moved,0,0,0.0,0.0,2026-07-25 22:10:21.614131
movement,1351,1045,none,moved,0,0,0.0,0.0,2026-07-25 22:10:21.668792
movement,1355,1045,none,moved,0,0,48.7903,0.0,2026-07-25 22:10:21.723641
movement,1357,1045,none,moved,0,0,29.1344,0.0,2026-07-25 22:10:21.792231
movement,1359,1046,none,moved,0,0,5.4321,0.0,2026-07-25 22:10:22.100696
movement,1364,1048,none,moved,0,0,0.0,0.0,2026-07-25 22:10:22.169773
movement,1365,1048,none,moved,0,0,14.5984,0.0,2026-07-25 22:10:22.279012
movement,1367,1048,none,moved,0,0,0.0,0.0,2026-07-25 22:10:22.334307
movement,1370,1048,none,moved,0,0,5.0867,0.0,2026-07-25 22:10:22.741417
movement,1385,1056,none,moved,0,0,200.8139,0.0,2026-07-25 22:10:22.796422
movement,1391,1059,none,moved,0,0,0.0,0.0,2026-07-25 22:10:22.865460
movement,1392,1061,none,moved,0,0,12.071,0.0,2026-07-25 22:10:23.023482
click,1393,1061,left,pressed,0,0,0.0,0.0,2026-07-25 22:10:23.548855
click,1393,1061,left,released,0,0,0.0,0.0,2026-07-25 22:10:23.773876
movement,1393,1054,none,moved,0,0,4.7071,0.0,2026-07-25 22:10:24.550931
movement,1362,962,none,moved,0,0,1487.1731,0.0,2026-07-25 22:10:24.605972
movement,1327,872,none,moved,0,0,915.2178,0.0,2026-07-25 22:10:24.665242
movement,1222,671,none,moved,0,0,4299.9025,0.0,2026-07-25 22:10:24.721279
movement,1078,462,none,moved,0,0,4444.2368,0.0,2026-07-25 22:10:24.776509
movement,918,323,none,moved,0,0,3632.3612,0.0,2026-07-25 22:10:24.831046
movement,787,252,none,moved,0,0,2204.6289,0.0,2026-07-25 22:10:24.886811
movement,671,234,none,moved,0,0,1932.1056,0.0,2026-07-25 22:10:24.940713
movement,586,262,none,moved,0,0,1637.8291,0.0,2026-07-25 22:10:24.995723
movement,540,303,none,moved,0,0,859.7014,0.0,2026-07-25 22:10:25.050416
movement,530,323,none,moved,0,0,114.6408,0.0,2026-07-25 22:10:25.109385
movement,533,331,none,moved,0,0,101.7766,0.0,2026-07-25 22:10:25.160330
movement,533,331,none,moved,0,0,0.0,0.0,2026-07-25 22:10:25.242597
click,533,331,left,pressed,0,0,0.0,0.0,2026-07-25 22:10:25.662711
click,533,331,left,released,0,0,0.0,0.0,2026-07-25 22:10:25.887550
movement,528,331,none,moved,0,0,5.23,0.0,2026-07-25 22:10:26.198614
movement,454,331,none,moved,0,0,1467.8743,0.0,2026-07-25 22:10:26.253270
movement,405,335,none,moved,0,0,596.2062,0.0,2026-07-25 22:10:26.308678
movement,401,336,none,moved,0,0,0.0,0.0,2026-07-25 22:10:26.410932
movement,402,336,none,moved,0,0,35.6449,0.0,2026-07-25 22:10:26.474358
movement,402,336,none,moved,0,0,0.0,0.0,2026-07-25 22:10:26.564412
movement,401,334,none,moved,0,0,150.2904,0.0,2026-07-25 22:10:26.616449
movement,392,331,none,moved,0,0,464.3614,0.0,2026-07-25 22:10:26.671566
movement,338,314,none,moved,0,0,1364.6318,0.0,2026-07-25 22:10:26.726240
movement,262,295,none,moved,0,0,1338.0859,0.0,2026-07-25 22:10:26.781236
movement,197,267,none,moved,0,0,935.4458,0.0,2026-07-25 22:10:26.835844
movement,165,251,none,moved,0,0,285.7058,0.0,2026-07-25 22:10:26.890860
movement,157,247,none,moved,0,0,0.0,0.0,2026-07-25 22:10:27.007962
movement,158,247,none,moved,0,0,0.0,0.0,2026-07-25 22:10:27.082742
movement,159,248,none,moved,0,0,16.1315,0.0,2026-07-25 22:10:27.179319
movement,160,248,none,moved,0,0,13.2973,0.0,2026-07-25 22:10:27.254514
movement,164,247,none,moved,0,0,8.0619,0.0,2026-07-25 22:10:27.765944
movement,276,208,none,moved,0,0,2795.7605,0.0,2026-07-25 22:10:27.820703
movement,386,175,none,moved,0,0,1362.8043,0.0,2026-07-25 22:10:27.875654
movement,412,173,none,moved,0,0,0.0,0.0,2026-07-25 22:10:27.930505
movement,415,177,none,moved,0,0,143.7932,0.0,2026-07-25 22:10:27.985452
movement,415,181,none,moved,0,0,0.0,0.0,2026-07-25 22:10:28.040585
movement,416,187,none,moved,0,0,0.0,0.0,2026-07-25 22:10:28.095011
movement,417,192,none,moved,0,0,0.0,0.0,2026-07-25 22:10:28.150037
movement,420,203,none,moved,0,0,152.8147,0.0,2026-07-25 22:10:28.204706
movement,423,214,none,moved,0,0,0.0,0.0,2026-07-25 22:10:28.259578
movement,423,217,none,moved,0,0,0.0,0.0,2026-07-25 22:10:28.314793
movement,421,219,none,moved,0,0,36.3046,0.0,2026-07-25 22:10:28.390560
movement,419,219,none,moved,0,0,0.0,0.0,2026-07-25 22:10:28.451830
movement,416,216,none,moved,0,0,131.7596,0.0,2026-07-25 22:10:28.507611
click,416,216,left,pressed,0,0,0.0,0.0,2026-07-25 22:10:28.748100
click,416,216,left,released,0,0,0.0,0.0,2026-07-25 22:10:28.968576
movement,416,219,none,moved,0,0,3.2138,0.0,2026-07-25 22:10:29.441072
movement,423,250,none,moved,0,0,678.0962,0.0,2026-07-25 22:10:29.495886
movement,428,261,none,moved,0,0,149.7057,0.0,2026-07-25 22:10:29.550799
movement,428,264,none,moved,0,0,0.0,0.0,2026-07-25 22:10:29.753988
movement,429,265,none,moved,0,0,16.1944,0.0,2026-07-25 22:10:29.838653
click,429,265,left,pressed,0,0,0.0,0.0,2026-07-25 22:10:30.178956
click,429,265,left,released,0,0,0.0,0.0,2026-07-25 22:10:30.395049
movement,431,264,none,moved,0,0,2.4998,0.0,2026-07-25 22:10:30.733146
movement,482,240,none,moved,0,0,946.902,0.0,2026-07-25 22:10:30.788384
movement,531,219,none,moved,0,0,659.245,0.0,2026-07-25 22:10:30.842772
movement,555,212,none,moved,0,0,151.5119,0.0,2026-07-25 22:10:30.897643
movement,569,210,none,moved,0,0,144.3773,0.0,2026-07-25 22:10:30.952499
movement,580,212,none,moved,0,0,132.7942,0.0,2026-07-25 22:10:31.008283
movement,586,214,none,moved,0,0,99.3346,0.0,2026-07-25 22:10:31.059240
movement,590,216,none,moved,0,0,72.077,0.0,2026-07-25 22:10:31.117165
movement,592,218,none,moved,0,0,51.7081,0.0,2026-07-25 22:10:31.192536
movement,592,219,none,moved,0,0,0.0,0.0,2026-07-25 22:10:31.343251
movement,591,219,none,moved,0,0,10.3706,0.0,2026-07-25 22:10:31.439676
movement,590,218,none,moved,0,0,43.5469,0.0,2026-07-25 22:10:31.489806
movement,589,219,none,moved,0,0,1.5718,0.0,2026-07-25 22:10:32.389545
movement,587,250,none,moved,0,0,440.4239,0.0,2026-07-25 22:10:32.444346
movement,588,285,none,moved,0,0,572.0741,0.0,2026-07-25 22:10:32.499510
movement,591,302,none,moved,0,0,115.1077,0.0,2026-07-25 22:10:32.566865
movement,592,308,none,moved,0,0,0.0,0.0,2026-07-25 22:10:32.622547
movement,592,308,none,moved,0,0,0.0,0.0,2026-07-25 22:10:33.211547
movement,592,286,none,moved,0,0,307.2675,0.0,2026-07-25 22:10:33.269669
movement,589,280,none,moved,0,0,12.1111,0.0,2026-07-25 22:10:33.389795
movement,589,280,none,moved,0,0,0.0,0.0,2026-07-25 22:10:33.458575
click,589,280,left,pressed,0,0,0.0,0.0,2026-07-25 22:10:33.777114
click,589,280,left,released,0,0,0.0,0.0,2026-07-25 22:10:34.004247
movement,604,274,none,moved,0,0,17.7774,0.0,2026-07-25 22:10:34.408282
movement,863,137,none,moved,0,0,4499.7773,0.0,2026-07-25 22:10:34.459570
movement,999,86,none,moved,0,0,1507.2392,0.0,2026-07-25 22:10:34.514680
movement,1031,89,none,moved,0,0,248.6083,0.0,2026-07-25 22:10:34.565073
movement,1046,98,none,moved,0,0,341.095,0.0,2026-07-25 22:10:34.617275
movement,1061,108,none,moved,0,0,428.2155,0.0,2026-07-25 22:10:34.672371
movement,1075,118,none,moved,0,0,213.6835,0.0,2026-07-25 22:10:34.726982
movement,1083,124,none,moved,0,0,186.7645,0.0,2026-07-25 22:10:34.782699
movement,1088,126,none,moved,0,0,73.3193,0.0,2026-07-25 22:10:34.837134
movement,1093,126,none,moved,0,0,140.6824,0.0,2026-07-25 22:10:34.891913
movement,1102,127,none,moved,0,0,145.4992,0.0,2026-07-25 22:10:34.946452
movement,1107,130,none,moved,0,0,191.3865,0.0,2026-07-25 22:10:35.002392
movement,1109,134,none,moved,0,0,0.0,0.0,2026-07-25 22:10:35.056841
movement,1113,146,none,moved,0,0,321.763,0.0,2026-07-25 22:10:35.110972
movement,1117,152,none,moved,0,0,145.833,0.0,2026-07-25 22:10:35.165918
movement,1119,154,none,moved,0,0,48.8926,0.0,2026-07-25 22:10:35.227906
movement,1120,155,none,moved,0,0,21.0241,0.0,2026-07-25 22:10:35.289069
movement,1120,156,none,moved,0,0,13.1725,0.0,2026-07-25 22:10:35.364994
movement,1121,157,none,moved,0,0,48.5772,0.0,2026-07-25 22:10:35.426662
movement,1124,167,none,moved,0,0,457.1947,0.0,2026-07-25 22:10:35.481319
movement,1129,179,none,moved,0,0,151.8795,0.0,2026-07-25 22:10:35.535924
movement,1130,183,none,moved,0,0,49.1079,0.0,2026-07-25 22:10:35.590984
movement,1131,183,none,moved,0,0,0.8772,0.0,2026-07-25 22:10:36.730951
movement,1149,184,none,moved,0,0,290.0525,0.0,2026-07-25 22:10:36.785773
movement,1162,185,none,moved,0,0,0.0,0.0,2026-07-25 22:10:36.840735
movement,1171,188,none,moved,0,0,142.644,0.0,2026-07-25 22:10:36.895774
movement,1176,189,none,moved,0,0,144.9912,0.0,2026-07-25 22:10:36.950455
movement,1178,190,none,moved,0,0,0.0,0.0,2026-07-25 22:10:37.005644
movement,1181,190,none,moved,0,0,0.0,0.0,2026-07-25 22:10:37.073949
movement,1184,192,none,moved,0,0,148.5077,0.0,2026-07-25 22:10:37.128746
movement,1192,193,none,moved,0,0,299.1551,0.0,2026-07-25 22:10:37.183685
movement,1207,194,none,moved,0,0,467.2569,0.0,2026-07-25 22:10:37.238622
movement,1213,195,none,moved,0,0,0.0,0.0,2026-07-25 22:10:37.314398
movement,1214,195,none,moved,0,0,14.3721,0.0,2026-07-25 22:10:37.383981
movement,1214,195,none,moved,0,0,0.0,0.0,2026-07-25 22:10:37.513049
movement,1214,197,none,moved,0,0,2.3314,0.0,2026-07-25 22:10:38.370909
movement,1215,227,none,moved,0,0,609.6594,0.0,2026-07-25 22:10:38.425860
movement,1218,252,none,moved,0,0,425.8897,0.0,2026-07-25 22:10:38.480822
movement,1221,266,none,moved,0,0,148.4447,0.0,2026-07-25 22:10:38.535512
movement,1222,268,none,moved,0,0,10.4026,0.0,2026-07-25 22:10:38.659253
movement,1223,268,none,moved,0,0,9.1465,0.0,2026-07-25 22:10:38.768584
click,1223,267,left,pressed,0,0,0.0,0.0,2026-07-25 22:10:39.088831
click,1223,267,left,released,0,0,0.0,0.0,2026-07-25 22:10:39.306987
movement,1223,267,none,moved,0,0,0.0,0.0,2026-07-25 22:10:40.130233
movement,1245,251,none,moved,0,0,661.3835,0.0,2026-07-25 22:10:40.184965
movement,1273,239,none,moved,0,0,451.6329,0.0,2026-07-25 22:10:40.239754
movement,1300,234,none,moved,0,0,599.0771,0.0,2026-07-25 22:10:40.294579
movement,1355,223,none,moved,0,0,1291.653,0.0,2026-07-25 22:10:40.349979
movement,1417,202,none,moved,0,0,1118.4477,0.0,2026-07-25 22:10:40.404679
movement,1473,186,none,moved,0,0,1040.3104,0.0,2026-07-25 22:10:40.459198
movement,1517,182,none,moved,0,0,540.7296,0.0,2026-07-25 22:10:40.514738
movement,1531,181,none,moved,0,0,146.4083,0.0,2026-07-25 22:10:40.569020
movement,1546,181,none,moved,0,0,452.8671,0.0,2026-07-25 22:10:40.623941
movement,1567,181,none,moved,0,0,431.4832,0.0,2026-07-25 22:10:40.678879
movement,1585,182,none,moved,0,0,205.7713,0.0,2026-07-25 22:10:40.741543
movement,1587,185,none,moved,0,0,2.5708,0.0,2026-07-25 22:10:42.184052
movement,1494,226,none,moved,0,0,1778.1819,0.0,2026-07-25 22:10:42.238179
movement,1425,253,none,moved,0,0,814.7981,0.0,2026-07-25 22:10:42.292871
movement,1400,262,none,moved,0,0,143.7193,0.0,2026-07-25 22:10:42.347898
movement,1399,264,none,moved,0,0,24.2789,0.0,2026-07-25 22:10:42.402910
movement,1399,265,none,moved,0,0,12.1706,0.0,2026-07-25 22:10:42.485073
movement,1399,265,none,moved,0,0,0.0,0.0,2026-07-25 22:10:42.553920
movement,1399,264,none,moved,0,0,16.0656,0.0,2026-07-25 22:10:42.616169
click,1399,263,left,pressed,0,0,0.0,0.0,2026-07-25 22:10:42.934134
click,1399,263,left,released,0,0,0.0,0.0,2026-07-25 22:10:43.149852
movement,1391,261,none,moved,0,0,8.8696,0.0,2026-07-25 22:10:43.586354
movement,1170,229,none,moved,0,0,6274.4513,0.0,2026-07-25 22:10:43.638332
movement,858,203,none,moved,0,0,7012.3988,0.0,2026-07-25 22:10:43.693306
movement,610,193,none,moved,0,0,1224.937,0.0,2026-07-25 22:10:43.757452
movement,425,193,none,moved,0,0,2152.7651,0.0,2026-07-25 22:10:43.810085
movement,366,194,none,moved,0,0,605.8562,0.0,2026-07-25 22:10:43.864972
movement,345,189,none,moved,0,0,199.8195,0.0,2026-07-25 22:10:43.919704
movement,330,182,none,moved,0,0,232.6043,0.0,2026-07-25 22:10:43.974919
movement,318,167,none,moved,0,0,326.5467,0.0,2026-07-25 22:10:44.029297
movement,305,149,none,moved,0,0,324.8614,0.0,2026-07-25 22:10:44.084056
movement,285,127,none,moved,0,0,695.3315,0.0,2026-07-25 22:10:44.139184
movement,265,111,none,moved,0,0,458.5657,0.0,2026-07-25 22:10:44.194038
movement,258,105,none,moved,0,0,0.0,0.0,2026-07-25 22:10:44.282900
movement,266,118,none,moved,0,0,642.8203,0.0,2026-07-25 22:10:44.337984
movement,298,151,none,moved,0,0,1122.5605,0.0,2026-07-25 22:10:44.392775
movement,338,183,none,moved,0,0,507.5624,0.0,2026-07-25 22:10:44.453393
movement,364,205,none,moved,0,0,527.3671,0.0,2026-07-25 22:10:44.509208
movement,377,214,none,moved,0,0,0.0,0.0,2026-07-25 22:10:44.564295
movement,381,217,none,moved,0,0,29.6741,0.0,2026-07-25 22:10:44.639286
movement,381,217,none,moved,0,0,0.0,0.0,2026-07-25 22:10:44.762994
movement,381,215,none,moved,0,0,47.4142,0.0,2026-07-25 22:10:44.818424
movement,380,214,none,moved,0,0,44.0585,0.0,2026-07-25 22:10:44.870496
movement,380,215,none,moved,0,0,1.1361,0.0,2026-07-25 22:10:45.750710
movement,385,244,none,moved,0,0,663.0966,0.0,2026-07-25 22:10:45.805060
movement,391,260,none,moved,0,0,191.1573,0.0,2026-07-25 22:10:45.857954
movement,394,269,none,moved,0,0,192.3547,0.0,2026-07-25 22:10:45.908185
movement,396,275,none,moved,0,0,0.0,0.0,2026-07-25 22:10:45.962730
click,396,277,left,pressed,0,0,0.0,0.0,2026-07-25 22:10:46.276581
click,396,277,left,released,0,0,0.0,0.0,2026-07-25 22:10:46.501976
movement,402,276,none,moved,0,0,5.9512,0.0,2026-07-25 22:10:47.005344
movement,471,250,none,moved,0,0,1344.6077,0.0,2026-07-25 22:10:47.060092
movement,525,221,none,moved,0,0,753.3024,0.0,2026-07-25 22:10:47.115472
movement,556,208,none,moved,0,0,6327.1848,0.0,2026-07-25 22:10:47.166292
movement,570,206,none,moved,0,0,123.9488,0.0,2026-07-25 22:10:47.219221
movement,574,206,none,moved,0,0,47.3414,0.0,2026-07-25 22:10:47.287156
movement,576,206,none,moved,0,0,35.5453,0.0,2026-07-25 22:10:47.349141
movement,582,206,none,moved,0,0,145.7874,0.0,2026-07-25 22:10:47.402914
movement,600,206,none,moved,0,0,448.4608,0.0,2026-07-25 22:10:47.457663
movement,626,206,none,moved,0,0,289.812,0.0,2026-07-25 22:10:47.512564
movement,634,207,none,moved,0,0,28.5574,0.0,2026-07-25 22:10:47.595655
movement,634,208,none,moved,0,0,0.0,0.0,2026-07-25 22:10:47.677476
movement,634,209,none,moved,0,0,18.1144,0.0,2026-07-25 22:10:47.732685
movement,632,209,none,moved,0,0,29.2837,0.0,2026-07-25 22:10:47.800794
movement,632,209,none,moved,0,0,0.0,0.0,2026-07-25 22:10:47.862302
movement,630,215,none,moved,0,0,5.8605,0.0,2026-07-25 22:10:48.941499
movement,611,280,none,moved,0,0,846.9029,0.0,2026-07-25 22:10:48.995812
movement,607,296,none,moved,0,0,48.6589,0.0,2026-07-25 22:10:49.064827
movement,607,296,none,moved,0,0,0.0,0.0,2026-07-25 22:10:49.201450
click,607,296,left,pressed,0,0,0.0,0.0,2026-07-25 22:10:49.499229
click,607,296,left,released,0,0,0.0,0.0,2026-07-25 22:10:49.718378
movement,603,294,none,moved,0,0,5.8922,0.0,2026-07-25 22:10:49.994629
movement,520,254,none,moved,0,0,1893.7403,0.0,2026-07-25 22:10:50.049275
movement,406,213,none,moved,0,0,2267.3162,0.0,2026-07-25 22:10:50.104050
movement,287,188,none,moved,0,0,2017.5582,0.0,2026-07-25 22:10:50.158910
movement,173,177,none,moved,0,0,1886.2543,0.0,2026-07-25 22:10:50.213699
movement,95,177,none,moved,0,0,1300.1562,0.0,2026-07-25 22:10:50.269889
movement,35,193,none,moved,0,0,1050.1929,0.0,2026-07-25 22:10:50.323356
movement,23,199,none,moved,0,0,73.9984,0.0,2026-07-25 22:10:50.378141
movement,23,199,none,moved,0,0,0.0,0.0,2026-07-25 22:10:50.439954
movement,23,200,none,moved,0,0,8.5631,0.0,2026-07-25 22:10:50.597671
movement,23,200,none,moved,0,0,0.0,0.0,2026-07-25 22:10:50.666312
movement,25,203,none,moved,0,0,108.622,0.0,2026-07-25 22:10:50.734881
movement,29,210,none,moved,0,0,133.3942,0.0,2026-07-25 22:10:50.786400
movement,36,225,none,moved,0,0,326.8882,0.0,2026-07-25 22:10:50.837429
movement,40,231,none,moved,0,0,47.4958,0.0,2026-07-25 22:10:50.892706
movement,40,233,none,moved,0,0,23.8046,0.0,2026-07-25 22:10:50.962030
movement,42,238,none,moved,0,0,143.7144,0.0,2026-07-25 22:10:51.016220
movement,46,247,none,moved,0,0,141.5942,0.0,2026-07-25 22:10:51.070832
movement,48,251,none,moved,0,0,19.6902,0.0,2026-07-25 22:10:51.169705
movement,48,251,none,moved,0,0,0.0,0.0,2026-07-25 22:10:51.221714
movement,48,255,none,moved,0,0,5.7745,0.0,2026-07-25 22:10:51.914525
movement,56,285,none,moved,0,0,528.9534,0.0,2026-07-25 22:10:51.968133
movement,57,290,none,moved,0,0,0.0,0.0,2026-07-25 22:10:52.079097
movement,57,290,none,moved,0,0,0.0,0.0,2026-07-25 22:10:52.140589
movement,57,289,none,moved,0,0,47.6555,0.0,2026-07-25 22:10:52.209275
click,57,288,left,pressed,0,0,0.0,0.0,2026-07-25 22:10:52.545477
click,57,288,left,released,0,0,0.0,0.0,2026-07-25 22:10:52.772014
movement,57,283,none,moved,0,0,5.5107,0.0,2026-07-25 22:10:53.122290
movement,57,209,none,moved,0,0,1304.3004,0.0,2026-07-25 22:10:53.176847
movement,54,190,none,moved,0,0,146.2857,0.0,2026-07-25 22:10:53.231895
movement,54,190,none,moved,0,0,0.0,0.0,2026-07-25 22:10:53.293667
movement,54,191,none,moved,0,0,29.1938,0.0,2026-07-25 22:10:53.369057
movement,55,192,none,moved,0,0,7.6644,0.0,2026-07-25 22:10:53.520096
movement,55,192,none,moved,0,0,0.0,0.0,2026-07-25 22:10:53.588805
movement,56,190,none,moved,0,0,35.068,0.0,2026-07-25 22:10:53.644634
movement,57,188,none,moved,0,0,0.0,0.0,2026-07-25 22:10:53.705622
movement,59,185,none,moved,0,0,69.7249,0.0,2026-07-25 22:10:53.767521
movement,60,183,none,moved,0,0,47.6387,0.0,2026-07-25 22:10:53.822490
movement,61,182,none,moved,0,0,21.0657,0.0,2026-07-25 22:10:53.911458
movement,62,187,none,moved,0,0,4.4931,0.0,2026-07-25 22:10:55.046302
movement,89,251,none,moved,0,0,1505.5785,0.0,2026-07-25 22:10:55.101108
movement,134,303,none,moved,0,0,1222.745,0.0,2026-07-25 22:10:55.155775
movement,184,337,none,moved,0,0,1413.4852,0.0,2026-07-25 22:10:55.210808
movement,233,366,none,moved,0,0,822.9343,0.0,2026-07-25 22:10:55.265780
movement,274,385,none,moved,0,0,1228.4961,0.0,2026-07-25 22:10:55.320432
movement,307,397,none,moved,0,0,529.5832,0.0,2026-07-25 22:10:55.375246
movement,332,407,none,moved,0,0,608.2,0.0,2026-07-25 22:10:55.429902
movement,359,422,none,moved,0,0,514.7654,0.0,2026-07-25 22:10:55.484982
movement,378,444,none,moved,0,0,541.9768,0.0,2026-07-25 22:10:55.539655
movement,388,457,none,moved,0,0,294.7508,0.0,2026-07-25 22:10:55.594533
movement,395,460,none,moved,0,0,73.6127,0.0,2026-07-25 22:10:55.656168
movement,396,460,none,moved,0,0,0.0,0.0,2026-07-25 22:10:55.724971
movement,398,454,none,moved,0,0,334.5491,0.0,2026-07-25 22:10:55.779850
movement,421,419,none,moved,0,0,884.7254,0.0,2026-07-25 22:10:55.834749
movement,432,400,none,moved,0,0,72.2932,0.0,2026-07-25 22:10:55.896411
movement,433,400,none,moved,0,0,0.0,0.0,2026-07-25 22:10:56.006033
movement,428,398,none,moved,0,0,330.3772,0.0,2026-07-25 22:10:56.060945
movement,379,382,none,moved,0,0,1025.0082,0.0,2026-07-25 22:10:56.116269
movement,311,371,none,moved,0,0,872.0269,0.0,2026-07-25 22:10:56.170863
movement,268,364,none,moved,0,0,917.9303,0.0,2026-07-25 22:10:56.225263
movement,231,355,none,moved,0,0,631.3822,0.0,2026-07-25 22:10:56.280119
movement,205,346,none,moved,0,0,440.7961,0.0,2026-07-25 22:10:56.335334
movement,191,341,none,moved,0,0,315.836,0.0,2026-07-25 22:10:56.390072
movement,180,338,none,moved,0,0,321.2781,0.0,2026-07-25 22:10:56.445129
movement,164,332,none,moved,0,0,421.3861,0.0,2026-07-25 22:10:56.499687
movement,147,322,none,moved,0,0,435.7176,0.0,2026-07-25 22:10:56.554513
movement,130,317,none,moved,0,0,141.4414,0.0,2026-07-25 22:10:56.609880
movement,122,316,none,moved,0,0,73.5856,0.0,2026-07-25 22:10:56.671044
movement,122,316,none,moved,0,0,0.0,0.0,2026-07-25 22:10:56.739978
movement,122,317,none,moved,0,0,0.0,0.0,2026-07-25 22:10:56.822151
movement,122,319,none,moved,0,0,29.2072,0.0,2026-07-25 22:10:56.891040
movement,122,320,none,moved,0,0,14.5776,0.0,2026-07-25 22:10:56.959641
movement,122,321,none,moved,0,0,0.0,0.0,2026-07-25 22:10:57.014185
movement,122,323,none,moved,0,0,20.8046,0.0,2026-07-25 22:10:57.103317
movement,122,324,none,moved,0,0,29.1802,0.0,2026-07-25 22:10:57.165078
movement,122,326,none,moved,0,0,48.4773,0.0,2026-07-25 22:10:57.219906
movement,122,328,none,moved,0,0,20.8319,0.0,2026-07-25 22:10:57.308933
movement,122,330,none,moved,0,0,35.3741,0.0,2026-07-25 22:10:57.378232
movement,122,333,none,moved,0,0,48.6172,0.0,2026-07-25 22:10:57.446240
movement,122,334,none,moved,0,0,29.1757,0.0,2026-07-25 22:10:57.508016
movement,122,336,none,moved,0,0,18.1202,0.0,2026-07-25 22:10:57.598000
movement,122,336,none,moved,0,0,0.0,0.0,2026-07-25 22:10:57.652156
movement,123,338,none,moved,0,0,17.2023,0.0,2026-07-25 22:10:57.761652
movement,123,341,none,moved,0,0,2.1622,0.0,2026-07-25 22:10:59.156048
movement,130,360,none,moved,0,0,320.4985,0.0,2026-07-25 22:10:59.210661
movement,132,365,none,moved,0,0,153.6825,0.0,2026-07-25 22:10:59.265552
movement,132,366,none,moved,0,0,0.0,0.0,2026-07-25 22:10:59.376154
movement,132,367,none,moved,0,0,12.264,0.0,2026-07-25 22:10:59.457691
movement,132,367,none,moved,0,0,0.0,0.0,2026-07-25 22:10:59.519454
movement,132,370,none,moved,0,0,3.806,0.0,2026-07-25 22:11:00.307681
movement,139,396,none,moved,0,0,285.4142,0.0,2026-07-25 22:11:00.362763
movement,142,403,none,moved,0,0,0.0,0.0,2026-07-25 22:11:00.479427
click,142,402,left,pressed,0,0,0.0,0.0,2026-07-25 22:11:00.800912
click,142,402,left,released,0,0,0.0,0.0,2026-07-25 22:11:01.029259
movement,149,401,none,moved,0,0,6.3876,0.0,2026-07-25 22:11:01.606855
movement,219,392,none,moved,0,0,1015.2539,0.0,2026-07-25 22:11:01.661409
movement,268,393,none,moved,0,0,892.7217,0.0,2026-07-25 22:11:01.716093
movement,300,399,none,moved,0,0,462.2736,0.0,2026-07-25 22:11:01.770972
movement,325,405,none,moved,0,0,207.676,0.0,2026-07-25 22:11:01.825842
movement,343,412,none,moved,0,0,337.7538,0.0,2026-07-25 22:11:01.880710
movement,357,417,none,moved,0,0,151.0808,0.0,2026-07-25 22:11:01.935772
movement,371,421,none,moved,0,0,298.2298,0.0,2026-07-25 22:11:01.990384
movement,377,421,none,moved,0,0,100.395,0.0,2026-07-25 22:11:02.048413
movement,389,422,none,moved,0,0,290.213,0.0,2026-07-25 22:11:02.100122
movement,410,421,none,moved,0,0,329.0096,0.0,2026-07-25 22:11:02.154951
movement,420,415,none,moved,0,0,230.4535,0.0,2026-07-25 22:11:02.209665
movement,420,410,none,moved,0,0,72.7092,0.0,2026-07-25 22:11:02.264649
movement,421,408,none,moved,0,0,183.4377,0.0,2026-07-25 22:11:02.319570
movement,422,403,none,moved,0,0,69.7052,0.0,2026-07-25 22:11:02.381834
movement,424,399,none,moved,0,0,138.025,0.0,2026-07-25 22:11:02.436408
movement,428,395,none,moved,0,0,104.5039,0.0,2026-07-25 22:11:02.490806
movement,435,393,none,moved,0,0,0.0,0.0,2026-07-25 22:11:02.545886
movement,441,392,none,moved,0,0,104.0402,0.0,2026-07-25 22:11:02.607504
movement,443,391,none,moved,0,0,34.3565,0.0,2026-07-25 22:11:02.683066
movement,443,390,none,moved,0,0,0.0,0.0,2026-07-25 22:11:02.765576
movement,444,388,none,moved,0,0,0.0,0.0,2026-07-25 22:11:02.820084
movement,445,385,none,moved,0,0,0.0,0.0,2026-07-25 22:11:02.888558
movement,447,383,none,moved,0,0,24.4624,0.0,2026-07-25 22:11:02.977784
movement,447,381,none,moved,0,0,0.0,0.0,2026-07-25 22:11:03.060232
movement,448,381,none,moved,0,0,18.048,0.0,2026-07-25 22:11:03.115641
movement,449,378,none,moved,0,0,51.4511,0.0,2026-07-25 22:11:03.190331
movement,450,376,none,moved,0,0,71.8673,0.0,2026-07-25 22:11:03.252059
movement,450,377,none,moved,0,0,1.2026,0.0,2026-07-25 22:11:04.124765
movement,458,408,none,moved,0,0,465.1757,0.0,2026-07-25 22:11:04.179627
movement,465,427,none,moved,0,0,194.7866,0.0,2026-07-25 22:11:04.234846
movement,466,433,none,moved,0,0,145.9802,0.0,2026-07-25 22:11:04.289241
movement,467,437,none,moved,0,0,48.3582,0.0,2026-07-25 22:11:04.357790
movement,468,438,none,moved,0,0,29.077,0.0,2026-07-25 22:11:04.419540
click,468,438,left,pressed,0,0,0.0,0.0,2026-07-25 22:11:04.718679
click,468,438,left,released,0,0,0.0,0.0,2026-07-25 22:11:04.938984
scroll,468,438,none,scrolled_down,0,-1,0.0,0.0,2026-07-25 22:11:05.411428
scroll,468,438,none,scrolled_down,0,-1,0.0,0.0,2026-07-25 22:11:05.418118
scroll,468,438,none,scrolled_down,0,-1,0.0,0.0,2026-07-25 22:11:05.425279
scroll,468,438,none,scrolled_down,0,-1,0.0,0.0,2026-07-25 22:11:05.432557
scroll,468,438,none,scrolled_down,0,-1,0.0,0.0,2026-07-25 22:11:05.439542
scroll,468,438,none,scrolled_down,0,-1,0.0,0.0,2026-07-25 22:11:05.445598
scroll,468,438,none,scrolled_down,0,-1,0.0,0.0,2026-07-25 22:11:05.452274
scroll,468,438,none,scrolled_down,0,-1,0.0,0.0,2026-07-25 22:11:05.459838
scroll,468,438,none,scrolled_down,0,-1,0.0,0.0,2026-07-25 22:11:05.467089
scroll,468,438,none,scrolled_down,0,-1,0.0,0.0,2026-07-25 22:11:05.473405
scroll,468,438,none,scrolled_down,0,-1,0.0,0.0,2026-07-25 22:11:05.480238
scroll,468,438,none,scrolled_down,0,-1,0.0,0.0,2026-07-25 22:11:05.486626
scroll,468,438,none,scrolled_down,0,-1,0.0,0.0,2026-07-25 22:11:05.494090
scroll,468,438,none,scrolled_down,0,-1,0.0,0.0,2026-07-25 22:11:05.500421
scroll,468,438,none,scrolled_down,0,-1,0.0,0.0,2026-07-25 22:11:05.507601
scroll,468,438,none,scrolled_down,0,-1,0.0,0.0,2026-07-25 22:11:05.514304
scroll,468,438,none,scrolled_down,0,-1,0.0,0.0,2026-07-25 22:11:05.521531
scroll,468,438,none,scrolled_down,0,-1,0.0,0.0,2026-07-25 22:11:05.528265
scroll,468,438,none,scrolled_down,0,-1,0.0,0.0,2026-07-25 22:11:05.534641
scroll,468,438,none,scrolled_down,0,-1,0.0,0.0,2026-07-25 22:11:05.545436
scroll,468,438,none,scrolled_down,0,-1,0.0,0.0,2026-07-25 22:11:05.548643
scroll,468,438,none,scrolled_down,0,-1,0.0,0.0,2026-07-25 22:11:05.638352
scroll,468,438,none,scrolled_down,0,0,0.0,0.0,2026-07-25 22:11:05.658719
scroll,468,438,none,scrolled_down,0,0,0.0,0.0,2026-07-25 22:11:05.720109
scroll,468,438,none,scrolled_down,0,0,0.0,0.0,2026-07-25 22:11:05.808193
idle,468,438,none,idle_start,0,0,0.0,0.0,2026-07-25 22:11:06.058769
idle,465,451,none,idle_end,0,0,0.0,0.1336,2026-07-25 22:11:06.192356
movement,465,451,none,moved,0,0,7.5257,0.0,2026-07-25 22:11:06.199456
movement,415,627,none,moved,0,0,1830.3898,0.0,2026-07-25 22:11:06.249960
movement,409,675,none,moved,0,0,139.7123,0.0,2026-07-25 22:11:06.302441
movement,411,667,none,moved,0,0,284.2343,0.0,2026-07-25 22:11:06.357194
scroll,411,667,none,scrolled_up,0,1,0.0,0.0,2026-07-25 22:11:06.673808
scroll,411,667,none,scrolled_down,0,0,0.0,0.0,2026-07-25 22:11:06.683273
scroll,411,667,none,scrolled_down,0,0,0.0,0.0,2026-07-25 22:11:06.687048
scroll,411,667,none,scrolled_down,0,0,0.0,0.0,2026-07-25 22:11:06.703744
scroll,411,667,none,scrolled_down,0,0,0.0,0.0,2026-07-25 22:11:06.707635
scroll,411,667,none,scrolled_down,0,0,0.0,0.0,2026-07-25 22:11:06.714605
scroll,411,667,none,scrolled_down,0,0,0.0,0.0,2026-07-25 22:11:06.727432
scroll,411,667,none,scrolled_down,0,0,0.0,0.0,2026-07-25 22:11:06.729689
scroll,411,667,none,scrolled_down,0,0,0.0,0.0,2026-07-25 22:11:06.737294
scroll,411,667,none,scrolled_down,0,0,0.0,0.0,2026-07-25 22:11:06.742024
scroll,411,667,none,scrolled_down,0,0,0.0,0.0,2026-07-25 22:11:06.749440
scroll,411,667,none,scrolled_down,0,0,0.0,0.0,2026-07-25 22:11:06.777115
scroll,411,667,none,scrolled_down,0,0,0.0,0.0,2026-07-25 22:11:06.792100
scroll,411,667,none,scrolled_down,0,0,0.0,0.0,2026-07-25 22:11:06.808060
scroll,411,667,none,scrolled_down,0,0,0.0,0.0,2026-07-25 22:11:06.823893
scroll,411,667,none,scrolled_down,0,0,0.0,0.0,2026-07-25 22:11:06.838948
scroll,411,667,none,scrolled_down,0,0,0.0,0.0,2026-07-25 22:11:06.854590
scroll,411,667,none,scrolled_down,0,0,0.0,0.0,2026-07-25 22:11:06.870423
scroll,411,667,none,scrolled_down,0,0,0.0,0.0,2026-07-25 22:11:06.885767
scroll,411,667,none,scrolled_down,0,0,0.0,0.0,2026-07-25 22:11:06.902533
scroll,411,667,none,scrolled_down,0,0,0.0,0.0,2026-07-25 22:11:06.916766
scroll,411,667,none,scrolled_down,0,0,0.0,0.0,2026-07-25 22:11:06.932249
scroll,411,667,none,scrolled_down,0,0,0.0,0.0,2026-07-25 22:11:06.948274
scroll,411,667,none,scrolled_down,0,0,0.0,0.0,2026-07-25 22:11:06.964209
scroll,411,667,none,scrolled_down,0,-1,0.0,0.0,2026-07-25 22:11:07.020786
scroll,411,667,none,scrolled_down,0,-1,0.0,0.0,2026-07-25 22:11:07.027427
scroll,411,667,none,scrolled_down,0,-1,0.0,0.0,2026-07-25 22:11:07.034466
scroll,411,667,none,scrolled_down,0,-1,0.0,0.0,2026-07-25 22:11:07.041175
scroll,411,667,none,scrolled_down,0,-1,0.0,0.0,2026-07-25 22:11:07.048106
scroll,411,667,none,scrolled_down,0,-1,0.0,0.0,2026-07-25 22:11:07.054753
scroll,411,667,none,scrolled_down,0,-1,0.0,0.0,2026-07-25 22:11:07.061515
scroll,411,667,none,scrolled_down,0,-1,0.0,0.0,2026-07-25 22:11:07.069414
scroll,411,667,none,scrolled_down,0,-1,0.0,0.0,2026-07-25 22:11:07.075707
scroll,411,667,none,scrolled_down,0,-1,0.0,0.0,2026-07-25 22:11:07.082128
scroll,411,667,none,scrolled_down,0,-1,0.0,0.0,2026-07-25 22:11:07.089190
scroll,411,667,none,scrolled_down,0,-1,0.0,0.0,2026-07-25 22:11:07.096659
scroll,411,667,none,scrolled_down,0,-1,0.0,0.0,2026-07-25 22:11:07.103627
scroll,411,667,none,scrolled_down,0,-2,0.0,0.0,2026-07-25 22:11:07.149833
scroll,411,667,none,scrolled_down,0,-1,0.0,0.0,2026-07-25 22:11:07.165006
scroll,411,667,none,scrolled_down,0,-1,0.0,0.0,2026-07-25 22:11:07.180681
scroll,411,667,none,scrolled_down,0,-1,0.0,0.0,2026-07-25 22:11:07.196256
scroll,411,667,none,scrolled_down,0,-1,0.0,0.0,2026-07-25 22:11:07.211056
scroll,411,667,none,scrolled_down,0,-1,0.0,0.0,2026-07-25 22:11:07.227368
scroll,411,667,none,scrolled_down,0,-1,0.0,0.0,2026-07-25 22:11:07.243298
scroll,411,667,none,scrolled_down,0,-1,0.0,0.0,2026-07-25 22:11:07.273370
scroll,411,667,none,scrolled_down,0,-1,0.0,0.0,2026-07-25 22:11:07.288843
scroll,411,667,none,scrolled_down,0,-1,0.0,0.0,2026-07-25 22:11:07.319216
scroll,411,667,none,scrolled_down,0,-1,0.0,0.0,2026-07-25 22:11:07.335190
scroll,411,667,none,scrolled_down,0,-1,0.0,0.0,2026-07-25 22:11:07.351229
scroll,411,667,none,scrolled_down,0,-1,0.0,0.0,2026-07-25 22:11:07.368842
scroll,411,667,none,scrolled_down,0,-1,0.0,0.0,2026-07-25 22:11:07.396800
scroll,411,667,none,scrolled_down,0,0,0.0,0.0,2026-07-25 22:11:07.466084
scroll,411,667,none,scrolled_down,0,0,0.0,0.0,2026-07-25 22:11:07.472490
scroll,411,667,none,scrolled_down,0,0,0.0,0.0,2026-07-25 22:11:07.479367
scroll,411,667,none,scrolled_down,0,0,0.0,0.0,2026-07-25 22:11:07.486933
scroll,411,667,none,scrolled_down,0,0,0.0,0.0,2026-07-25 22:11:07.493774
scroll,411,667,none,scrolled_down,0,0,0.0,0.0,2026-07-25 22:11:07.501712
scroll,411,667,none,scrolled_down,0,0,0.0,0.0,2026-07-25 22:11:07.506607
scroll,411,667,none,scrolled_down,0,0,0.0,0.0,2026-07-25 22:11:07.513236
scroll,411,667,none,scrolled_down,0,0,0.0,0.0,2026-07-25 22:11:07.520914
scroll,411,667,none,scrolled_down,0,0,0.0,0.0,2026-07-25 22:11:07.528076
scroll,411,667,none,scrolled_down,0,0,0.0,0.0,2026-07-25 22:11:07.537746
scroll,411,667,none,scrolled_down,0,0,0.0,0.0,2026-07-25 22:11:07.546684
scroll,411,667,none,scrolled_down,0,0,0.0,0.0,2026-07-25 22:11:07.553001
scroll,411,667,none,scrolled_down,0,0,0.0,0.0,2026-07-25 22:11:07.560737
scroll,411,667,none,scrolled_down,0,-1,0.0,0.0,2026-07-25 22:11:07.568623
scroll,411,667,none,scrolled_down,0,0,0.0,0.0,2026-07-25 22:11:07.573646
scroll,411,667,none,scrolled_down,0,-1,0.0,0.0,2026-07-25 22:11:07.581000
scroll,411,667,none,scrolled_up,0,1,0.0,0.0,2026-07-25 22:11:07.615037
scroll,411,667,none,scrolled_down,0,0,0.0,0.0,2026-07-25 22:11:07.618251
scroll,411,667,none,scrolled_up,0,1,0.0,0.0,2026-07-25 22:11:07.647080
scroll,411,667,none,scrolled_up,0,1,0.0,0.0,2026-07-25 22:11:07.677855
scroll,411,667,none,scrolled_down,0,0,0.0,0.0,2026-07-25 22:11:07.693850
scroll,411,667,none,scrolled_down,0,-1,0.0,0.0,2026-07-25 22:11:07.705685
scroll,411,667,none,scrolled_down,0,-1,0.0,0.0,2026-07-25 22:11:07.712168
scroll,411,667,none,scrolled_down,0,-1,0.0,0.0,2026-07-25 22:11:07.719193
scroll,411,667,none,scrolled_down,0,-1,0.0,0.0,2026-07-25 22:11:07.725929
scroll,411,667,none,scrolled_down,0,-1,0.0,0.0,2026-07-25 22:11:07.733246
scroll,411,667,none,scrolled_down,0,-1,0.0,0.0,2026-07-25 22:11:07.739167
scroll,411,667,none,scrolled_down,0,-1,0.0,0.0,2026-07-25 22:11:07.745728
scroll,411,667,none,scrolled_down,0,-1,0.0,0.0,2026-07-25 22:11:07.752912
scroll,411,667,none,scrolled_down,0,-1,0.0,0.0,2026-07-25 22:11:07.759466
scroll,411,667,none,scrolled_down,0,-1,0.0,0.0,2026-07-25 22:11:07.766456
scroll,411,667,none,scrolled_down,0,-1,0.0,0.0,2026-07-25 22:11:07.773205
scroll,411,667,none,scrolled_down,0,-1,0.0,0.0,2026-07-25 22:11:07.780301
scroll,411,667,none,scrolled_down,0,-1,0.0,0.0,2026-07-25 22:11:07.790298
scroll,411,667,none,scrolled_down,0,-1,0.0,0.0,2026-07-25 22:11:07.796908
scroll,411,667,none,scrolled_down,0,-2,0.0,0.0,2026-07-25 22:11:07.831818
scroll,411,667,none,scrolled_down,0,-1,0.0,0.0,2026-07-25 22:11:07.847584
scroll,411,667,none,scrolled_down,0,-1,0.0,0.0,2026-07-25 22:11:07.862265
scroll,411,667,none,scrolled_down,0,-1,0.0,0.0,2026-07-25 22:11:07.878149
scroll,411,667,none,scrolled_down,0,-1,0.0,0.0,2026-07-25 22:11:07.908266
scroll,411,667,none,scrolled_down,0,-1,0.0,0.0,2026-07-25 22:11:07.916388
scroll,411,667,none,scrolled_down,0,-1,0.0,0.0,2026-07-25 22:11:07.939229
scroll,411,667,none,scrolled_down,0,-1,0.0,0.0,2026-07-25 22:11:07.955196
scroll,411,667,none,scrolled_down,0,-1,0.0,0.0,2026-07-25 22:11:07.970491
scroll,411,667,none,scrolled_down,0,-1,0.0,0.0,2026-07-25 22:11:07.985936
scroll,411,667,none,scrolled_down,0,0,0.0,0.0,2026-07-25 22:11:07.996560
scroll,411,667,none,scrolled_down,0,0,0.0,0.0,2026-07-25 22:11:08.005742
scroll,411,667,none,scrolled_down,0,0,0.0,0.0,2026-07-25 22:11:08.010127
scroll,411,667,none,scrolled_down,0,0,0.0,0.0,2026-07-25 22:11:08.017552
scroll,411,667,none,scrolled_down,0,0,0.0,0.0,2026-07-25 22:11:08.023554
scroll,411,667,none,scrolled_down,0,0,0.0,0.0,2026-07-25 22:11:08.030385
scroll,411,667,none,scrolled_down,0,0,0.0,0.0,2026-07-25 22:11:08.037319
scroll,411,667,none,scrolled_down,0,0,0.0,0.0,2026-07-25 22:11:08.044057
scroll,411,667,none,scrolled_down,0,-2,0.0,0.0,2026-07-25 22:11:08.057964
idle,411,667,none,idle_start,0,0,0.0,0.0,2026-07-25 22:11:08.060415
scroll,411,667,none,scrolled_down,0,0,0.0,0.0,2026-07-25 22:11:08.063675
scroll,411,667,none,scrolled_up,0,1,0.0,0.0,2026-07-25 22:11:08.124672
scroll,411,667,none,scrolled_up,0,1,0.0,0.0,2026-07-25 22:11:08.144119
scroll,411,667,none,scrolled_up,0,1,0.0,0.0,2026-07-25 22:11:08.156090
scroll,411,667,none,scrolled_down,0,0,0.0,0.0,2026-07-25 22:11:08.171777
scroll,411,667,none,scrolled_down,0,0,0.0,0.0,2026-07-25 22:11:08.184151
scroll,411,667,none,scrolled_down,0,0,0.0,0.0,2026-07-25 22:11:08.203219
scroll,411,667,none,scrolled_down,0,0,0.0,0.0,2026-07-25 22:11:08.210745
scroll,411,667,none,scrolled_down,0,0,0.0,0.0,2026-07-25 22:11:08.234997
scroll,411,667,none,scrolled_down,0,0,0.0,0.0,2026-07-25 22:11:08.250344
scroll,411,667,none,scrolled_down,0,0,0.0,0.0,2026-07-25 22:11:08.266269
scroll,411,667,none,scrolled_down,0,0,0.0,0.0,2026-07-25 22:11:08.281651
scroll,411,667,none,scrolled_down,0,0,0.0,0.0,2026-07-25 22:11:08.297022
scroll,411,667,none,scrolled_down,0,0,0.0,0.0,2026-07-25 22:11:08.312421
scroll,411,667,none,scrolled_down,0,0,0.0,0.0,2026-07-25 22:11:08.327618
scroll,411,667,none,scrolled_down,0,0,0.0,0.0,2026-07-25 22:11:08.335421
scroll,411,667,none,scrolled_down,0,0,0.0,0.0,2026-07-25 22:11:08.358998
scroll,411,667,none,scrolled_down,0,0,0.0,0.0,2026-07-25 22:11:08.375034
scroll,411,667,none,scrolled_down,0,0,0.0,0.0,2026-07-25 22:11:08.404353
scroll,411,667,none,scrolled_down,0,0,0.0,0.0,2026-07-25 22:11:08.419331
idle,423,665,none,idle_end,0,0,0.0,1.6317,2026-07-25 22:11:09.692101
movement,423,665,none,moved,0,0,3.648,0.0,2026-07-25 22:11:09.692409
movement,494,639,none,moved,0,0,831.2132,0.0,2026-07-25 22:11:09.746932
movement,520,569,none,moved,0,0,2059.6527,0.0,2026-07-25 22:11:09.801737
movement,515,446,none,moved,0,0,2279.3987,0.0,2026-07-25 22:11:09.856350
movement,486,387,none,moved,0,0,328.0315,0.0,2026-07-25 22:11:09.911398
movement,471,393,none,moved,0,0,977.2245,0.0,2026-07-25 22:11:09.966239
movement,461,475,none,moved,0,0,1530.4704,0.0,2026-07-25 22:11:10.021024
idle,475,502,none,idle_start,0,0,0.0,0.0,2026-07-25 22:11:11.608440
idle,475,517,none,idle_end,0,0,0.0,3.6037,2026-07-25 22:11:15.212131
movement,475,517,none,moved,0,0,2.9049,0.0,2026-07-25 22:11:15.212719
movement,480,713,none,moved,0,0,4835.8028,0.0,2026-07-25 22:11:15.266796
movement,524,976,none,moved,0,0,3543.3553,0.0,2026-07-25 22:11:15.321662
movement,555,1085,none,moved,0,0,306.1536,0.0,2026-07-25 22:11:15.376496
movement,559,1079,none,moved,0,0,0.0,0.0,2026-07-25 22:11:15.438577
movement,559,1077,none,moved,0,0,6.7314,0.0,2026-07-25 22:11:15.911390
movement,562,1094,none,moved,0,0,773.687,0.0,2026-07-25 22:11:15.966425
movement,575,1086,none,moved,0,0,196.1846,0.0,2026-07-25 22:11:16.021318
movement,588,1083,none,moved,0,0,330.7967,0.0,2026-07-25 22:11:16.076007
movement,591,1081,none,moved,0,0,145.3026,0.0,2026-07-25 22:11:16.130768
movement,591,1080,none,moved,0,0,0.0,0.0,2026-07-25 22:11:16.213450
movement,584,1079,none,moved,0,0,442.2661,0.0,2026-07-25 22:11:16.268151
movement,537,1078,none,moved,0,0,1427.1194,0.0,2026-07-25 22:11:16.322960
movement,463,1082,none,moved,0,0,1319.609,0.0,2026-07-25 22:11:16.377758
movement,405,1080,none,moved,0,0,870.4522,0.0,2026-07-25 22:11:16.432683
movement,372,1079,none,moved,0,0,462.9513,0.0,2026-07-25 22:11:16.487527
movement,367,1078,none,moved,0,0,72.6979,0.0,2026-07-25 22:11:16.542328
movement,367,1074,none,moved,0,0,72.4918,0.0,2026-07-25 22:11:16.604142
movement,372,1049,none,moved,0,0,595.9802,0.0,2026-07-25 22:11:16.658895
movement,398,1001,none,moved,0,0,1380.0085,0.0,2026-07-25 22:11:16.713737
movement,434,956,none,moved,0,0,818.5258,0.0,2026-07-25 22:11:16.769564
movement,463,947,none,moved,0,0,427.6993,0.0,2026-07-25 22:11:16.823588
movement,489,960,none,moved,0,0,645.4082,0.0,2026-07-25 22:11:16.878307
movement,528,978,none,moved,0,0,685.6402,0.0,2026-07-25 22:11:16.934821
movement,570,992,none,moved,0,0,895.883,0.0,2026-07-25 22:11:16.988014
movement,596,998,none,moved,0,0,293.1747,0.0,2026-07-25 22:11:17.042791
movement,597,998,none,moved,0,0,0.0,0.0,2026-07-25 22:11:17.111526
movement,594,995,none,moved,0,0,68.6064,0.0,2026-07-25 22:11:17.173161
movement,591,990,none,moved,0,0,3.9147,0.0,2026-07-25 22:11:17.792314
movement,577,973,none,moved,0,0,382.2919,0.0,2026-07-25 22:11:17.847898
movement,568,966,none,moved,0,0,169.9681,0.0,2026-07-25 22:11:17.901063
movement,566,965,none,moved,0,0,0.0,0.0,2026-07-25 22:11:18.010941
click,566,966,left,pressed,0,0,0.0,0.0,2026-07-25 22:11:18.496509
click,566,966,left,released,0,0,0.0,0.0,2026-07-25 22:11:18.715255
idle,566,966,none,idle_start,0,0,0.0,0.0,2026-07-25 22:11:19.614813
movement,1414,1077,none,moved,0,0,0.0,0.0,2026-07-25 22:15:47.192279
movement,1325,1012,none,moved,0,0,2160.1993,0.0,2026-07-25 22:15:47.245096
movement,1270,916,none,moved,0,0,2434.8205,0.0,2026-07-25 22:15:47.299557
movement,1250,793,none,moved,0,0,2188.4086,0.0,2026-07-25 22:15:47.354372
movement,1266,713,none,moved,0,0,1235.3033,0.0,2026-07-25 22:15:47.409338
movement,1352,673,none,moved,0,0,2226.0179,0.0,2026-07-25 22:15:47.464117
movement,1450,684,none,moved,0,0,1631.7678,0.0,2026-07-25 22:15:47.519019
movement,1505,754,none,moved,0,0,2051.423,0.0,2026-07-25 22:15:47.580719
movement,1498,807,none,moved,0,0,1158.5676,0.0,2026-07-25 22:15:47.635648
movement,1452,848,none,moved,0,0,1258.2218,0.0,2026-07-25 22:15:47.690457
movement,1372,878,none,moved,0,0,1846.4845,0.0,2026-07-25 22:15:47.745358
movement,1277,893,none,moved,0,0,2066.4793,0.0,2026-07-25 22:15:47.800056
movement,1190,897,none,moved,0,0,1441.5893,0.0,2026-07-25 22:15:47.855135
movement,1118,900,none,moved,0,0,1642.8279,0.0,2026-07-25 22:15:47.911146
movement,1060,901,none,moved,0,0,768.7507,0.0,2026-07-25 22:15:47.967343
movement,987,906,none,moved,0,0,1376.4894,0.0,2026-07-25 22:15:48.020005
movement,910,917,none,moved,0,0,1029.6855,0.0,2026-07-25 22:15:48.077487
movement,834,933,none,moved,0,0,2368.5536,0.0,2026-07-25 22:15:48.129226
movement,766,957,none,moved,0,0,1672.4333,0.0,2026-07-25 22:15:48.184458
movement,736,974,none,moved,0,0,140.7863,0.0,2026-07-25 22:15:48.239510
movement,733,980,none,moved,0,0,301.2284,0.0,2026-07-25 22:15:48.293802
movement,740,981,none,moved,0,0,18.0896,0.0,2026-07-25 22:15:49.108910
movement,759,871,none,moved,0,0,1501.5829,0.0,2026-07-25 22:15:49.162922
movement,761,856,none,moved,0,0,35.9298,0.0,2026-07-25 22:15:49.225001
click,761,856,left,pressed,0,0,0.0,0.0,2026-07-25 22:15:49.496883
click,761,856,left,released,0,0,0.0,0.0,2026-07-25 22:15:49.723091
movement,760,865,none,moved,0,0,9.4727,0.0,2026-07-25 22:15:50.180950
movement,715,1010,none,moved,0,0,3180.7084,0.0,2026-07-25 22:15:50.234631
movement,664,1090,none,moved,0,0,848.0855,0.0,2026-07-25 22:15:50.289477
movement,640,1079,none,moved,0,0,148.4026,0.0,2026-07-25 22:15:50.343934
movement,626,1055,none,moved,0,0,1156.9973,0.0,2026-07-25 22:15:50.398914
movement,603,970,none,moved,0,0,1467.4407,0.0,2026-07-25 22:15:50.453787
movement,592,888,none,moved,0,0,868.8219,0.0,2026-07-25 22:15:50.508839
idle,591,877,none,idle_start,0,0,0.0,0.0,2026-07-25 22:15:52.226344
idle,592,858,none,idle_end,0,0,0.0,0.0123,2026-07-25 22:15:52.238591
movement,592,858,none,moved,0,0,11.3119,0.0,2026-07-25 22:15:52.239110
movement,590,845,none,moved,0,0,16.4242,0.0,2026-07-25 22:15:53.039422
movement,587,712,none,moved,0,0,2368.8056,0.0,2026-07-25 22:15:53.093442
movement,645,524,none,moved,0,0,4492.4044,0.0,2026-07-25 22:15:53.147709
movement,705,376,none,moved,0,0,2345.2735,0.0,2026-07-25 22:15:53.202618
movement,732,319,none,moved,0,0,327.7449,0.0,2026-07-25 22:15:53.257393
click,734,317,left,pressed,0,0,0.0,0.0,2026-07-25 22:15:53.581968
click,734,317,left,released,0,0,0.0,0.0,2026-07-25 22:15:53.803592
movement,729,330,none,moved,0,0,8.9415,0.0,2026-07-25 22:15:54.828878
movement,602,648,none,moved,0,0,6893.739,0.0,2026-07-25 22:15:54.883579
movement,540,901,none,moved,0,0,2581.1102,0.0,2026-07-25 22:15:54.938528
movement,565,971,none,moved,0,0,977.3942,0.0,2026-07-25 22:15:54.993231
movement,671,972,none,moved,0,0,2752.7056,0.0,2026-07-25 22:15:55.048246
movement,815,932,none,moved,0,0,1458.6554,0.0,2026-07-25 22:15:55.102852
movement,829,927,none,moved,0,0,0.0,0.0,2026-07-25 22:15:55.178973
movement,800,938,none,moved,0,0,1935.8613,0.0,2026-07-25 22:15:55.233239
movement,641,1000,none,moved,0,0,2905.2046,0.0,2026-07-25 22:15:55.288325
movement,592,1015,none,moved,0,0,210.1556,0.0,2026-07-25 22:15:55.343040
movement,590,1015,none,moved,0,0,0.0,0.0,2026-07-25 22:15:55.404755
movement,596,1004,none,moved,0,0,456.8598,0.0,2026-07-25 22:15:55.459851
movement,629,937,none,moved,0,0,1823.2172,0.0,2026-07-25 22:15:55.514388
movement,661,823,none,moved,0,0,2605.4305,0.0,2026-07-25 22:15:55.569422
movement,695,671,none,moved,0,0,3265.6224,0.0,2026-07-25 22:15:55.624585
movement,704,564,none,moved,0,0,921.5936,0.0,2026-07-25 22:15:55.679896
click,703,526,right,pressed,0,0,0.0,0.0,2026-07-25 22:15:56.498081
click,703,526,right,released,0,0,0.0,0.0,2026-07-25 22:15:56.563213
idle,703,526,none,idle_start,0,0,0.0,0.0,2026-07-25 22:15:57.233249
idle,694,516,none,idle_end,0,0,0.0,4.9269,2026-07-25 22:16:02.160208
movement,694,516,none,moved,0,0,2.0914,0.0,2026-07-25 22:16:02.161230
movement,578,415,none,moved,0,0,2251.2928,0.0,2026-07-25 22:16:02.214956
movement,527,377,none,moved,0,0,520.0226,0.0,2026-07-25 22:16:02.269847
movement,521,371,none,moved,0,0,149.2263,0.0,2026-07-25 22:16:02.324925
click,522,369,left,pressed,0,0,0.0,0.0,2026-07-25 22:16:02.595468
click,522,369,left,released,0,0,0.0,0.0,2026-07-25 22:16:02.812816
movement,525,381,none,moved,0,0,8.5363,0.0,2026-07-25 22:16:03.808350
movement,608,663,none,moved,0,0,7282.4303,0.0,2026-07-25 22:16:03.862615
movement,698,966,none,moved,0,0,5936.4532,0.0,2026-07-25 22:16:03.917456
movement,761,1089,none,moved,0,0,1160.4577,0.0,2026-07-25 22:16:03.972318
movement,780,1073,none,moved,0,0,436.1797,0.0,2026-07-25 22:16:04.026890
movement,789,1073,none,moved,0,0,36.5875,0.0,2026-07-25 22:16:04.272886
movement,926,1075,none,moved,0,0,2645.2875,0.0,2026-07-25 22:16:04.327612
movement,1090,1018,none,moved,0,0,3355.7702,0.0,2026-07-25 22:16:04.382371
movement,1175,977,none,moved,0,0,745.0183,0.0,2026-07-25 22:16:04.436644
movement,1217,1000,none,moved,0,0,1444.1704,0.0,2026-07-25 22:16:04.491755
movement,1264,1061,none,moved,0,0,1529.6513,0.0,2026-07-25 22:16:04.546039
movement,1317,1084,none,moved,0,0,995.0415,0.0,2026-07-25 22:16:04.601433
movement,1376,1083,none,moved,0,0,773.846,0.0,2026-07-25 22:16:04.656249
movement,1405,1081,none,moved,0,0,299.8705,0.0,2026-07-25 22:16:04.711380
movement,1407,1080,none,moved,0,0,0.0,0.0,2026-07-25 22:16:04.779714
movement,1402,1080,none,moved,0,0,205.9026,0.0,2026-07-25 22:16:04.834844
movement,1348,1080,none,moved,0,0,930.3077,0.0,2026-07-25 22:16:04.889983
movement,1330,1079,none,moved,0,0,71.519,0.0,2026-07-25 22:16:04.951799
movement,1329,1077,none,moved,0,0,37.3006,0.0,2026-07-25 22:16:05.026124
movement,1331,1074,none,moved,0,0,132.9752,0.0,2026-07-25 22:16:05.082468
movement,1332,1072,none,moved,0,0,0.0,0.0,2026-07-25 22:16:05.135702
movement,1332,1068,none,moved,0,0,48.0651,0.0,2026-07-25 22:16:05.205047
movement,1332,1065,none,moved,0,0,74.6397,0.0,2026-07-25 22:16:05.267465
movement,1330,1058,none,moved,0,0,297.9861,0.0,2026-07-25 22:16:05.320940
movement,1326,1052,none,moved,0,0,144.701,0.0,2026-07-25 22:16:05.376131
movement,1325,1050,none,moved,0,0,0.0,0.0,2026-07-25 22:16:05.486309
movement,1331,1050,none,moved,0,0,142.5761,0.0,2026-07-25 22:16:05.541083
movement,1360,1053,none,moved,0,0,847.0261,0.0,2026-07-25 22:16:05.595487
movement,1402,1053,none,moved,0,0,407.9665,0.0,2026-07-25 22:16:05.652235
movement,1409,1053,none,moved,0,0,18.1883,0.0,2026-07-25 22:16:05.754164
movement,1409,1053,none,moved,0,0,0.0,0.0,2026-07-25 22:16:05.817039
movement,1408,1053,none,moved,0,0,0.0,0.0,2026-07-25 22:16:05.891061
movement,1406,1053,none,moved,0,0,29.64,0.0,2026-07-25 22:16:05.959132
movement,1405,1047,none,moved,0,0,15.7487,0.0,2026-07-25 22:16:06.367717
movement,1399,951,none,moved,0,0,1553.1583,0.0,2026-07-25 22:16:06.422318
movement,1393,879,none,moved,0,0,910.6566,0.0,2026-07-25 22:16:06.476575
click,1391,873,left,pressed,0,0,0.0,0.0,2026-07-25 22:16:06.779224
click,1391,873,left,released,0,0,0.0,0.0,2026-07-25 22:16:07.000683
movement,1382,866,none,moved,0,0,14.4167,0.0,2026-07-25 22:16:07.308692
movement,1175,643,none,moved,0,0,7834.6218,0.0,2026-07-25 22:16:07.363542
movement,883,338,none,moved,0,0,6814.893,0.0,2026-07-25 22:16:07.418480
movement,720,171,none,moved,0,0,1507.2534,0.0,2026-07-25 22:16:07.480915
movement,651,109,none,moved,0,0,671.6177,0.0,2026-07-25 22:16:07.530955
movement,639,100,none,moved,0,0,0.0,0.0,2026-07-25 22:16:07.603719
movement,640,102,none,moved,0,0,48.8124,0.0,2026-07-25 22:16:07.658554
movement,641,105,none,moved,0,0,70.9288,0.0,2026-07-25 22:16:07.720735
movement,642,107,none,moved,0,0,155.1779,0.0,2026-07-25 22:16:07.775097
movement,643,108,none,moved,0,0,0.0,0.0,2026-07-25 22:16:07.849907
movement,674,126,none,moved,0,0,829.1653,0.0,2026-07-25 22:16:07.905551
movement,704,178,none,moved,0,0,369.0044,0.0,2026-07-25 22:16:07.968594
movement,713,254,none,moved,0,0,1170.4082,0.0,2026-07-25 22:16:08.021964
movement,711,296,none,moved,0,0,461.0523,0.0,2026-07-25 22:16:08.076856
movement,710,307,none,moved,0,0,37.7033,0.0,2026-07-25 22:16:08.151541
movement,709,308,none,moved,0,0,12.8817,0.0,2026-07-25 22:16:08.278130
movement,707,308,none,moved,0,0,36.4203,0.0,2026-07-25 22:16:08.344384
movement,706,308,none,moved,0,0,0.0,0.0,2026-07-25 22:16:08.406169
movement,697,324,none,moved,0,0,333.6683,0.0,2026-07-25 22:16:08.460748
movement,686,362,none,moved,0,0,298.6439,0.0,2026-07-25 22:16:08.515672
movement,686,376,none,moved,0,0,183.4137,0.0,2026-07-25 22:16:08.570466
movement,686,377,none,moved,0,0,0.0,0.0,2026-07-25 22:16:08.707899
movement,679,377,none,moved,0,0,6.807,0.0,2026-07-25 22:16:09.777471
movement,588,387,none,moved,0,0,1569.778,0.0,2026-07-25 22:16:09.832532
movement,519,391,none,moved,0,0,893.7802,0.0,2026-07-25 22:16:09.887177
movement,482,381,none,moved,0,0,338.5463,0.0,2026-07-25 22:16:09.941865
movement,474,376,none,moved,0,0,149.6843,0.0,2026-07-25 22:16:09.996816
movement,473,376,none,moved,0,0,0.0,0.0,2026-07-25 22:16:10.078987
movement,473,377,none,moved,0,0,14.5184,0.0,2026-07-25 22:16:10.175303
movement,474,378,none,moved,0,0,15.8714,0.0,2026-07-25 22:16:10.264399
movement,474,381,none,moved,0,0,5.2628,0.0,2026-07-25 22:16:10.834439
movement,479,412,none,moved,0,0,611.4255,0.0,2026-07-25 22:16:10.889194
movement,482,424,none,moved,0,0,0.0,0.0,2026-07-25 22:16:10.944117
movement,482,427,none,moved,0,0,24.2471,0.0,2026-07-25 22:16:11.019640
click,482,427,left,pressed,0,0,0.0,0.0,2026-07-25 22:16:11.328050
click,482,427,left,released,0,0,0.0,0.0,2026-07-25 22:16:11.557499
idle,482,427,none,idle_start,0,0,0.0,0.0,2026-07-25 22:16:12.882849
idle,479,423,none,idle_end,0,0,0.0,6.5775,2026-07-25 22:16:19.460339
movement,479,423,none,moved,0,0,0.5948,0.0,2026-07-25 22:16:19.460908
movement,381,403,none,moved,0,0,2519.7741,0.0,2026-07-25 22:16:19.514676
movement,270,403,none,moved,0,0,1933.2921,0.0,2026-07-25 22:16:19.569814
movement,206,412,none,moved,0,0,289.422,0.0,2026-07-25 22:16:19.625051
movement,203,415,none,moved,0,0,139.9314,0.0,2026-07-25 22:16:19.675324
movement,203,423,none,moved,0,0,214.0537,0.0,2026-07-25 22:16:19.729040
movement,227,444,none,moved,0,0,1149.6417,0.0,2026-07-25 22:16:19.784357
movement,332,475,none,moved,0,0,2806.6977,0.0,2026-07-25 22:16:19.840116
movement,463,496,none,moved,0,0,2238.0584,0.0,2026-07-25 22:16:19.894234
movement,531,489,none,moved,0,0,492.4543,0.0,2026-07-25 22:16:19.949419
movement,547,473,none,moved,0,0,32.2125,0.0,2026-07-25 22:16:20.327504
movement,715,234,none,moved,0,0,6792.2143,0.0,2026-07-25 22:16:20.381065
movement,847,48,none,moved,0,0,1259.4415,0.0,2026-07-25 22:16:20.436034
movement,859,28,none,moved,0,0,36.9575,0.0,2026-07-25 22:16:20.511526
movement,859,32,none,moved,0,0,11.0078,0.0,2026-07-25 22:16:20.874909
movement,836,132,none,moved,0,0,2374.9143,0.0,2026-07-25 22:16:20.929887
movement,798,244,none,moved,0,0,1310.2112,0.0,2026-07-25 22:16:20.984948
movement,790,278,none,moved,0,0,288.7943,0.0,2026-07-25 22:16:21.039790
movement,791,281,none,moved,0,0,150.5277,0.0,2026-07-25 22:16:21.094159
movement,792,281,none,moved,0,0,0.0,0.0,2026-07-25 22:16:21.162797
movement,792,281,none,moved,0,0,0.0,0.0,2026-07-25 22:16:21.272759
movement,792,281,none,moved,0,0,0.0,0.0,2026-07-25 22:16:21.341341
movement,797,295,none,moved,0,0,458.3597,0.0,2026-07-25 22:16:21.395881
movement,810,341,none,moved,0,0,1061.3115,0.0,2026-07-25 22:16:21.450801
movement,822,373,none,moved,0,0,146.0311,0.0,2026-07-25 22:16:21.505672
movement,824,377,none,moved,0,0,0.0,0.0,2026-07-25 22:16:21.608837
movement,823,377,none,moved,0,0,0.0,0.0,2026-07-25 22:16:21.663520
click,823,377,left,pressed,0,0,0.0,0.0,2026-07-25 22:16:22.194834
click,823,377,left,released,0,0,0.0,0.0,2026-07-25 22:16:22.416775
movement,823,379,none,moved,0,0,1.7649,0.0,2026-07-25 22:16:22.796750
movement,813,426,none,moved,0,0,926.5493,0.0,2026-07-25 22:16:22.851828
movement,811,444,none,moved,0,0,0.0,0.0,2026-07-25 22:16:22.905976
movement,811,449,none,moved,0,0,105.3303,0.0,2026-07-25 22:16:22.969392
click,811,450,left,pressed,0,0,0.0,0.0,2026-07-25 22:16:23.318214
click,811,450,left,released,0,0,0.0,0.0,2026-07-25 22:16:23.539234
movement,814,447,none,moved,0,0,5.8014,0.0,2026-07-25 22:16:23.747642
movement,862,405,none,moved,0,0,848.3397,0.0,2026-07-25 22:16:23.802042
movement,881,398,none,moved,0,0,0.0,0.0,2026-07-25 22:16:23.864264
movement,883,398,none,moved,0,0,9.7195,0.0,2026-07-25 22:16:24.007895
movement,886,398,none,moved,0,0,0.0,0.0,2026-07-25 22:16:24.062856
movement,898,394,none,moved,0,0,457.9798,0.0,2026-07-25 22:16:24.117719
movement,925,385,none,moved,0,0,771.5463,0.0,2026-07-25 22:16:24.172781
movement,948,378,none,moved,0,0,289.3422,0.0,2026-07-25 22:16:24.227588
movement,951,377,none,moved,0,0,0.0,0.0,2026-07-25 22:16:24.317453
click,951,377,left,pressed,0,0,0.0,0.0,2026-07-25 22:16:24.609616
click,951,377,left,released,0,0,0.0,0.0,2026-07-25 22:16:24.831950
idle,951,377,none,idle_start,0,0,0.0,0.0,2026-07-25 22:16:25.943090
idle,951,382,none,idle_end,0,0,0.0,0.8857,2026-07-25 22:16:26.828834
movement,951,382,none,moved,0,0,1.9909,0.0,2026-07-25 22:16:26.832648
movement,965,433,none,moved,0,0,625.0624,0.0,2026-07-25 22:16:26.883476
movement,969,440,none,moved,0,0,0.0,0.0,2026-07-25 22:16:26.944913
movement,969,436,none,moved,0,0,154.8456,0.0,2026-07-25 22:16:26.999935
movement,967,429,none,moved,0,0,312.1983,0.0,2026-07-25 22:16:27.055102
movement,955,404,none,moved,0,0,600.0124,0.0,2026-07-25 22:16:27.110457
movement,945,382,none,moved,0,0,174.1459,0.0,2026-07-25 22:16:27.164169
movement,943,379,none,moved,0,0,36.9542,0.0,2026-07-25 22:16:27.219685
movement,943,379,none,moved,0,0,0.0,0.0,2026-07-25 22:16:27.274409
movement,942,377,none,moved,0,0,0.0,0.0,2026-07-25 22:16:27.336215
movement,939,372,none,moved,0,0,105.7592,0.0,2026-07-25 22:16:27.386328
movement,935,365,none,moved,0,0,147.0138,0.0,2026-07-25 22:16:27.438594
movement,935,364,none,moved,0,0,22.8085,0.0,2026-07-25 22:16:27.489166
movement,935,369,none,moved,0,0,6.6976,0.0,2026-07-25 22:16:28.235704
movement,931,414,none,moved,0,0,522.1992,0.0,2026-07-25 22:16:28.287752
movement,930,432,none,moved,0,0,142.7362,0.0,2026-07-25 22:16:28.342641
click,930,432,left,pressed,0,0,0.0,0.0,2026-07-25 22:16:28.724691
click,930,432,left,released,0,0,0.0,0.0,2026-07-25 22:16:28.951320
movement,937,427,none,moved,0,0,10.5786,0.0,2026-07-25 22:16:29.190362
movement,1033,368,none,moved,0,0,2050.0367,0.0,2026-07-25 22:16:29.244680
movement,1109,338,none,moved,0,0,1502.3848,0.0,2026-07-25 22:16:29.299360
movement,1149,331,none,moved,0,0,586.1036,0.0,2026-07-25 22:16:29.354129
movement,1177,332,none,moved,0,0,588.3233,0.0,2026-07-25 22:16:29.409137
movement,1200,332,none,moved,0,0,153.7107,0.0,2026-07-25 22:16:29.463923
movement,1207,331,none,moved,0,0,140.1465,0.0,2026-07-25 22:16:29.519039
movement,1208,330,none,moved,0,0,0.0,0.0,2026-07-25 22:16:29.622664
movement,1208,331,none,moved,0,0,23.8724,0.0,2026-07-25 22:16:29.691122
movement,1207,332,none,moved,0,0,46.9734,0.0,2026-07-25 22:16:29.745792
movement,1206,335,none,moved,0,0,107.1409,0.0,2026-07-25 22:16:29.806575
movement,1206,339,none,moved,0,0,143.7538,0.0,2026-07-25 22:16:29.861816
idle,1206,339,none,idle_start,0,0,0.0,0.0,2026-07-25 22:16:31.497660
idle,1209,340,none,idle_end,0,0,0.0,0.0804,2026-07-25 22:16:31.578054
movement,1209,340,none,moved,0,0,1.8426,0.0,2026-07-25 22:16:31.580078
movement,1261,352,none,moved,0,0,1018.8475,0.0,2026-07-25 22:16:31.632577
movement,1290,349,none,moved,0,0,211.2107,0.0,2026-07-25 22:16:31.687186
movement,1291,351,none,moved,0,0,3.0336,0.0,2026-07-25 22:16:32.724330
movement,1296,403,none,moved,0,0,706.1392,0.0,2026-07-25 22:16:32.779479
movement,1299,421,none,moved,0,0,103.0871,0.0,2026-07-25 22:16:32.830096
click,1299,423,left,pressed,0,0,0.0,0.0,2026-07-25 22:16:33.133065
click,1299,423,left,released,0,0,0.0,0.0,2026-07-25 22:16:33.358665
movement,1309,419,none,moved,0,0,12.0479,0.0,2026-07-25 22:16:33.741777
movement,1436,365,none,moved,0,0,2347.5975,0.0,2026-07-25 22:16:33.796576
movement,1539,319,none,moved,0,0,2094.7859,0.0,2026-07-25 22:16:33.851565
movement,1596,290,none,moved,0,0,602.0176,0.0,2026-07-25 22:16:33.906475
movement,1611,288,none,moved,0,0,0.0,0.0,2026-07-25 22:16:33.961405
movement,1615,290,none,moved,0,0,65.6421,0.0,2026-07-25 22:16:34.016032
movement,1617,291,none,moved,0,0,72.3443,0.0,2026-07-25 22:16:34.077872
movement,1621,293,none,moved,0,0,153.2446,0.0,2026-07-25 22:16:34.132581
movement,1624,297,none,moved,0,0,0.0,0.0,2026-07-25 22:16:34.194390
movement,1626,306,none,moved,0,0,331.4869,0.0,2026-07-25 22:16:34.249211
movement,1622,323,none,moved,0,0,189.8976,0.0,2026-07-25 22:16:34.304793
movement,1612,339,none,moved,0,0,0.0,0.0,2026-07-25 22:16:34.359294
movement,1608,345,none,moved,0,0,69.1342,0.0,2026-07-25 22:16:34.427203
movement,1607,345,none,moved,0,0,0.0,0.0,2026-07-25 22:16:34.536958
movement,1605,343,none,moved,0,0,30.1392,0.0,2026-07-25 22:16:34.611282
movement,1598,347,none,moved,0,0,10.996,0.0,2026-07-25 22:16:35.352516
movement,1513,391,none,moved,0,0,965.0432,0.0,2026-07-25 22:16:35.407149
movement,1454,411,none,moved,0,0,1051.1131,0.0,2026-07-25 22:16:35.461560
movement,1421,419,none,moved,0,0,584.1852,0.0,2026-07-25 22:16:35.516403
movement,1400,419,none,moved,0,0,288.7844,0.0,2026-07-25 22:16:35.571220
movement,1393,418,none,moved,0,0,51.1102,0.0,2026-07-25 22:16:35.633162
click,1393,418,left,pressed,0,0,0.0,0.0,2026-07-25 22:16:35.934148
click,1393,418,left,released,0,0,0.0,0.0,2026-07-25 22:16:36.159396
movement,1386,415,none,moved,0,0,9.8607,0.0,2026-07-25 22:16:36.405501
movement,1324,380,none,moved,0,0,1026.1079,0.0,2026-07-25 22:16:36.460786
movement,1304,371,none,moved,0,0,145.7722,0.0,2026-07-25 22:16:36.514680
movement,1304,370,none,moved,0,0,145.5547,0.0,2026-07-25 22:16:36.569578
movement,1333,374,none,moved,0,0,1186.969,0.0,2026-07-25 22:16:36.624462
movement,1438,389,none,moved,0,0,2089.9006,0.0,2026-07-25 22:16:36.679387
movement,1524,402,none,moved,0,0,1074.0035,0.0,2026-07-25 22:16:36.734085
movement,1552,401,none,moved,0,0,147.869,0.0,2026-07-25 22:16:36.788988
movement,1553,397,none,moved,0,0,181.1465,0.0,2026-07-25 22:16:36.845287
movement,1518,341,none,moved,0,0,2128.4012,0.0,2026-07-25 22:16:36.899197
movement,1378,233,none,moved,0,0,3710.0946,0.0,2026-07-25 22:16:36.953993
movement,1219,167,none,moved,0,0,2229.5434,0.0,2026-07-25 22:16:37.008562
movement,1128,159,none,moved,0,0,1208.0804,0.0,2026-07-25 22:16:37.063477
movement,1105,157,none,moved,0,0,0.0,0.0,2026-07-25 22:16:37.118304
movement,1105,157,none,moved,0,0,0.0,0.0,2026-07-25 22:16:37.179890
movement,1107,158,none,moved,0,0,97.0926,0.0,2026-07-25 22:16:37.248589
movement,1122,174,none,moved,0,0,917.2353,0.0,2026-07-25 22:16:37.303803
movement,1173,211,none,moved,0,0,1081.2675,0.0,2026-07-25 22:16:37.359243
movement,1219,224,none,moved,0,0,1197.2472,0.0,2026-07-25 22:16:37.413247
movement,1252,221,none,moved,0,0,291.6368,0.0,2026-07-25 22:16:37.468868
movement,1257,218,none,moved,0,0,50.1547,0.0,2026-07-25 22:16:37.524137
movement,1256,218,none,moved,0,0,15.9239,0.0,2026-07-25 22:16:37.592713
movement,1256,218,none,moved,0,0,0.0,0.0,2026-07-25 22:16:37.660779
movement,1255,216,none,moved,0,0,24.3914,0.0,2026-07-25 22:16:37.728447
movement,1253,215,none,moved,0,0,40.3159,0.0,2026-07-25 22:16:37.791191
movement,1246,205,none,moved,0,0,340.513,0.0,2026-07-25 22:16:37.846165
movement,1239,196,none,moved,0,0,0.0,0.0,2026-07-25 22:16:37.900387
movement,1237,193,none,moved,0,0,0.0,0.0,2026-07-25 22:16:38.023385
movement,1237,195,none,moved,0,0,2.2517,0.0,2026-07-25 22:16:38.911612
movement,1242,222,none,moved,0,0,186.7538,0.0,2026-07-25 22:16:38.968306
movement,1248,238,none,moved,0,0,145.4638,0.0,2026-07-25 22:16:39.020835
click,1248,240,left,pressed,0,0,0.0,0.0,2026-07-25 22:16:39.428317
click,1248,240,left,released,0,0,0.0,0.0,2026-07-25 22:16:39.645292
movement,1252,243,none,moved,0,0,4.8465,0.0,2026-07-25 22:16:40.079944
movement,1308,288,none,moved,0,0,968.2122,0.0,2026-07-25 22:16:40.134904
movement,1364,308,none,moved,0,0,1068.1053,0.0,2026-07-25 22:16:40.189924
movement,1419,312,none,moved,0,0,873.0858,0.0,2026-07-25 22:16:40.245132
movement,1467,318,none,moved,0,0,734.9402,0.0,2026-07-25 22:16:40.299367
movement,1505,322,none,moved,0,0,593.7702,0.0,2026-07-25 22:16:40.354456
movement,1555,333,none,moved,0,0,992.0401,0.0,2026-07-25 22:16:40.410020
movement,1621,351,none,moved,0,0,1139.4737,0.0,2026-07-25 22:16:40.464022
movement,1692,372,none,moved,0,0,1330.6804,0.0,2026-07-25 22:16:40.518967
movement,1750,395,none,moved,0,0,1117.3895,0.0,2026-07-25 22:16:40.574512
movement,1797,416,none,moved,0,0,605.7254,0.0,2026-07-25 22:16:40.629247
movement,1814,425,none,moved,0,0,330.3423,0.0,2026-07-25 22:16:40.683680
movement,1818,427,none,moved,0,0,24.2771,0.0,2026-07-25 22:16:40.766631
movement,1819,427,none,moved,0,0,16.1559,0.0,2026-07-25 22:16:40.828533
movement,1819,425,none,moved,0,0,49.0539,0.0,2026-07-25 22:16:40.882298
movement,1820,421,none,moved,0,0,0.0,0.0,2026-07-25 22:16:40.937118
movement,1821,409,none,moved,0,0,292.4694,0.0,2026-07-25 22:16:40.991892
movement,1822,400,none,moved,0,0,0.0,0.0,2026-07-25 22:16:41.046927
movement,1823,392,none,moved,0,0,118.3127,0.0,2026-07-25 22:16:41.103382
movement,1823,386,none,moved,0,0,0.0,0.0,2026-07-25 22:16:41.157517
movement,1823,383,none,moved,0,0,48.1589,0.0,2026-07-25 22:16:41.226593
movement,1823,380,none,moved,0,0,67.7079,0.0,2026-07-25 22:16:41.287903
movement,1824,374,none,moved,0,0,0.0,0.0,2026-07-25 22:16:41.342397
movement,1813,379,none,moved,0,0,15.3306,0.0,2026-07-25 22:16:42.213087
movement,1721,428,none,moved,0,0,606.8554,0.0,2026-07-25 22:16:42.266711
movement,1711,433,none,moved,0,0,144.7909,0.0,2026-07-25 22:16:42.321443
movement,1708,432,none,moved,0,0,48.3443,0.0,2026-07-25 22:16:42.390219
movement,1708,431,none,moved,0,0,14.5164,0.0,2026-07-25 22:16:42.459108
click,1708,430,left,pressed,0,0,0.0,0.0,2026-07-25 22:16:42.790176
click,1708,430,left,released,0,0,0.0,0.0,2026-07-25 22:16:43.006754
movement,1689,433,none,moved,0,0,21.3443,0.0,2026-07-25 22:16:43.366812
movement,1154,573,none,moved,0,0,13424.9218,0.0,2026-07-25 22:16:43.421470
movement,655,705,none,moved,0,0,6656.9229,0.0,2026-07-25 22:16:43.476511
movement,494,720,none,moved,0,0,1452.1733,0.0,2026-07-25 22:16:43.531188
movement,449,690,none,moved,0,0,856.2401,0.0,2026-07-25 22:16:43.585980
movement,418,652,none,moved,0,0,718.498,0.0,2026-07-25 22:16:43.640920
movement,385,622,none,moved,0,0,593.235,0.0,2026-07-25 22:16:43.696389
movement,343,603,none,moved,0,0,737.2992,0.0,2026-07-25 22:16:43.750590
movement,291,601,none,moved,0,0,1242.8795,0.0,2026-07-25 22:16:43.805876
movement,229,601,none,moved,0,0,878.8616,0.0,2026-07-25 22:16:43.861369
movement,197,588,none,moved,0,0,516.6118,0.0,2026-07-25 22:16:43.915178
movement,192,560,none,moved,0,0,573.737,0.0,2026-07-25 22:16:43.970109
movement,213,500,none,moved,0,0,1480.7462,0.0,2026-07-25 22:16:44.024906
movement,265,431,none,moved,0,0,1111.3639,0.0,2026-07-25 22:16:44.079956
movement,278,420,none,moved,0,0,290.3235,0.0,2026-07-25 22:16:44.134597
movement,331,420,none,moved,0,0,635.4468,0.0,2026-07-25 22:16:44.194308
movement,392,428,none,moved,0,0,1065.7343,0.0,2026-07-25 22:16:44.244326
movement,408,433,none,moved,0,0,103.1142,0.0,2026-07-25 22:16:44.306071
movement,408,433,none,moved,0,0,0.0,0.0,2026-07-25 22:16:44.388587
movement,406,433,none,moved,0,0,36.1721,0.0,2026-07-25 22:16:44.450238
movement,406,434,none,moved,0,0,14.6742,0.0,2026-07-25 22:16:44.518383
movement,406,436,none,moved,0,0,0.0,0.0,2026-07-25 22:16:44.573830
movement,406,440,none,moved,0,0,5.9677,0.0,2026-07-25 22:16:45.244108
movement,399,491,none,moved,0,0,1384.9268,0.0,2026-07-25 22:16:45.295472
movement,396,519,none,moved,0,0,314.805,0.0,2026-07-25 22:16:45.346390
movement,396,525,none,moved,0,0,71.7637,0.0,2026-07-25 22:16:45.408709
movement,396,523,none,moved,0,0,3.0439,0.0,2026-07-25 22:16:46.065758
movement,399,484,none,moved,0,0,408.8946,0.0,2026-07-25 22:16:46.120812
movement,401,469,none,moved,0,0,143.7538,0.0,2026-07-25 22:16:46.175746
movement,401,469,none,moved,0,0,0.0,0.0,2026-07-25 22:16:46.258130
movement,401,471,none,moved,0,0,37.8769,0.0,2026-07-25 22:16:46.320405
movement,401,473,none,moved,0,0,48.788,0.0,2026-07-25 22:16:46.387741
movement,402,476,none,moved,0,0,47.9196,0.0,2026-07-25 22:16:46.449711
movement,403,481,none,moved,0,0,152.4207,0.0,2026-07-25 22:16:46.505502
movement,403,487,none,moved,0,0,0.0,0.0,2026-07-25 22:16:46.559722
movement,404,493,none,moved,0,0,77.8887,0.0,2026-07-25 22:16:46.620940
click,404,494,left,pressed,0,0,0.0,0.0,2026-07-25 22:16:46.964158
click,404,494,left,released,0,0,0.0,0.0,2026-07-25 22:16:47.190516
movement,398,494,none,moved,0,0,7.0586,0.0,2026-07-25 22:16:47.491635
movement,312,479,none,moved,0,0,1287.231,0.0,2026-07-25 22:16:47.546680
movement,244,471,none,moved,0,0,815.6514,0.0,2026-07-25 22:16:47.601303
movement,209,472,none,moved,0,0,582.138,0.0,2026-07-25 22:16:47.656094
movement,195,474,none,moved,0,0,73.9697,0.0,2026-07-25 22:16:47.710998
movement,195,475,none,moved,0,0,18.1535,0.0,2026-07-25 22:16:47.773113
movement,195,475,none,moved,0,0,0.0,0.0,2026-07-25 22:16:47.855202
movement,195,475,none,moved,0,0,0.0,0.0,2026-07-25 22:16:47.916752
movement,196,474,none,moved,0,0,0.0,0.0,2026-07-25 22:16:48.005978
movement,195,473,none,moved,0,0,0.0,0.0,2026-07-25 22:16:48.094929
movement,190,472,none,moved,0,0,321.4212,0.0,2026-07-25 22:16:48.149979
movement,168,471,none,moved,0,0,730.435,0.0,2026-07-25 22:16:48.204750
movement,114,470,none,moved,0,0,737.0583,0.0,2026-07-25 22:16:48.259569
movement,72,470,none,moved,0,0,702.7754,0.0,2026-07-25 22:16:48.314693
movement,51,470,none,moved,0,0,165.1301,0.0,2026-07-25 22:16:48.369463
movement,50,470,none,moved,0,0,0.0,0.0,2026-07-25 22:16:48.444630
movement,52,472,none,moved,0,0,2.6244,0.0,2026-07-25 22:16:49.563629
movement,65,499,none,moved,0,0,560.8031,0.0,2026-07-25 22:16:49.617917
movement,69,506,none,moved,0,0,73.0143,0.0,2026-07-25 22:16:49.679654
movement,69,508,none,moved,0,0,20.7717,0.0,2026-07-25 22:16:49.769214
movement,69,509,none,moved,0,0,17.9849,0.0,2026-07-25 22:16:49.824821
movement,69,509,none,moved,0,0,0.0,0.0,2026-07-25 22:16:49.885569
click,69,512,left,pressed,0,0,0.0,0.0,2026-07-25 22:16:50.232557
click,69,512,left,released,0,0,0.0,0.0,2026-07-25 22:16:50.451312
movement,74,511,none,moved,0,0,7.2785,0.0,2026-07-25 22:16:50.634643
movement,139,481,none,moved,0,0,1453.7269,0.0,2026-07-25 22:16:50.688703
movement,189,460,none,moved,0,0,674.6816,0.0,2026-07-25 22:16:50.743428
movement,203,456,none,moved,0,0,1457.8742,0.0,2026-07-25 22:16:50.793431
movement,205,456,none,moved,0,0,11.1523,0.0,2026-07-25 22:16:50.894894
movement,205,455,none,moved,0,0,12.2021,0.0,2026-07-25 22:16:50.976847
movement,204,455,none,moved,0,0,28.9686,0.0,2026-07-25 22:16:51.059220
movement,204,456,none,moved,0,0,1.4231,0.0,2026-07-25 22:16:51.761940
movement,204,487,none,moved,0,0,590.3521,0.0,2026-07-25 22:16:51.816371
movement,209,502,none,moved,0,0,203.5986,0.0,2026-07-25 22:16:51.871166
movement,211,508,none,moved,0,0,141.4319,0.0,2026-07-25 22:16:51.926406
movement,212,512,none,moved,0,0,207.2551,0.0,2026-07-25 22:16:51.980956
movement,213,515,none,moved,0,0,0.0,0.0,2026-07-25 22:16:52.042815
movement,214,521,none,moved,0,0,72.3218,0.0,2026-07-25 22:16:52.104302
click,215,523,left,pressed,0,0,0.0,0.0,2026-07-25 22:16:52.435218
click,215,523,left,released,0,0,0.0,0.0,2026-07-25 22:16:52.649566
movement,218,522,none,moved,0,0,3.9085,0.0,2026-07-25 22:16:52.934074
movement,272,492,none,moved,0,0,1279.371,0.0,2026-07-25 22:16:52.989432
movement,315,466,none,moved,0,0,223.269,0.0,2026-07-25 22:16:53.057617
movement,326,459,none,moved,0,0,0.0,0.0,2026-07-25 22:16:53.167442
movement,325,464,none,moved,0,0,4.739,0.0,2026-07-25 22:16:54.079462
movement,322,506,none,moved,0,0,419.0114,0.0,2026-07-25 22:16:54.134397
movement,323,522,none,moved,0,0,141.0372,0.0,2026-07-25 22:16:54.189502
movement,323,525,none,moved,0,0,0.0,0.0,2026-07-25 22:16:54.244689
movement,323,525,none,moved,0,0,0.0,0.0,2026-07-25 22:16:54.298782
click,323,525,left,pressed,0,0,0.0,0.0,2026-07-25 22:16:54.586980
click,323,525,left,released,0,0,0.0,0.0,2026-07-25 22:16:54.811976
movement,318,525,none,moved,0,0,5.8116,0.0,2026-07-25 22:16:55.159128
movement,273,521,none,moved,0,0,528.8239,0.0,2026-07-25 22:16:55.210827
movement,247,511,none,moved,0,0,319.6901,0.0,2026-07-25 22:16:55.265783
movement,231,502,none,moved,0,0,202.9577,0.0,2026-07-25 22:16:55.320784
movement,220,497,none,moved,0,0,147.8586,0.0,2026-07-25 22:16:55.375608
movement,212,496,none,moved,0,0,143.961,0.0,2026-07-25 22:16:55.430500
movement,207,495,none,moved,0,0,36.6155,0.0,2026-07-25 22:16:55.499785
movement,207,495,none,moved,0,0,0.0,0.0,2026-07-25 22:16:56.075506
movement,206,492,none,moved,0,0,51.8043,0.0,2026-07-25 22:16:56.144052
movement,206,490,none,moved,0,0,0.0,0.0,2026-07-25 22:16:56.246408
movement,206,488,none,moved,0,0,2.576,0.0,2026-07-25 22:16:56.641455
movement,203,479,none,moved,0,0,139.2161,0.0,2026-07-25 22:16:56.696142
movement,202,476,none,moved,0,0,37.3834,0.0,2026-07-25 22:16:56.750201
movement,202,475,none,moved,0,0,7.669,0.0,2026-07-25 22:16:56.880601
movement,204,474,none,moved,0,0,55.2794,0.0,2026-07-25 22:16:56.953998
movement,206,472,none,moved,0,0,73.1033,0.0,2026-07-25 22:16:57.010709
movement,206,470,none,moved,0,0,0.0,0.0,2026-07-25 22:16:57.065573
movement,206,471,none,moved,0,0,3.2516,0.0,2026-07-25 22:16:57.708129
movement,212,514,none,moved,0,0,584.3684,0.0,2026-07-25 22:16:57.762081
movement,213,540,none,moved,0,0,280.9783,0.0,2026-07-25 22:16:57.817188
movement,213,547,none,moved,0,0,0.0,0.0,2026-07-25 22:16:57.871855
click,213,547,left,pressed,0,0,0.0,0.0,2026-07-25 22:16:58.279051
click,213,547,left,released,0,0,0.0,0.0,2026-07-25 22:16:58.501675
movement,216,546,none,moved,0,0,2.8034,0.0,2026-07-25 22:16:58.999883
movement,244,515,none,moved,0,0,715.6783,0.0,2026-07-25 22:16:59.054534
movement,252,482,none,moved,0,0,431.5868,0.0,2026-07-25 22:16:59.109756
movement,240,457,none,moved,0,0,654.4177,0.0,2026-07-25 22:16:59.164125
movement,211,433,none,moved,0,0,688.7782,0.0,2026-07-25 22:16:59.219389
movement,181,414,none,moved,0,0,517.2656,0.0,2026-07-25 22:16:59.274309
movement,165,407,none,moved,0,0,219.6091,0.0,2026-07-25 22:16:59.328469
movement,153,402,none,moved,0,0,210.2599,0.0,2026-07-25 22:16:59.384082
movement,142,396,none,moved,0,0,152.7907,0.0,2026-07-25 22:16:59.434535
movement,127,388,none,moved,0,0,144.721,0.0,2026-07-25 22:16:59.486200
movement,118,382,none,moved,0,0,141.6277,0.0,2026-07-25 22:16:59.541511
movement,114,380,none,moved,0,0,67.2263,0.0,2026-07-25 22:16:59.604079
movement,113,379,none,moved,0,0,23.2552,0.0,2026-07-25 22:16:59.664888
movement,113,379,none,moved,0,0,0.0,0.0,2026-07-25 22:16:59.719972
movement,116,379,none,moved,0,0,0.0,0.0,2026-07-25 22:16:59.775244
movement,124,381,none,moved,0,0,152.7924,0.0,2026-07-25 22:16:59.829665
movement,130,371,none,moved,0,0,491.8256,0.0,2026-07-25 22:16:59.884245
movement,132,330,none,moved,0,0,858.4038,0.0,2026-07-25 22:16:59.939412
movement,131,296,none,moved,0,0,421.6935,0.0,2026-07-25 22:16:59.994394
movement,129,293,none,moved,0,0,0.0,0.0,2026-07-25 22:17:00.062354
movement,132,304,none,moved,0,0,467.8172,0.0,2026-07-25 22:17:00.117248
movement,144,327,none,moved,0,0,523.0804,0.0,2026-07-25 22:17:00.172133
movement,162,345,none,moved,0,0,503.9918,0.0,2026-07-25 22:17:00.227382
movement,184,352,none,moved,0,0,591.08,0.0,2026-07-25 22:17:00.281941
movement,222,352,none,moved,0,0,586.9854,0.0,2026-07-25 22:17:00.336783
movement,253,356,none,moved,0,0,403.7877,0.0,2026-07-25 22:17:00.391748
movement,277,400,none,moved,0,0,1324.9357,0.0,2026-07-25 22:17:00.446612
movement,271,502,none,moved,0,0,2287.0081,0.0,2026-07-25 22:17:00.501375
movement,250,630,none,moved,0,0,2895.874,0.0,2026-07-25 22:17:00.556030
movement,225,740,none,moved,0,0,1849.868,0.0,2026-07-25 22:17:00.610979
movement,201,791,none,moved,0,0,653.3209,0.0,2026-07-25 22:17:00.666023
movement,193,798,none,moved,0,0,0.0,0.0,2026-07-25 22:17:00.728110
movement,192,798,none,moved,0,0,0.0,0.0,2026-07-25 22:17:00.782606
movement,190,797,none,moved,0,0,141.6851,0.0,2026-07-25 22:17:00.837673
movement,141,800,none,moved,0,0,1888.2179,0.0,2026-07-25 22:17:00.892621
movement,57,826,none,moved,0,0,1157.7509,0.0,2026-07-25 22:17:00.947288
movement,34,850,none,moved,0,0,410.182,0.0,2026-07-25 22:17:01.001918
movement,32,853,none,moved,0,0,0.0,0.0,2026-07-25 22:17:01.063648
movement,55,836,none,moved,0,0,1585.0861,0.0,2026-07-25 22:17:01.118439
movement,145,766,none,moved,0,0,1981.2017,0.0,2026-07-25 22:17:01.173293
movement,196,706,none,moved,0,0,1361.7712,0.0,2026-07-25 22:17:01.228410
movement,225,661,none,moved,0,0,603.5935,0.0,2026-07-25 22:17:01.283088
movement,229,638,none,moved,0,0,445.0662,0.0,2026-07-25 22:17:01.337894
movement,229,616,none,moved,0,0,290.193,0.0,2026-07-25 22:17:01.392783
movement,230,603,none,moved,0,0,145.2875,0.0,2026-07-25 22:17:01.447777
movement,230,601,none,moved,0,0,0.0,0.0,2026-07-25 22:17:01.503305
movement,230,603,none,moved,0,0,36.4668,0.0,2026-07-25 22:17:01.564812
movement,227,605,none,moved,0,0,68.6477,0.0,2026-07-25 22:17:01.632896
movement,221,605,none,moved,0,0,147.8377,0.0,2026-07-25 22:17:01.694434
movement,217,599,none,moved,0,0,150.5547,0.0,2026-07-25 22:17:01.750201
movement,218,584,none,moved,0,0,301.8781,0.0,2026-07-25 22:17:01.805107
movement,229,566,none,moved,0,0,301.1511,0.0,2026-07-25 22:17:01.860301
movement,237,560,none,moved,0,0,166.891,0.0,2026-07-25 22:17:01.913988
movement,238,560,none,moved,0,0,0.0,0.0,2026-07-25 22:17:02.017072
movement,238,561,none,moved,0,0,30.2798,0.0,2026-07-25 22:17:02.085469
movement,237,562,none,moved,0,0,9.9362,0.0,2026-07-25 22:17:02.213573
movement,237,563,none,moved,0,0,1.9446,0.0,2026-07-25 22:17:02.727818
movement,241,590,none,moved,0,0,893.4985,0.0,2026-07-25 22:17:02.782840
movement,244,614,none,moved,0,0,206.9298,0.0,2026-07-25 22:17:02.837876
click,244,620,left,pressed,0,0,0.0,0.0,2026-07-25 22:17:03.173842
click,244,620,left,released,0,0,0.0,0.0,2026-07-25 22:17:03.392842
movement,249,618,none,moved,0,0,7.977,0.0,2026-07-25 22:17:03.560985
movement,316,585,none,moved,0,0,1360.3233,0.0,2026-07-25 22:17:03.614269
movement,356,575,none,moved,0,0,592.1022,0.0,2026-07-25 22:17:03.668964
movement,382,581,none,moved,0,0,337.0741,0.0,2026-07-25 22:17:03.724218
scroll,394,589,none,scrolled_down,0,-1,0.0,0.0,2026-07-25 22:17:04.019453
scroll,394,589,none,scrolled_down,0,-1,0.0,0.0,2026-07-25 22:17:04.025865
scroll,394,589,none,scrolled_down,0,-1,0.0,0.0,2026-07-25 22:17:04.033492
scroll,394,589,none,scrolled_down,0,-1,0.0,0.0,2026-07-25 22:17:04.042961
scroll,394,589,none,scrolled_down,0,-1,0.0,0.0,2026-07-25 22:17:04.050111
scroll,394,589,none,scrolled_down,0,-1,0.0,0.0,2026-07-25 22:17:04.053067
scroll,394,589,none,scrolled_down,0,-2,0.0,0.0,2026-07-25 22:17:04.085034
scroll,394,589,none,scrolled_down,0,-1,0.0,0.0,2026-07-25 22:17:04.088661
scroll,394,589,none,scrolled_down,0,-1,0.0,0.0,2026-07-25 22:17:04.095033
scroll,394,589,none,scrolled_down,0,-1,0.0,0.0,2026-07-25 22:17:04.103736
scroll,394,589,none,scrolled_down,0,-1,0.0,0.0,2026-07-25 22:17:04.108577
scroll,394,589,none,scrolled_down,0,-1,0.0,0.0,2026-07-25 22:17:04.116034
scroll,394,589,none,scrolled_down,0,-1,0.0,0.0,2026-07-25 22:17:04.122586
scroll,394,589,none,scrolled_down,0,-1,0.0,0.0,2026-07-25 22:17:04.146071
scroll,394,589,none,scrolled_down,0,-1,0.0,0.0,2026-07-25 22:17:04.149659
scroll,394,589,none,scrolled_down,0,-2,0.0,0.0,2026-07-25 22:17:04.177918
scroll,394,589,none,scrolled_down,0,-1,0.0,0.0,2026-07-25 22:17:04.191842
scroll,394,589,none,scrolled_down,0,-1,0.0,0.0,2026-07-25 22:17:04.207073
scroll,394,589,none,scrolled_down,0,-1,0.0,0.0,2026-07-25 22:17:04.265055
scroll,394,589,none,scrolled_down,0,-1,0.0,0.0,2026-07-25 22:17:04.266673
scroll,394,589,none,scrolled_down,0,-1,0.0,0.0,2026-07-25 22:17:04.267882
scroll,394,589,none,scrolled_down,0,-1,0.0,0.0,2026-07-25 22:17:04.269201
scroll,394,589,none,scrolled_down,0,-1,0.0,0.0,2026-07-25 22:17:04.285563
scroll,394,589,none,scrolled_down,0,-1,0.0,0.0,2026-07-25 22:17:04.301840
scroll,394,589,none,scrolled_down,0,-1,0.0,0.0,2026-07-25 22:17:04.317776
scroll,394,589,none,scrolled_down,0,-1,0.0,0.0,2026-07-25 22:17:04.333328
scroll,394,589,none,scrolled_down,0,-1,0.0,0.0,2026-07-25 22:17:04.348655
scroll,394,589,none,scrolled_down,0,-1,0.0,0.0,2026-07-25 22:17:04.485130
scroll,394,589,none,scrolled_down,0,-1,0.0,0.0,2026-07-25 22:17:04.492547
scroll,394,589,none,scrolled_down,0,-1,0.0,0.0,2026-07-25 22:17:04.498890
scroll,394,589,none,scrolled_down,0,-1,0.0,0.0,2026-07-25 22:17:04.509330
scroll,394,589,none,scrolled_down,0,-2,0.0,0.0,2026-07-25 22:17:04.526185
scroll,394,589,none,scrolled_down,0,-1,0.0,0.0,2026-07-25 22:17:04.533318
scroll,394,589,none,scrolled_down,0,-1,0.0,0.0,2026-07-25 22:17:04.539798
scroll,394,589,none,scrolled_down,0,-1,0.0,0.0,2026-07-25 22:17:04.545934
scroll,394,589,none,scrolled_down,0,-1,0.0,0.0,2026-07-25 22:17:04.553460
scroll,394,589,none,scrolled_down,0,-1,0.0,0.0,2026-07-25 22:17:04.560356
scroll,394,589,none,scrolled_up,0,1,0.0,0.0,2026-07-25 22:17:04.572952
scroll,394,589,none,scrolled_down,0,-1,0.0,0.0,2026-07-25 22:17:04.596287
scroll,394,589,none,scrolled_down,0,-1,0.0,0.0,2026-07-25 22:17:04.705663
scroll,394,589,none,scrolled_down,0,-1,0.0,0.0,2026-07-25 22:17:04.707539
scroll,394,589,none,scrolled_down,0,-1,0.0,0.0,2026-07-25 22:17:04.708736
scroll,394,589,none,scrolled_down,0,-1,0.0,0.0,2026-07-25 22:17:04.711030
scroll,394,589,none,scrolled_down,0,-1,0.0,0.0,2026-07-25 22:17:04.720508
scroll,394,589,none,scrolled_down,0,-1,0.0,0.0,2026-07-25 22:17:04.722678
scroll,394,589,none,scrolled_down,0,-1,0.0,0.0,2026-07-25 22:17:04.725111
scroll,394,589,none,scrolled_down,0,-1,0.0,0.0,2026-07-25 22:17:04.727383
scroll,394,589,none,scrolled_down,0,-1,0.0,0.0,2026-07-25 22:17:04.753369
scroll,394,589,none,scrolled_down,0,-1,0.0,0.0,2026-07-25 22:17:04.778476
scroll,394,589,none,scrolled_down,0,-1,0.0,0.0,2026-07-25 22:17:04.825712
scroll,394,589,none,scrolled_down,0,-1,0.0,0.0,2026-07-25 22:17:04.828687
scroll,394,589,none,scrolled_down,0,-1,0.0,0.0,2026-07-25 22:17:04.837377
scroll,394,589,none,scrolled_up,0,5,0.0,0.0,2026-07-25 22:17:04.843153
scroll,394,589,none,scrolled_down,0,0,0.0,0.0,2026-07-25 22:17:04.847278
scroll,394,589,none,scrolled_down,0,0,0.0,0.0,2026-07-25 22:17:04.853518
scroll,394,589,none,scrolled_down,0,0,0.0,0.0,2026-07-25 22:17:04.860878
scroll,394,589,none,scrolled_down,0,0,0.0,0.0,2026-07-25 22:17:04.870759
scroll,394,589,none,scrolled_down,0,0,0.0,0.0,2026-07-25 22:17:04.873108
scroll,394,589,none,scrolled_down,0,0,0.0,0.0,2026-07-25 22:17:04.880367
scroll,394,589,none,scrolled_down,0,-1,0.0,0.0,2026-07-25 22:17:04.893549
scroll,394,589,none,scrolled_up,0,3,0.0,0.0,2026-07-25 22:17:04.940228
scroll,394,589,none,scrolled_up,0,1,0.0,0.0,2026-07-25 22:17:04.964221
scroll,394,589,none,scrolled_up,0,1,0.0,0.0,2026-07-25 22:17:04.974911
scroll,394,589,none,scrolled_down,0,0,0.0,0.0,2026-07-25 22:17:05.004505
scroll,394,589,none,scrolled_up,0,1,0.0,0.0,2026-07-25 22:17:05.007524
scroll,394,589,none,scrolled_down,0,0,0.0,0.0,2026-07-25 22:17:05.017563
scroll,394,589,none,scrolled_down,0,0,0.0,0.0,2026-07-25 22:17:05.035190
scroll,394,589,none,scrolled_down,0,0,0.0,0.0,2026-07-25 22:17:05.048953
scroll,394,589,none,scrolled_down,0,0,0.0,0.0,2026-07-25 22:17:05.065013
scroll,394,589,none,scrolled_down,0,0,0.0,0.0,2026-07-25 22:17:05.080928
scroll,394,589,none,scrolled_down,0,0,0.0,0.0,2026-07-25 22:17:05.111254
scroll,394,589,none,scrolled_down,0,0,0.0,0.0,2026-07-25 22:17:05.127038
scroll,394,589,none,scrolled_down,0,-1,0.0,0.0,2026-07-25 22:17:05.147043
scroll,394,589,none,scrolled_down,0,-1,0.0,0.0,2026-07-25 22:17:05.152132
scroll,394,589,none,scrolled_down,0,-1,0.0,0.0,2026-07-25 22:17:05.159290
scroll,394,589,none,scrolled_down,0,-1,0.0,0.0,2026-07-25 22:17:05.169180
scroll,394,589,none,scrolled_down,0,-1,0.0,0.0,2026-07-25 22:17:05.173085
scroll,394,589,none,scrolled_down,0,-1,0.0,0.0,2026-07-25 22:17:05.180014
scroll,394,589,none,scrolled_down,0,-1,0.0,0.0,2026-07-25 22:17:05.186479
scroll,394,589,none,scrolled_down,0,-1,0.0,0.0,2026-07-25 22:17:05.195052
scroll,394,589,none,scrolled_down,0,-2,0.0,0.0,2026-07-25 22:17:05.220411
scroll,394,589,none,scrolled_down,0,-1,0.0,0.0,2026-07-25 22:17:05.248124
scroll,394,589,none,scrolled_down,0,-3,0.0,0.0,2026-07-25 22:17:05.254809
scroll,394,589,none,scrolled_down,0,-1,0.0,0.0,2026-07-25 22:17:05.261296
scroll,394,589,none,scrolled_down,0,-1,0.0,0.0,2026-07-25 22:17:05.269116
scroll,394,589,none,scrolled_down,0,-1,0.0,0.0,2026-07-25 22:17:05.275061
idle,394,589,none,idle_start,0,0,0.0,0.0,2026-07-25 22:17:05.371662
scroll,394,589,none,scrolled_up,0,2,0.0,0.0,2026-07-25 22:17:05.372237
scroll,394,589,none,scrolled_up,0,2,0.0,0.0,2026-07-25 22:17:05.402267
scroll,394,589,none,scrolled_down,0,0,0.0,0.0,2026-07-25 22:17:05.407804
scroll,394,589,none,scrolled_down,0,0,0.0,0.0,2026-07-25 22:17:05.415657
scroll,394,589,none,scrolled_down,0,0,0.0,0.0,2026-07-25 22:17:05.419257
scroll,394,589,none,scrolled_down,0,0,0.0,0.0,2026-07-25 22:17:05.426042
scroll,394,589,none,scrolled_down,0,0,0.0,0.0,2026-07-25 22:17:05.517922
scroll,394,589,none,scrolled_down,0,-1,0.0,0.0,2026-07-25 22:17:05.522329
scroll,394,589,none,scrolled_down,0,-1,0.0,0.0,2026-07-25 22:17:05.529156
scroll,394,589,none,scrolled_down,0,-1,0.0,0.0,2026-07-25 22:17:05.536045
scroll,394,589,none,scrolled_down,0,-1,0.0,0.0,2026-07-25 22:17:05.542237
scroll,394,589,none,scrolled_down,0,-2,0.0,0.0,2026-07-25 22:17:05.574961
scroll,394,589,none,scrolled_down,0,-3,0.0,0.0,2026-07-25 22:17:05.608149
scroll,394,589,none,scrolled_down,0,-1,0.0,0.0,2026-07-25 22:17:05.638668
scroll,394,589,none,scrolled_down,0,-1,0.0,0.0,2026-07-25 22:17:05.642728
scroll,394,589,none,scrolled_up,0,1,0.0,0.0,2026-07-25 22:17:05.650538
scroll,394,589,none,scrolled_down,0,-1,0.0,0.0,2026-07-25 22:17:05.671722
scroll,394,589,none,scrolled_down,0,-1,0.0,0.0,2026-07-25 22:17:05.685098
scroll,394,589,none,scrolled_down,0,-1,0.0,0.0,2026-07-25 22:17:05.716172
scroll,394,589,none,scrolled_down,0,-1,0.0,0.0,2026-07-25 22:17:05.717541
scroll,394,589,none,scrolled_down,0,-1,0.0,0.0,2026-07-25 22:17:05.732830
scroll,394,589,none,scrolled_down,0,-1,0.0,0.0,2026-07-25 22:17:05.748379
scroll,394,589,none,scrolled_down,0,-1,0.0,0.0,2026-07-25 22:17:05.764295
scroll,394,589,none,scrolled_down,0,-1,0.0,0.0,2026-07-25 22:17:05.779725
scroll,394,589,none,scrolled_down,0,-1,0.0,0.0,2026-07-25 22:17:05.795632
scroll,394,589,none,scrolled_down,0,-1,0.0,0.0,2026-07-25 22:17:05.811548
scroll,394,589,none,scrolled_down,0,-1,0.0,0.0,2026-07-25 22:17:05.827342
scroll,394,589,none,scrolled_down,0,-1,0.0,0.0,2026-07-25 22:17:05.843391
scroll,394,589,none,scrolled_down,0,-1,0.0,0.0,2026-07-25 22:17:05.858632
scroll,394,589,none,scrolled_down,0,-1,0.0,0.0,2026-07-25 22:17:05.874006
idle,394,580,none,idle_end,0,0,0.0,0.5744,2026-07-25 22:17:05.946116
movement,394,580,none,moved,0,0,4.0884,0.0,2026-07-25 22:17:05.946557
movement,382,495,none,moved,0,0,1202.6787,0.0,2026-07-25 22:17:06.000829
movement,326,517,none,moved,0,0,2744.3719,0.0,2026-07-25 22:17:06.055421
movement,178,875,none,moved,0,0,8450.5025,0.0,2026-07-25 22:17:06.110478
movement,121,1088,none,moved,0,0,913.8533,0.0,2026-07-25 22:17:06.165174
movement,128,1070,none,moved,0,0,39.061,0.0,2026-07-25 22:17:06.453760
movement,271,876,none,moved,0,0,3860.3007,0.0,2026-07-25 22:17:06.508318
movement,338,845,none,moved,0,0,1878.5211,0.0,2026-07-25 22:17:06.563507
movement,460,892,none,moved,0,0,2727.035,0.0,2026-07-25 22:17:06.618301
movement,577,977,none,moved,0,0,2661.3978,0.0,2026-07-25 22:17:06.673270
movement,649,1076,none,moved,0,0,2248.8501,0.0,2026-07-25 22:17:06.727529
movement,658,1085,none,moved,0,0,629.2629,0.0,2026-07-25 22:17:06.782911
movement,614,1066,none,moved,0,0,71.1614,0.0,2026-07-25 22:17:07.045566
movement,761,902,none,moved,0,0,4838.1452,0.0,2026-07-25 22:17:07.098766
movement,912,824,none,moved,0,0,2264.5141,0.0,2026-07-25 22:17:07.153907
movement,1023,826,none,moved,0,0,1779.5388,0.0,2026-07-25 22:17:07.209080
movement,1076,889,none,moved,0,0,1488.1424,0.0,2026-07-25 22:17:07.264017
movement,1067,980,none,moved,0,0,1720.9191,0.0,2026-07-25 22:17:07.318820
movement,1007,1069,none,moved,0,0,1965.0574,0.0,2026-07-25 22:17:07.373631
movement,926,1082,none,moved,0,0,1427.0002,0.0,2026-07-25 22:17:07.428096
movement,859,1078,none,moved,0,0,1334.4942,0.0,2026-07-25 22:17:07.483395
movement,817,1043,none,moved,0,0,1317.7168,0.0,2026-07-25 22:17:07.538796
movement,819,990,none,moved,0,0,1058.7688,0.0,2026-07-25 22:17:07.593993
movement,866,945,none,moved,0,0,1373.3509,0.0,2026-07-25 22:17:07.647632
movement,944,926,none,moved,0,0,1718.0382,0.0,2026-07-25 22:17:07.702551
movement,1037,935,none,moved,0,0,1577.1615,0.0,2026-07-25 22:17:07.757660
movement,1114,952,none,moved,0,0,1589.6858,0.0,2026-07-25 22:17:07.812251
movement,1147,967,none,moved,0,0,460.7961,0.0,2026-07-25 22:17:07.867843
movement,1155,974,none,moved,0,0,134.5191,0.0,2026-07-25 22:17:07.922799
movement,1155,976,none,moved,0,0,0.0,0.0,2026-07-25 22:17:07.991181
movement,1159,973,none,moved,0,0,9.997,0.0,2026-07-25 22:17:08.444466
movement,1218,1010,none,moved,0,0,1084.1867,0.0,2026-07-25 22:17:08.500443
movement,1261,1045,none,moved,0,0,615.8053,0.0,2026-07-25 22:17:08.554688
movement,1286,1065,none,moved,0,0,509.6306,0.0,2026-07-25 22:17:08.609814
movement,1295,1073,none,moved,0,0,152.2047,0.0,2026-07-25 22:17:08.664094
movement,1295,1074,none,moved,0,0,0.0,0.0,2026-07-25 22:17:08.794431
movement,1294,1074,none,moved,0,0,34.0613,0.0,2026-07-25 22:17:08.852554
movement,1293,1073,none,moved,0,0,20.1772,0.0,2026-07-25 22:17:08.940960
movement,1290,1062,none,moved,0,0,15.2286,0.0,2026-07-25 22:17:09.528093
movement,1273,994,none,moved,0,0,1651.876,0.0,2026-07-25 22:17:09.582467
movement,1264,919,none,moved,0,0,988.7058,0.0,2026-07-25 22:17:09.638277
click,1260,898,left,pressed,0,0,0.0,0.0,2026-07-25 22:17:09.945862
click,1260,898,left,released,0,0,0.0,0.0,2026-07-25 22:17:10.167072
movement,1252,895,none,moved,0,0,11.8154,0.0,2026-07-25 22:17:10.409937
movement,1142,858,none,moved,0,0,2582.512,0.0,2026-07-25 22:17:10.464974
movement,996,834,none,moved,0,0,3070.7942,0.0,2026-07-25 22:17:10.520111
movement,889,821,none,moved,0,0,1156.8499,0.0,2026-07-25 22:17:10.575136
movement,824,824,none,moved,0,0,1028.6916,0.0,2026-07-25 22:17:10.630135
movement,807,831,none,moved,0,0,137.0195,0.0,2026-07-25 22:17:10.685203
movement,800,833,none,moved,0,0,459.3279,0.0,2026-07-25 22:17:10.739034
movement,770,848,none,moved,0,0,1177.1761,0.0,2026-07-25 22:17:10.793960
movement,733,876,none,moved,0,0,1337.2609,0.0,2026-07-25 22:17:10.848977
movement,664,924,none,moved,0,0,1384.47,0.0,2026-07-25 22:17:10.904197
movement,613,954,none,moved,0,0,644.9643,0.0,2026-07-25 22:17:10.959118
movement,602,949,none,moved,0,0,15.1009,0.0,2026-07-25 22:17:11.454234
movement,587,873,none,moved,0,0,1342.9266,0.0,2026-07-25 22:17:11.509374
movement,587,840,none,moved,0,0,712.0216,0.0,2026-07-25 22:17:11.565131
idle,587,840,none,idle_start,0,0,0.0,0.0,2026-07-25 22:17:13.394984
idle,581,847,none,idle_end,0,0,0.0,6.4293,2026-07-25 22:17:19.824322
movement,581,847,none,moved,0,0,1.1163,0.0,2026-07-25 22:17:19.824794
movement,519,923,none,moved,0,0,1888.5198,0.0,2026-07-25 22:17:19.877862
movement,506,956,none,moved,0,0,370.1945,0.0,2026-07-25 22:17:19.934115
movement,516,971,none,moved,0,0,529.3978,0.0,2026-07-25 22:17:19.987585
movement,528,975,none,moved,0,0,307.1576,0.0,2026-07-25 22:17:20.042999
movement,536,978,none,moved,0,0,72.5658,0.0,2026-07-25 22:17:20.097509
movement,537,978,none,moved,0,0,0.0,0.0,2026-07-25 22:17:20.151905
movement,544,978,none,moved,0,0,288.7943,0.0,2026-07-25 22:17:20.207455
movement,568,984,none,moved,0,0,902.1064,0.0,2026-07-25 22:17:20.262027
movement,580,1008,none,moved,0,0,464.8802,0.0,2026-07-25 22:17:20.316744
movement,543,1060,none,moved,0,0,1116.5093,0.0,2026-07-25 22:17:20.372277
movement,524,1074,none,moved,0,0,143.2334,0.0,2026-07-25 22:17:20.426900
movement,525,1062,none,moved,0,0,604.2051,0.0,2026-07-25 22:17:20.481721
movement,548,987,none,moved,0,0,1421.9534,0.0,2026-07-25 22:17:20.536984
movement,553,959,none,moved,0,0,140.2824,0.0,2026-07-25 22:17:20.591932
movement,550,956,none,moved,0,0,231.5419,0.0,2026-07-25 22:17:20.646107
movement,547,956,none,moved,0,0,46.6557,0.0,2026-07-25 22:17:20.703111
movement,545,956,none,moved,0,0,42.2022,0.0,2026-07-25 22:17:20.766642
movement,543,958,none,moved,0,0,47.5189,0.0,2026-07-25 22:17:20.826359
movement,541,959,none,moved,0,0,50.7655,0.0,2026-07-25 22:17:20.899824
movement,541,962,none,moved,0,0,73.1926,0.0,2026-07-25 22:17:20.961718
movement,541,967,none,moved,0,0,132.4587,0.0,2026-07-25 22:17:21.017765
movement,542,973,none,moved,0,0,176.3424,0.0,2026-07-25 22:17:21.071053
movement,544,979,none,moved,0,0,161.3442,0.0,2026-07-25 22:17:21.126944
click,544,980,left,pressed,0,0,0.0,0.0,2026-07-25 22:17:21.386876
click,544,980,left,released,0,0,0.0,0.0,2026-07-25 22:17:21.608613
idle,544,980,none,idle_start,0,0,0.0,0.0,2026-07-25 22:17:22.921650
movement,845,979,none,moved,0,0,0.0,0.0,2026-07-25 22:23:08.619279
movement,759,927,none,moved,0,0,1810.0445,0.0,2026-07-25 22:23:08.673257
movement,709,918,none,moved,0,0,283.6577,0.0,2026-07-25 22:23:08.728171
movement,703,917,none,moved,0,0,0.0,0.0,2026-07-25 22:23:08.790310
movement,703,916,none,moved,0,0,0.0,0.0,2026-07-25 22:23:08.851242
movement,703,914,none,moved,0,0,29.0348,0.0,2026-07-25 22:23:08.906324
movement,703,914,none,moved,0,0,0.0,0.0,2026-07-25 22:23:08.988407
movement,704,914,none,moved,0,0,13.2659,0.0,2026-07-25 22:23:09.063787
movement,707,914,none,moved,0,0,72.5746,0.0,2026-07-25 22:23:09.125595
movement,730,895,none,moved,0,0,1265.6869,0.0,2026-07-25 22:23:09.180439
movement,792,838,none,moved,0,0,1256.8369,0.0,2026-07-25 22:23:09.235227
movement,815,815,none,moved,0,0,195.3833,0.0,2026-07-25 22:23:09.290627
movement,817,812,none,moved,0,0,0.0,0.0,2026-07-25 22:23:09.379914
movement,817,811,none,moved,0,0,18.071,0.0,2026-07-25 22:23:09.435261
movement,817,792,none,moved,0,0,39.0024,0.0,2026-07-25 22:23:09.817458
movement,662,553,none,moved,0,0,6227.4196,0.0,2026-07-25 22:23:09.869260
movement,522,363,none,moved,0,0,1444.7786,0.0,2026-07-25 22:23:09.923847
movement,524,326,none,moved,0,0,1180.2335,0.0,2026-07-25 22:23:09.978978
movement,513,315,none,moved,0,0,60.4395,0.0,2026-07-25 22:23:10.236367
movement,403,260,none,moved,0,0,1758.4507,0.0,2026-07-25 22:23:10.290825
movement,318,256,none,moved,0,0,772.417,0.0,2026-07-25 22:23:10.345391
movement,293,266,none,moved,0,0,203.9907,0.0,2026-07-25 22:23:10.400235
movement,289,266,none,moved,0,0,46.3684,0.0,2026-07-25 22:23:10.456242
movement,273,271,none,moved,0,0,584.9533,0.0,2026-07-25 22:23:10.510093
movement,233,279,none,moved,0,0,612.6168,0.0,2026-07-25 22:23:10.564603
movement,225,277,none,moved,0,0,72.0201,0.0,2026-07-25 22:23:10.619965
movement,225,276,none,moved,0,0,0.6758,0.0,2026-07-25 22:23:12.099788
movement,217,265,none,moved,0,0,415.5557,0.0,2026-07-25 22:23:12.154483
movement,200,249,none,moved,0,0,145.4437,0.0,2026-07-25 22:23:12.209346
movement,196,247,none,moved,0,0,9.1111,0.0,2026-07-25 22:23:12.346591
movement,201,261,none,moved,0,0,53.5006,0.0,2026-07-25 22:23:12.645301
movement,307,434,none,moved,0,0,3167.2145,0.0,2026-07-25 22:23:12.700240
movement,389,519,none,moved,0,0,1903.6144,0.0,2026-07-25 22:23:12.755050
movement,416,534,none,moved,0,0,0.0,0.0,2026-07-25 22:23:12.823560
click,416,531,left,pressed,0,0,0.0,0.0,2026-07-25 22:23:13.156595
click,416,531,left,released,0,0,0.0,0.0,2026-07-25 22:23:13.385481
movement,419,531,none,moved,0,0,3.0141,0.0,2026-07-25 22:23:13.839508
movement,499,536,none,moved,0,0,1724.2184,0.0,2026-07-25 22:23:13.894917
movement,611,539,none,moved,0,0,2161.8303,0.0,2026-07-25 22:23:13.949524
movement,699,557,none,moved,0,0,1694.1485,0.0,2026-07-25 22:23:14.003930
movement,747,574,none,moved,0,0,644.5433,0.0,2026-07-25 22:23:14.058919
movement,764,582,none,moved,0,0,149.455,0.0,2026-07-25 22:23:14.113855
movement,765,583,none,moved,0,0,18.2955,0.0,2026-07-25 22:23:14.175426
movement,762,583,none,moved,0,0,2.5062,0.0,2026-07-25 22:23:15.372457
movement,653,552,none,moved,0,0,3508.6528,0.0,2026-07-25 22:23:15.427190
movement,522,494,none,moved,0,0,1400.7837,0.0,2026-07-25 22:23:15.481967
movement,513,520,none,moved,0,0,1739.3707,0.0,2026-07-25 22:23:15.536941
movement,559,744,none,moved,0,0,4335.1175,0.0,2026-07-25 22:23:15.591771
movement,600,870,none,moved,0,0,728.5319,0.0,2026-07-25 22:23:15.646720
movement,601,878,none,moved,0,0,0.0,0.0,2026-07-25 22:23:15.715327
idle,601,877,none,idle_start,0,0,0.0,0.0,2026-07-25 22:23:17.507010
idle,597,879,none,idle_end,0,0,0.0,5.3006,2026-07-25 22:23:22.807657
movement,597,879,none,moved,0,0,0.6312,0.0,2026-07-25 22:23:22.808620
movement,527,922,none,moved,0,0,1784.1746,0.0,2026-07-25 22:23:22.862077
movement,467,937,none,moved,0,0,884.6072,0.0,2026-07-25 22:23:22.916862
movement,456,941,none,moved,0,0,0.0,0.0,2026-07-25 22:23:22.972146
movement,467,929,none,moved,0,0,821.6708,0.0,2026-07-25 22:23:23.026525
movement,606,803,none,moved,0,0,4565.6658,0.0,2026-07-25 22:23:23.081769
movement,766,615,none,moved,0,0,3595.934,0.0,2026-07-25 22:23:23.136183
movement,817,537,none,moved,0,0,514.6428,0.0,2026-07-25 22:23:23.191091
movement,817,535,none,moved,0,0,21.2622,0.0,2026-07-25 22:23:23.280953
movement,817,534,none,moved,0,0,12.081,0.0,2026-07-25 22:23:23.370405
movement,816,526,none,moved,0,0,284.9972,0.0,2026-07-25 22:23:23.424697
movement,806,478,none,moved,0,0,1011.8802,0.0,2026-07-25 22:23:23.479146
movement,792,432,none,moved,0,0,988.8327,0.0,2026-07-25 22:23:23.534122
movement,785,421,none,moved,0,0,131.7555,0.0,2026-07-25 22:23:23.589969
movement,775,417,none,moved,0,0,14.3364,0.0,2026-07-25 22:23:24.341214
movement,639,383,none,moved,0,0,1977.1419,0.0,2026-07-25 22:23:24.398231
movement,536,347,none,moved,0,0,1783.5639,0.0,2026-07-25 22:23:24.451038
movement,483,313,none,moved,0,0,828.6222,0.0,2026-07-25 22:23:24.506046
movement,448,266,none,moved,0,0,1066.5617,0.0,2026-07-25 22:23:24.560832
movement,434,220,none,moved,0,0,891.999,0.0,2026-07-25 22:23:24.615488
movement,433,209,none,moved,0,0,0.0,0.0,2026-07-25 22:23:24.712733
idle,434,207,none,idle_start,0,0,0.0,0.0,2026-07-25 22:23:26.516703
idle,434,207,none,idle_end,0,0,0.0,6.3541,2026-07-25 22:23:32.870773
movement,434,207,none,moved,0,0,0.0,0.0,2026-07-25 22:23:32.870929
movement,434,208,none,moved,0,0,48.4784,0.0,2026-07-25 22:23:32.939123
idle,434,208,none,idle_start,0,0,0.0,0.0,2026-07-25 22:23:34.521450
click,434,208,left,pressed,0,0,0.0,0.0,2026-07-25 22:23:36.203883
click,434,208,left,released,0,0,0.0,0.0,2026-07-25 22:23:36.428534
idle,433,208,none,idle_end,0,0,0.0,2.2653,2026-07-25 22:23:36.786797
movement,433,208,none,moved,0,0,0.2604,0.0,2026-07-25 22:23:36.787159
movement,384,184,none,moved,0,0,1412.8567,0.0,2026-07-25 22:23:36.840115
movement,310,172,none,moved,0,0,1476.6076,0.0,2026-07-25 22:23:36.894448
movement,230,187,none,moved,0,0,1450.3073,0.0,2026-07-25 22:23:36.949378
movement,164,230,none,moved,0,0,1370.7753,0.0,2026-07-25 22:23:37.004643
movement,128,263,none,moved,0,0,747.0618,0.0,2026-07-25 22:23:37.058994
movement,103,305,none,moved,0,0,945.7562,0.0,2026-07-25 22:23:37.114348
movement,81,337,none,moved,0,0,419.0048,0.0,2026-07-25 22:23:37.169041
movement,77,344,none,moved,0,0,70.3565,0.0,2026-07-25 22:23:37.224318
movement,76,345,none,moved,0,0,6.4064,0.0,2026-07-25 22:23:37.549982
movement,50,314,none,moved,0,0,824.5683,0.0,2026-07-25 22:23:37.604281
movement,81,223,none,moved,0,0,1800.2744,0.0,2026-07-25 22:23:37.658793
movement,128,182,none,moved,0,0,935.5025,0.0,2026-07-25 22:23:37.713789
movement,141,173,none,moved,0,0,136.1433,0.0,2026-07-25 22:23:37.769123
movement,147,170,none,moved,0,0,400.2322,0.0,2026-07-25 22:23:37.823879
movement,174,162,none,moved,0,0,601.871,0.0,2026-07-25 22:23:37.878456
movement,197,164,none,moved,0,0,208.4716,0.0,2026-07-25 22:23:37.933235
movement,200,166,none,moved,0,0,49.5552,0.0,2026-07-25 22:23:38.002256
movement,200,170,none,moved,0,0,72.1973,0.0,2026-07-25 22:23:38.063770
movement,201,209,none,moved,0,0,1171.6751,0.0,2026-07-25 22:23:38.118397
movement,196,274,none,moved,0,0,1178.2836,0.0,2026-07-25 22:23:38.173315
movement,185,340,none,moved,0,0,776.5172,0.0,2026-07-25 22:23:38.227908
movement,181,394,none,moved,0,0,970.5507,0.0,2026-07-25 22:23:38.283104
movement,195,468,none,moved,0,0,1520.5683,0.0,2026-07-25 22:23:38.337820
movement,218,492,none,moved,0,0,15.6842,0.0,2026-07-25 22:23:39.408790
movement,465,432,none,moved,0,0,5079.8452,0.0,2026-07-25 22:23:39.463275
movement,584,434,none,moved,0,0,1076.0473,0.0,2026-07-25 22:23:39.518388
movement,602,456,none,moved,0,0,1551.774,0.0,2026-07-25 22:23:39.573550
movement,613,460,none,moved,0,0,21.8256,0.0,2026-07-25 22:23:40.256659
movement,801,367,none,moved,0,0,3204.3159,0.0,2026-07-25 22:23:40.310989
movement,875,344,none,moved,0,0,436.0437,0.0,2026-07-25 22:23:40.365822
movement,876,346,none,moved,0,0,73.4863,0.0,2026-07-25 22:23:40.428070
movement,872,332,none,moved,0,0,28.5437,0.0,2026-07-25 22:23:40.938162
movement,861,159,none,moved,0,0,3704.9057,0.0,2026-07-25 22:23:40.992838
movement,851,57,none,moved,0,0,429.3802,0.0,2026-07-25 22:23:41.048085
movement,847,71,none,moved,0,0,28.9272,0.0,2026-07-25 22:23:41.636097
movement,825,427,none,moved,0,0,6722.7699,0.0,2026-07-25 22:23:41.690993
movement,792,597,none,moved,0,0,1078.8988,0.0,2026-07-25 22:23:41.746198
movement,788,606,none,moved,0,0,0.0,0.0,2026-07-25 22:23:41.822534
click,787,603,left,pressed,0,0,0.0,0.0,2026-07-25 22:23:42.353672
click,787,603,left,released,0,0,0.0,0.0,2026-07-25 22:23:42.568004
idle,787,603,none,idle_start,0,0,0.0,0.0,2026-07-25 22:23:43.529648
idle,787,604,none,idle_end,0,0,0.0,2.1759,2026-07-25 22:23:45.705564
movement,787,604,none,moved,0,0,0.2608,0.0,2026-07-25 22:23:45.706188
movement,782,615,none,moved,0,0,1.0116,0.0,2026-07-25 22:23:46.717972
movement,782,615,none,moved,0,0,0.0,0.0,2026-07-25 22:23:46.771062
movement,780,594,none,moved,0,0,1049.9224,0.0,2026-07-25 22:23:46.825299
movement,781,513,none,moved,0,0,1447.8835,0.0,2026-07-25 22:23:46.880224
movement,783,480,none,moved,0,0,147.4272,0.0,2026-07-25 22:23:46.935016
movement,783,478,none,moved,0,0,0.0,0.0,2026-07-25 22:23:47.058180
movement,783,478,none,moved,0,0,0.0,0.0,2026-07-25 22:23:48.035024
movement,783,479,none,moved,0,0,0.0,0.0,2026-07-25 22:23:48.115214
click,783,479,left,pressed,0,0,0.0,0.0,2026-07-25 22:23:48.875867
click,783,479,left,released,0,0,0.0,0.0,2026-07-25 22:23:49.101542
movement,783,481,none,moved,0,0,1.6037,0.0,2026-07-25 22:23:49.362293
movement,747,509,none,moved,0,0,1720.451,0.0,2026-07-25 22:23:49.416799
movement,630,521,none,moved,0,0,2432.227,0.0,2026-07-25 22:23:49.471998
movement,515,502,none,moved,0,0,1363.3328,0.0,2026-07-25 22:23:49.526674
movement,483,490,none,moved,0,0,204.8502,0.0,2026-07-25 22:23:49.581548
click,482,487,left,pressed,0,0,0.0,0.0,2026-07-25 22:23:49.847419
movement,485,487,none,moved,0,0,6.2463,0.0,2026-07-25 22:23:50.068788
movement,589,514,none,moved,0,0,2013.7205,0.0,2026-07-25 22:23:50.121186
movement,667,530,none,moved,0,0,579.6011,0.0,2026-07-25 22:23:50.176365
movement,674,531,none,moved,0,0,0.0,0.0,2026-07-25 22:23:50.244763
click,672,526,left,released,0,0,0.0,0.0,2026-07-25 22:23:50.313262
click,672,526,left,pressed,0,0,0.0,0.0,2026-07-25 22:23:50.906395
click,672,526,left,released,0,0,0.0,0.0,2026-07-25 22:23:51.116641
click,672,526,left,pressed,0,0,0.0,0.0,2026-07-25 22:23:51.184724
click,672,526,left,released,0,0,0.0,0.0,2026-07-25 22:23:51.339993
movement,672,525,none,moved,0,0,0.6781,0.0,2026-07-25 22:23:51.767141
movement,667,522,none,moved,0,0,33.1959,0.0,2026-07-25 22:23:51.844971
movement,659,522,none,moved,0,0,287.7245,0.0,2026-07-25 22:23:51.896736
movement,639,517,none,moved,0,0,462.467,0.0,2026-07-25 22:23:51.951711
movement,626,511,none,moved,0,0,205.4889,0.0,2026-07-25 22:23:52.006292
movement,613,505,none,moved,0,0,319.2114,0.0,2026-07-25 22:23:52.061239
movement,603,497,none,moved,0,0,209.2733,0.0,2026-07-25 22:23:52.115933
click,601,494,left,pressed,0,0,0.0,0.0,2026-07-25 22:23:52.464950
click,601,494,left,released,0,0,0.0,0.0,2026-07-25 22:23:52.677938
click,601,494,left,pressed,0,0,0.0,0.0,2026-07-25 22:23:52.741515
click,601,494,left,released,0,0,0.0,0.0,2026-07-25 22:23:52.864509
click,601,494,left,pressed,0,0,0.0,0.0,2026-07-25 22:23:52.927500
click,601,494,left,released,0,0,0.0,0.0,2026-07-25 22:23:53.082914
click,601,494,left,pressed,0,0,0.0,0.0,2026-07-25 22:23:53.615029
click,601,494,left,released,0,0,0.0,0.0,2026-07-25 22:23:53.845084
idle,601,494,none,idle_start,0,0,0.0,0.0,2026-07-25 22:23:54.039967
idle,598,491,none,idle_end,0,0,0.0,0.1662,2026-07-25 22:23:54.206220
movement,598,491,none,moved,0,0,2.0776,0.0,2026-07-25 22:23:54.206528
movement,536,426,none,moved,0,0,2325.4707,0.0,2026-07-25 22:23:54.258041
movement,469,368,none,moved,0,0,629.9959,0.0,2026-07-25 22:23:54.313195
movement,464,364,none,moved,0,0,140.0856,0.0,2026-07-25 22:23:54.368485
movement,482,363,none,moved,0,0,7.2109,0.0,2026-07-25 22:23:54.908899
movement,447,354,none,moved,0,0,596.453,0.0,2026-07-25 22:23:54.963726
movement,404,378,none,moved,0,0,1061.9928,0.0,2026-07-25 22:23:55.018356
movement,380,390,none,moved,0,0,143.4931,0.0,2026-07-25 22:23:55.073423
click,379,390,left,pressed,0,0,0.0,0.0,2026-07-25 22:23:55.341109
movement,381,391,none,moved,0,0,4.7627,0.0,2026-07-25 22:23:55.556350
movement,479,410,none,moved,0,0,2040.6821,0.0,2026-07-25 22:23:55.611065
movement,642,439,none,moved,0,0,2873.4603,0.0,2026-07-25 22:23:55.666014
movement,740,455,none,moved,0,0,744.6411,0.0,2026-07-25 22:23:55.720371
movement,750,456,none,moved,0,0,0.0,0.0,2026-07-25 22:23:55.816708
movement,749,456,none,moved,0,0,16.2203,0.0,2026-07-25 22:23:55.878364
click,749,454,left,released,0,0,0.0,0.0,2026-07-25 22:23:55.940018
click,749,454,left,pressed,0,0,0.0,0.0,2026-07-25 22:23:56.372811
click,749,454,left,released,0,0,0.0,0.0,2026-07-25 22:23:56.600167
movement,762,455,none,moved,0,0,12.1095,0.0,2026-07-25 22:23:56.982343
movement,928,459,none,moved,0,0,2541.1432,0.0,2026-07-25 22:23:57.034743
movement,995,444,none,moved,0,0,473.4616,0.0,2026-07-25 22:23:57.089337
idle,998,443,none,idle_start,0,0,0.0,0.0,2026-07-25 22:23:59.044807
idle,989,440,none,idle_end,0,0,0.0,3.6277,2026-07-25 22:24:02.672557
movement,989,440,none,moved,0,0,1.7034,0.0,2026-07-25 22:24:02.672873
movement,686,414,none,moved,0,0,7361.6151,0.0,2026-07-25 22:24:02.724712
movement,322,463,none,moved,0,0,4545.4539,0.0,2026-07-25 22:24:02.779717
movement,252,479,none,moved,0,0,144.6112,0.0,2026-07-25 22:24:02.834453
movement,243,478,none,moved,0,0,30.6944,0.0,2026-07-25 22:24:03.136273
movement,99,467,none,moved,0,0,2006.9812,0.0,2026-07-25 22:24:03.190288
movement,78,470,none,moved,0,0,0.0,0.0,2026-07-25 22:24:03.252864
movement,86,474,none,moved,0,0,426.0195,0.0,2026-07-25 22:24:03.307106
movement,112,487,none,moved,0,0,725.2064,0.0,2026-07-25 22:24:03.361425
movement,142,502,none,moved,0,0,277.6306,0.0,2026-07-25 22:24:03.416617
movement,152,505,none,moved,0,0,0.0,0.0,2026-07-25 22:24:03.472170
movement,154,506,none,moved,0,0,0.0,0.0,2026-07-25 22:24:03.526235
movement,171,509,none,moved,0,0,557.6605,0.0,2026-07-25 22:24:03.581383
movement,209,516,none,moved,0,0,454.2076,0.0,2026-07-25 22:24:03.635922
movement,240,520,none,moved,0,0,474.5967,0.0,2026-07-25 22:24:03.690800
movement,255,523,none,moved,0,0,201.5098,0.0,2026-07-25 22:24:03.745800
movement,266,525,none,moved,0,0,148.0465,0.0,2026-07-25 22:24:03.800460
movement,282,530,none,moved,0,0,299.2405,0.0,2026-07-25 22:24:03.855493
movement,285,531,none,moved,0,0,6.9084,0.0,2026-07-25 22:24:04.034249
movement,285,531,none,moved,0,0,0.0,0.0,2026-07-25 22:24:04.117736
movement,284,532,none,moved,0,0,23.2133,0.0,2026-07-25 22:24:04.178663
movement,283,532,none,moved,0,0,0.0,0.0,2026-07-25 22:24:04.233245
movement,280,533,none,moved,0,0,48.0673,0.0,2026-07-25 22:24:04.294848
movement,275,535,none,moved,0,0,327.7335,0.0,2026-07-25 22:24:04.349334
movement,272,538,none,moved,0,0,100.9865,0.0,2026-07-25 22:24:04.411064
movement,270,539,none,moved,0,0,146.9571,0.0,2026-07-25 22:24:04.465523
click,270,539,left,pressed,0,0,0.0,0.0,2026-07-25 22:24:05.082690
movement,268,539,none,moved,0,0,2.4308,0.0,2026-07-25 22:24:05.288293
movement,262,539,none,moved,0,0,149.7752,0.0,2026-07-25 22:24:05.342494
movement,247,540,none,moved,0,0,620.7307,0.0,2026-07-25 22:24:05.397413
movement,209,542,none,moved,0,0,443.5913,0.0,2026-07-25 22:24:05.452477
movement,204,544,none,moved,0,0,0.0,0.0,2026-07-25 22:24:05.507813
movement,204,545,none,moved,0,0,0.0,0.0,2026-07-25 22:24:05.603537
click,205,545,left,released,0,0,0.0,0.0,2026-07-25 22:24:05.659284
movement,208,546,none,moved,0,0,5.5377,0.0,2026-07-25 22:24:06.202819
movement,247,553,none,moved,0,0,584.6738,0.0,2026-07-25 22:24:06.257583
movement,269,550,none,moved,0,0,286.6038,0.0,2026-07-25 22:24:06.312674
movement,271,549,none,moved,0,0,20.3901,0.0,2026-07-25 22:24:06.382020
click,271,549,left,pressed,0,0,0.0,0.0,2026-07-25 22:24:07.373374
movement,273,549,none,moved,0,0,1.6604,0.0,2026-07-25 22:24:07.586542
movement,305,554,none,moved,0,0,338.961,0.0,2026-07-25 22:24:07.640708
movement,327,556,none,moved,0,0,389.0579,0.0,2026-07-25 22:24:07.696909
movement,371,563,none,moved,0,0,736.1786,0.0,2026-07-25 22:24:07.750498
movement,401,567,none,moved,0,0,278.7191,0.0,2026-07-25 22:24:07.805695
movement,402,567,none,moved,0,0,0.0,0.0,2026-07-25 22:24:07.867083
movement,402,568,none,moved,0,0,2.1109,0.0,2026-07-25 22:24:08.340817
movement,398,569,none,moved,0,0,37.6698,0.0,2026-07-25 22:24:08.415850
movement,384,570,none,moved,0,0,603.2583,0.0,2026-07-25 22:24:08.470657
movement,349,570,none,moved,0,0,447.663,0.0,2026-07-25 22:24:08.525439
movement,340,570,none,moved,0,0,20.8068,0.0,2026-07-25 22:24:08.621556
movement,339,569,none,moved,0,0,17.1862,0.0,2026-07-25 22:24:08.703840
movement,339,568,none,moved,0,0,18.0998,0.0,2026-07-25 22:24:08.759089
movement,338,567,none,moved,0,0,14.5314,0.0,2026-07-25 22:24:08.875319
movement,338,566,none,moved,0,0,0.0,0.0,2026-07-25 22:24:08.930224
click,338,566,left,released,0,0,0.0,0.0,2026-07-25 22:24:08.944079
idle,338,566,none,idle_start,0,0,0.0,0.0,2026-07-25 22:24:10.554470
idle,343,549,none,idle_end,0,0,0.0,70411.4165,2026-07-26 17:57:41.989004
movement,343,549,none,moved,0,0,0.0003,0.0,2026-07-26 17:57:42.027868
movement,536,230,none,moved,0,0,5697.2788,0.0,2026-07-26 17:57:42.036435
movement,580,172,none,moved,0,0,866.3435,0.0,2026-07-26 17:57:42.087119
movement,584,162,none,moved,0,0,0.0,0.0,2026-07-26 17:57:42.141567
idle,585,164,none,idle_start,0,0,0.0,0.0,2026-07-26 17:57:43.875277
idle,595,173,none,idle_end,0,0,0.0,1.0579,2026-07-26 17:57:44.932926
movement,595,173,none,moved,0,0,4.8436,0.0,2026-07-26 17:57:44.933307
movement,769,404,none,moved,0,0,7987.3098,0.0,2026-07-26 17:57:44.987644
movement,977,804,none,moved,0,0,6432.227,0.0,2026-07-26 17:57:45.042367
movement,1036,986,none,moved,0,0,2382.4683,0.0,2026-07-26 17:57:45.097461
idle,1024,1026,none,idle_start,0,0,0.0,0.0,2026-07-26 17:57:46.884847
idle,1028,1037,none,idle_end,0,0,0.0,1.263,2026-07-26 17:57:48.147865
movement,1028,1037,none,moved,0,0,3.8727,0.0,2026-07-26 17:57:48.160955
movement,1047,1084,none,moved,0,0,144.9511,0.0,2026-07-26 17:57:48.202660
movement,1042,1082,none,moved,0,0,145.4588,0.0,2026-07-26 17:57:48.257983
movement,1025,1080,none,moved,0,0,537.4886,0.0,2026-07-26 17:57:48.312329
movement,987,1079,none,moved,0,0,733.9115,0.0,2026-07-26 17:57:48.367159
movement,938,1070,none,moved,0,0,1335.7365,0.0,2026-07-26 17:57:48.422114
movement,879,1052,none,moved,0,0,1008.4396,0.0,2026-07-26 17:57:48.477015
movement,845,1043,none,moved,0,0,330.3423,0.0,2026-07-26 17:57:48.531793
movement,837,1045,none,moved,0,0,103.1949,0.0,2026-07-26 17:57:48.586552
movement,838,1047,none,moved,0,0,73.2834,0.0,2026-07-26 17:57:48.641306
movement,840,1049,none,moved,0,0,68.9189,0.0,2026-07-26 17:57:48.696298
movement,841,1051,none,moved,0,0,49.086,0.0,2026-07-26 17:57:48.757828
movement,842,1051,none,moved,0,0,0.0,0.0,2026-07-26 17:57:48.812663
movement,848,1047,none,moved,0,0,162.7605,0.0,2026-07-26 17:57:48.874401
movement,862,1040,none,moved,0,0,212.7638,0.0,2026-07-26 17:57:48.929294
movement,876,1033,none,moved,0,0,329.9936,0.0,2026-07-26 17:57:48.984067
movement,882,1023,none,moved,0,0,25.9912,0.0,2026-07-26 17:57:49.332538
movement,799,955,none,moved,0,0,2016.4835,0.0,2026-07-26 17:57:49.387475
movement,713,917,none,moved,0,0,1753.6997,0.0,2026-07-26 17:57:49.442613
movement,637,899,none,moved,0,0,1181.2861,0.0,2026-07-26 17:57:49.497351
movement,587,894,none,moved,0,0,739.5275,0.0,2026-07-26 17:57:49.552022
movement,554,898,none,moved,0,0,453.4083,0.0,2026-07-26 17:57:49.606874
movement,533,911,none,moved,0,0,406.2768,0.0,2026-07-26 17:57:49.661807
movement,516,925,none,moved,0,0,524.7685,0.0,2026-07-26 17:57:49.716391
movement,505,936,none,moved,0,0,535.187,0.0,2026-07-26 17:57:49.771248
movement,488,953,none,moved,0,0,325.9792,0.0,2026-07-26 17:57:49.826184
movement,472,972,none,moved,0,0,525.3336,0.0,2026-07-26 17:57:49.880971
movement,458,993,none,moved,0,0,466.7964,0.0,2026-07-26 17:57:49.935814
movement,453,1006,none,moved,0,0,0.0,0.0,2026-07-26 17:57:49.990957
movement,452,1008,none,moved,0,0,0.0,0.0,2026-07-26 17:57:50.059214
movement,456,1004,none,moved,0,0,219.5034,0.0,2026-07-26 17:57:50.113971
movement,486,966,none,moved,0,0,2208.5864,0.0,2026-07-26 17:57:50.168799
movement,551,883,none,moved,0,0,1517.5893,0.0,2026-07-26 17:57:50.223665
movement,567,854,none,moved,0,0,146.844,0.0,2026-07-26 17:57:50.278412
idle,568,855,none,idle_start,0,0,0.0,0.0,2026-07-26 17:57:51.894937
idle,568,856,none,idle_end,0,0,0.0,9.6735,2026-07-26 17:58:01.568458
movement,568,856,none,moved,0,0,0.0889,0.0,2026-07-26 17:58:01.569186
movement,568,882,none,moved,0,0,576.834,0.0,2026-07-26 17:58:01.623334
movement,577,901,none,moved,0,0,465.6983,0.0,2026-07-26 17:58:01.677933
movement,585,918,none,moved,0,0,502.2171,0.0,2026-07-26 17:58:01.732846
movement,594,936,none,moved,0,0,328.5716,0.0,2026-07-26 17:58:01.787540
movement,597,941,none,moved,0,0,36.5189,0.0,2026-07-26 17:58:01.863016
movement,597,941,none,moved,0,0,0.0,0.0,2026-07-26 17:58:01.924695
movement,597,939,none,moved,0,0,0.0,0.0,2026-07-26 17:58:01.979596
movement,597,937,none,moved,0,0,0.0,0.0,2026-07-26 17:58:02.034272
movement,597,932,none,moved,0,0,97.5079,0.0,2026-07-26 17:58:02.089092
movement,598,921,none,moved,0,0,147.9577,0.0,2026-07-26 17:58:02.143944
movement,600,905,none,moved,0,0,148.6235,0.0,2026-07-26 17:58:02.199026
movement,603,896,none,moved,0,0,204.5323,0.0,2026-07-26 17:58:02.253756
movement,609,892,none,moved,0,0,82.7478,0.0,2026-07-26 17:58:02.340902
movement,613,890,none,moved,0,0,0.0,0.0,2026-07-26 17:58:02.431729
movement,609,890,none,moved,0,0,0.0,0.0,2026-07-26 17:58:02.486702
movement,596,893,none,moved,0,0,0.0,0.0,2026-07-26 17:58:02.541448
movement,587,897,none,moved,0,0,140.8193,0.0,2026-07-26 17:58:02.596514
movement,584,900,none,moved,0,0,49.0195,0.0,2026-07-26 17:58:02.657998
movement,583,907,none,moved,0,0,325.5606,0.0,2026-07-26 17:58:02.712891
movement,584,920,none,moved,0,0,292.5816,0.0,2026-07-26 17:58:02.767706
movement,584,939,none,moved,0,0,436.846,0.0,2026-07-26 17:58:02.822611
movement,581,958,none,moved,0,0,294.8544,0.0,2026-07-26 17:58:02.877436
movement,575,967,none,moved,0,0,146.4083,0.0,2026-07-26 17:58:02.932348
movement,571,972,none,moved,0,0,72.8899,0.0,2026-07-26 17:58:02.994049
movement,569,975,none,moved,0,0,68.8205,0.0,2026-07-26 17:58:03.048938
movement,569,978,none,moved,0,0,49.1016,0.0,2026-07-26 17:58:03.110555
click,570,979,left,pressed,0,0,0.0,0.0,2026-07-26 17:58:03.427362
click,570,979,left,released,0,0,0.0,0.0,2026-07-26 17:58:03.652331
idle,570,979,none,idle_start,0,0,0.0,0.0,2026-07-26 17:58:04.927959
movement,1016,977,none,moved,0,0,0.0,0.0,2026-07-26 18:03:53.331045
movement,973,863,none,moved,0,0,2407.4407,0.0,2026-07-26 18:03:53.385976
movement,890,804,none,moved,0,0,1619.6988,0.0,2026-07-26 18:03:53.441079
movement,802,800,none,moved,0,0,1760.224,0.0,2026-07-26 18:03:53.495562
movement,734,826,none,moved,0,0,994.7409,0.0,2026-07-26 18:03:53.550276
movement,679,885,none,moved,0,0,1241.2112,0.0,2026-07-26 18:03:53.605320
movement,653,936,none,moved,0,0,922.444,0.0,2026-07-26 18:03:53.660186
click,651,952,left,pressed,0,0,0.0,0.0,2026-07-26 18:03:54.506719
click,651,952,left,released,0,0,0.0,0.0,2026-07-26 18:03:54.723417
idle,651,952,none,idle_start,0,0,0.0,0.0,2026-07-26 18:03:55.254738
idle,656,952,none,idle_end,0,0,0.0,0.2077,2026-07-26 18:03:55.462486
movement,656,952,none,moved,0,0,2.85,0.0,2026-07-26 18:03:55.471028
movement,736,927,none,moved,0,0,1550.0821,0.0,2026-07-26 18:03:55.517317
movement,783,914,none,moved,0,0,919.0316,0.0,2026-07-26 18:03:55.570379
movement,789,913,none,moved,0,0,29.1411,0.0,2026-07-26 18:03:55.626953
movement,791,913,none,moved,0,0,3.4082,0.0,2026-07-26 18:03:56.575460
movement,847,885,none,moved,0,0,1243.8247,0.0,2026-07-26 18:03:56.630949
movement,906,864,none,moved,0,0,1130.5609,0.0,2026-07-26 18:03:56.685222
movement,932,858,none,moved,0,0,142.3487,0.0,2026-07-26 18:03:56.740429
movement,938,862,none,moved,0,0,0.0,0.0,2026-07-26 18:03:56.795132
movement,947,876,none,moved,0,0,522.2856,0.0,2026-07-26 18:03:56.849903
movement,958,902,none,moved,0,0,470.2554,0.0,2026-07-26 18:03:56.904707
movement,959,920,none,moved,0,0,289.422,0.0,2026-07-26 18:03:56.959716
movement,951,929,none,moved,0,0,301.1851,0.0,2026-07-26 18:03:57.014513
movement,933,934,none,moved,0,0,598.2895,0.0,2026-07-26 18:03:57.069408
movement,882,943,none,moved,0,0,999.8722,0.0,2026-07-26 18:03:57.124442
movement,840,951,none,moved,0,0,293.0928,0.0,2026-07-26 18:03:57.179173
movement,814,955,none,moved,0,0,30.3935,0.0,2026-07-26 18:03:57.995546
movement,325,1191,none,moved,0,0,1196.0134,0.0,2026-07-26 18:03:58.303800
movement,563,836,none,moved,0,0,2960.0115,0.0,2026-07-26 18:03:58.367512
movement,592,814,none,moved,0,0,0.0,0.0,2026-07-26 18:03:58.420830
movement,586,823,none,moved,0,0,318.3662,0.0,2026-07-26 18:03:58.475774
click,584,832,left,pressed,0,0,0.0,0.0,2026-07-26 18:03:59.095202
click,584,832,left,released,0,0,0.0,0.0,2026-07-26 18:03:59.304972
movement,584,832,none,moved,0,0,0.0,0.0,2026-07-26 18:03:59.524883
movement,595,828,none,moved,0,0,604.4797,0.0,2026-07-26 18:03:59.579198
movement,653,815,none,moved,0,0,1530.31,0.0,2026-07-26 18:03:59.634321
movement,755,802,none,moved,0,0,2027.7577,0.0,2026-07-26 18:03:59.689069
movement,831,791,none,moved,0,0,734.76,0.0,2026-07-26 18:03:59.743632
movement,846,789,none,moved,0,0,0.0,0.0,2026-07-26 18:03:59.839934
movement,845,791,none,moved,0,0,29.2423,0.0,2026-07-26 18:03:59.921984
movement,844,791,none,moved,0,0,0.0,0.0,2026-07-26 18:04:00.025080
movement,844,793,none,moved,0,0,0.0,0.0,2026-07-26 18:04:00.093709
movement,846,803,none,moved,0,0,525.8268,0.0,2026-07-26 18:04:00.148376
movement,859,836,none,moved,0,0,504.1262,0.0,2026-07-26 18:04:00.203575
movement,868,843,none,moved,0,0,10.1615,0.0,2026-07-26 18:04:01.139054
movement,975,880,none,moved,0,0,2332.3879,0.0,2026-07-26 18:04:01.194459
movement,1068,896,none,moved,0,0,1462.4006,0.0,2026-07-26 18:04:01.249252
movement,1100,900,none,moved,0,0,523.6509,0.0,2026-07-26 18:04:01.303562
movement,1120,910,none,moved,0,0,660.1266,0.0,2026-07-26 18:04:01.358468
movement,1160,939,none,moved,0,0,616.4666,0.0,2026-07-26 18:04:01.413570
movement,1182,955,none,moved,0,0,517.602,0.0,2026-07-26 18:04:01.468306
movement,1224,975,none,moved,0,0,1030.5145,0.0,2026-07-26 18:04:01.523211
movement,1282,987,none,moved,0,0,18.2624,0.0,2026-07-26 18:04:01.951579
movement,1383,1017,none,moved,0,0,1874.7735,0.0,2026-07-26 18:04:02.006444
movement,1432,1052,none,moved,0,0,331.3928,0.0,2026-07-26 18:04:02.061308
movement,1436,1060,none,moved,0,0,100.6383,0.0,2026-07-26 18:04:02.119304
movement,1433,1062,none,moved,0,0,205.1335,0.0,2026-07-26 18:04:02.171135
movement,1429,1062,none,moved,0,0,73.2463,0.0,2026-07-26 18:04:02.232689
movement,1425,1062,none,moved,0,0,0.0,0.0,2026-07-26 18:04:02.301405
movement,1420,1062,none,moved,0,0,48.5261,0.0,2026-07-26 18:04:02.369921
movement,1417,1061,none,moved,0,0,141.92,0.0,2026-07-26 18:04:02.424924
movement,1414,1059,none,moved,0,0,102.9352,0.0,2026-07-26 18:04:02.479688
movement,1412,1058,none,moved,0,0,36.9862,0.0,2026-07-26 18:04:02.534408
movement,1411,1056,none,moved,0,0,0.0,0.0,2026-07-26 18:04:02.616631
movement,1410,1054,none,moved,0,0,12.8958,0.0,2026-07-26 18:04:02.733265
movement,1402,1048,none,moved,0,0,326.1039,0.0,2026-07-26 18:04:02.788321
movement,1375,1031,none,moved,0,0,478.4659,0.0,2026-07-26 18:04:02.842939
movement,1361,1023,none,moved,0,0,146.0158,0.0,2026-07-26 18:04:02.897835
movement,1363,1022,none,moved,0,0,48.5958,0.0,2026-07-26 18:04:02.966358
movement,1365,1024,none,moved,0,0,209.0152,0.0,2026-07-26 18:04:03.021188
movement,1306,1040,none,moved,0,0,1332.324,0.0,2026-07-26 18:04:03.076058
movement,1245,1018,none,moved,0,0,1489.1373,0.0,2026-07-26 18:04:03.131079
movement,1179,962,none,moved,0,0,1766.8127,0.0,2026-07-26 18:04:03.185863
movement,1100,906,none,moved,0,0,1615.4103,0.0,2026-07-26 18:04:03.240988
movement,1025,867,none,moved,0,0,1122.0607,0.0,2026-07-26 18:04:03.295596
movement,990,842,none,moved,0,0,533.5066,0.0,2026-07-26 18:04:03.350388
movement,987,837,none,moved,0,0,146.9984,0.0,2026-07-26 18:04:03.405327
movement,998,845,none,moved,0,0,12.0802,0.0,2026-07-26 18:04:04.355562
movement,1107,974,none,moved,0,0,3862.7273,0.0,2026-07-26 18:04:04.410403
movement,1245,1089,none,moved,0,0,2549.4554,0.0,2026-07-26 18:04:04.465256
movement,1313,1080,none,moved,0,0,508.397,0.0,2026-07-26 18:04:04.520309
movement,1321,1080,none,moved,0,0,24.3863,0.0,2026-07-26 18:04:04.595548
movement,1316,1079,none,moved,0,0,144.05,0.0,2026-07-26 18:04:04.650518
movement,1303,1078,none,moved,0,0,444.9088,0.0,2026-07-26 18:04:04.705421
movement,1270,1070,none,moved,0,0,660.0105,0.0,2026-07-26 18:04:04.760170
movement,1246,1058,none,moved,0,0,322.2384,0.0,2026-07-26 18:04:04.815050
movement,1239,1052,none,moved,0,0,144.886,0.0,2026-07-26 18:04:04.870014
movement,1238,1052,none,moved,0,0,0.0,0.0,2026-07-26 18:04:04.924651
movement,1240,1052,none,moved,0,0,5.0238,0.0,2026-07-26 18:04:05.322763
movement,1303,1051,none,moved,0,0,1101.4815,0.0,2026-07-26 18:04:05.377834
movement,1364,1041,none,moved,0,0,1054.7766,0.0,2026-07-26 18:04:05.432156
movement,1384,1037,none,moved,0,0,0.0,0.0,2026-07-26 18:04:05.487392
movement,1385,1037,none,moved,0,0,0.0,0.0,2026-07-26 18:04:05.542483
movement,1382,1037,none,moved,0,0,48.5309,0.0,2026-07-26 18:04:05.631389
movement,1380,1037,none,moved,0,0,36.5577,0.0,2026-07-26 18:04:05.699811
movement,1380,1037,none,moved,0,0,0.0,0.0,2026-07-26 18:04:06.403343
movement,1389,1045,none,moved,0,0,201.784,0.0,2026-07-26 18:04:06.458377
movement,1393,1048,none,moved,0,0,36.4073,0.0,2026-07-26 18:04:06.533655
click,1393,1048,left,pressed,0,0,0.0,0.0,2026-07-26 18:04:06.870029
click,1393,1048,left,released,0,0,0.0,0.0,2026-07-26 18:04:07.086411
movement,1384,1041,none,moved,0,0,9.9161,0.0,2026-07-26 18:04:07.683486
movement,1188,872,none,moved,0,0,4970.7207,0.0,2026-07-26 18:04:07.738680
movement,854,602,none,moved,0,0,11435.9092,0.0,2026-07-26 18:04:07.793437
movement,653,432,none,moved,0,0,2769.6647,0.0,2026-07-26 18:04:07.848840
scroll,623,401,none,scrolled_down,0,-1,0.0,0.0,2026-07-26 18:04:08.363192
scroll,623,401,none,scrolled_down,0,-1,0.0,0.0,2026-07-26 18:04:08.370464
scroll,623,401,none,scrolled_down,0,-1,0.0,0.0,2026-07-26 18:04:08.377200
scroll,623,401,none,scrolled_down,0,-1,0.0,0.0,2026-07-26 18:04:08.383690
scroll,623,401,none,scrolled_down,0,-1,0.0,0.0,2026-07-26 18:04:08.391213
scroll,623,401,none,scrolled_down,0,-1,0.0,0.0,2026-07-26 18:04:08.397143
scroll,623,401,none,scrolled_down,0,-1,0.0,0.0,2026-07-26 18:04:08.404685
scroll,623,401,none,scrolled_down,0,-1,0.0,0.0,2026-07-26 18:04:08.432896
scroll,623,401,none,scrolled_down,0,-1,0.0,0.0,2026-07-26 18:04:08.441022
scroll,623,401,none,scrolled_down,0,-1,0.0,0.0,2026-07-26 18:04:08.459815
scroll,623,401,none,scrolled_down,0,-1,0.0,0.0,2026-07-26 18:04:08.466601
scroll,623,401,none,scrolled_down,0,-1,0.0,0.0,2026-07-26 18:04:08.469575
scroll,623,401,none,scrolled_down,0,-1,0.0,0.0,2026-07-26 18:04:08.475322
scroll,623,401,none,scrolled_down,0,-1,0.0,0.0,2026-07-26 18:04:08.480489
scroll,623,401,none,scrolled_down,0,-1,0.0,0.0,2026-07-26 18:04:08.483844
scroll,623,401,none,scrolled_down,0,-1,0.0,0.0,2026-07-26 18:04:08.491767
scroll,623,401,none,scrolled_down,0,-1,0.0,0.0,2026-07-26 18:04:08.495705
scroll,623,401,none,scrolled_down,0,-1,0.0,0.0,2026-07-26 18:04:08.500475
scroll,623,401,none,scrolled_down,0,-1,0.0,0.0,2026-07-26 18:04:08.508619
scroll,623,401,none,scrolled_down,0,-1,0.0,0.0,2026-07-26 18:04:08.514252
scroll,623,401,none,scrolled_up,0,1,0.0,0.0,2026-07-26 18:04:08.921714
scroll,623,401,none,scrolled_down,0,0,0.0,0.0,2026-07-26 18:04:08.932046
scroll,623,401,none,scrolled_down,0,0,0.0,0.0,2026-07-26 18:04:08.935298
scroll,623,401,none,scrolled_down,0,0,0.0,0.0,2026-07-26 18:04:08.942264
scroll,623,401,none,scrolled_down,0,0,0.0,0.0,2026-07-26 18:04:08.949130
scroll,623,401,none,scrolled_down,0,0,0.0,0.0,2026-07-26 18:04:08.955920
scroll,623,401,none,scrolled_down,0,0,0.0,0.0,2026-07-26 18:04:08.963290
scroll,623,401,none,scrolled_down,0,0,0.0,0.0,2026-07-26 18:04:08.971698
scroll,623,401,none,scrolled_up,0,1,0.0,0.0,2026-07-26 18:04:08.989271
scroll,623,401,none,scrolled_up,0,2,0.0,0.0,2026-07-26 18:04:09.014526
scroll,623,401,none,scrolled_down,0,0,0.0,0.0,2026-07-26 18:04:09.019553
scroll,623,401,none,scrolled_down,0,0,0.0,0.0,2026-07-26 18:04:09.025755
scroll,623,401,none,scrolled_up,0,1,0.0,0.0,2026-07-26 18:04:09.070651
scroll,623,401,none,scrolled_down,0,0,0.0,0.0,2026-07-26 18:04:09.077061
scroll,623,401,none,scrolled_down,0,0,0.0,0.0,2026-07-26 18:04:09.079601
scroll,623,401,none,scrolled_down,0,0,0.0,0.0,2026-07-26 18:04:09.102447
scroll,623,401,none,scrolled_down,0,0,0.0,0.0,2026-07-26 18:04:09.125586
scroll,623,401,none,scrolled_down,0,0,0.0,0.0,2026-07-26 18:04:09.140753
scroll,623,401,none,scrolled_down,0,0,0.0,0.0,2026-07-26 18:04:09.157267
scroll,623,401,none,scrolled_down,0,0,0.0,0.0,2026-07-26 18:04:09.187498
scroll,623,401,none,scrolled_down,0,0,0.0,0.0,2026-07-26 18:04:09.190337
scroll,623,401,none,scrolled_down,0,0,0.0,0.0,2026-07-26 18:04:09.202315
scroll,623,401,none,scrolled_down,0,0,0.0,0.0,2026-07-26 18:04:09.218241
scroll,623,401,none,scrolled_down,0,0,0.0,0.0,2026-07-26 18:04:09.737537
scroll,623,401,none,scrolled_down,0,0,0.0,0.0,2026-07-26 18:04:09.745021
scroll,623,401,none,scrolled_down,0,0,0.0,0.0,2026-07-26 18:04:09.751763
scroll,623,401,none,scrolled_down,0,0,0.0,0.0,2026-07-26 18:04:09.760942
scroll,623,401,none,scrolled_down,0,0,0.0,0.0,2026-07-26 18:04:09.790390
scroll,623,401,none,scrolled_up,0,2,0.0,0.0,2026-07-26 18:04:09.794066
scroll,623,401,none,scrolled_down,0,0,0.0,0.0,2026-07-26 18:04:09.799245
scroll,623,401,none,scrolled_down,0,0,0.0,0.0,2026-07-26 18:04:09.806398
scroll,623,401,none,scrolled_down,0,0,0.0,0.0,2026-07-26 18:04:09.813158
scroll,623,401,none,scrolled_down,0,0,0.0,0.0,2026-07-26 18:04:09.819984
scroll,623,401,none,scrolled_down,0,0,0.0,0.0,2026-07-26 18:04:09.826706
scroll,623,401,none,scrolled_down,0,0,0.0,0.0,2026-07-26 18:04:09.833305
scroll,623,401,none,scrolled_down,0,0,0.0,0.0,2026-07-26 18:04:09.840615
idle,623,401,none,idle_start,0,0,0.0,0.0,2026-07-26 18:04:09.846783
scroll,623,401,none,scrolled_down,0,0,0.0,0.0,2026-07-26 18:04:09.847279
scroll,623,401,none,scrolled_down,0,0,0.0,0.0,2026-07-26 18:04:09.858785
scroll,623,401,none,scrolled_down,0,0,0.0,0.0,2026-07-26 18:04:09.860643
scroll,623,401,none,scrolled_down,0,0,0.0,0.0,2026-07-26 18:04:09.870099
scroll,623,401,none,scrolled_down,0,0,0.0,0.0,2026-07-26 18:04:09.881075
scroll,623,401,none,scrolled_down,0,0,0.0,0.0,2026-07-26 18:04:09.887711
scroll,623,401,none,scrolled_down,0,0,0.0,0.0,2026-07-26 18:04:09.898642
scroll,623,401,none,scrolled_down,0,0,0.0,0.0,2026-07-26 18:04:09.917509
scroll,623,401,none,scrolled_down,0,-1,0.0,0.0,2026-07-26 18:04:09.962133
scroll,623,401,none,scrolled_down,0,-2,0.0,0.0,2026-07-26 18:04:10.362281
scroll,623,401,none,scrolled_down,0,-1,0.0,0.0,2026-07-26 18:04:10.369086
scroll,623,401,none,scrolled_down,0,-4,0.0,0.0,2026-07-26 18:04:10.425624
scroll,623,401,none,scrolled_down,0,-2,0.0,0.0,2026-07-26 18:04:10.431555
scroll,623,401,none,scrolled_down,0,-2,0.0,0.0,2026-07-26 18:04:10.449120
scroll,623,401,none,scrolled_down,0,-2,0.0,0.0,2026-07-26 18:04:10.483927
scroll,623,401,none,scrolled_down,0,-1,0.0,0.0,2026-07-26 18:04:10.490032
scroll,623,401,none,scrolled_down,0,-1,0.0,0.0,2026-07-26 18:04:10.521604
scroll,623,401,none,scrolled_down,0,-1,0.0,0.0,2026-07-26 18:04:10.541139
scroll,623,401,none,scrolled_down,0,-1,0.0,0.0,2026-07-26 18:04:10.557068
scroll,623,401,none,scrolled_down,0,-1,0.0,0.0,2026-07-26 18:04:10.573337
scroll,623,401,none,scrolled_down,0,-1,0.0,0.0,2026-07-26 18:04:10.590306
scroll,623,401,none,scrolled_down,0,-1,0.0,0.0,2026-07-26 18:04:10.606361
scroll,623,401,none,scrolled_down,0,-1,0.0,0.0,2026-07-26 18:04:10.624312
scroll,623,401,none,scrolled_down,0,-1,0.0,0.0,2026-07-26 18:04:10.641113
scroll,623,401,none,scrolled_down,0,-1,0.0,0.0,2026-07-26 18:04:10.650118
scroll,623,401,none,scrolled_down,0,-1,0.0,0.0,2026-07-26 18:04:10.673798
scroll,623,401,none,scrolled_down,0,-1,0.0,0.0,2026-07-26 18:04:10.682141
idle,632,402,none,idle_end,0,0,0.0,6.8987,2026-07-26 18:04:16.745507
movement,632,402,none,moved,0,0,1.0226,0.0,2026-07-26 18:04:16.756362
movement,958,465,none,moved,0,0,7612.6779,0.0,2026-07-26 18:04:16.800920
movement,1327,511,none,moved,0,0,6279.6038,0.0,2026-07-26 18:04:16.860137
movement,1532,518,none,moved,0,0,2474.6874,0.0,2026-07-26 18:04:16.910709
movement,1588,518,none,moved,0,0,461.4196,0.0,2026-07-26 18:04:16.965203
movement,1592,518,none,moved,0,0,0.0,0.0,2026-07-26 18:04:17.020308
movement,1589,518,none,moved,0,0,0.0,0.0,2026-07-26 18:04:17.075216
click,1588,517,left,pressed,0,0,0.0,0.0,2026-07-26 18:04:17.418421
click,1588,517,left,released,0,0,0.0,0.0,2026-07-26 18:04:17.634488
movement,1588,517,none,moved,0,0,0.0,0.0,2026-07-26 18:04:18.081622
movement,1586,520,none,moved,0,0,23.9471,0.0,2026-07-26 18:04:18.164419
idle,1586,520,none,idle_start,0,0,0.0,0.0,2026-07-26 18:04:20.005708
idle,1588,520,none,idle_end,0,0,0.0,0.0822,2026-07-26 18:04:20.087954
movement,1588,520,none,moved,0,0,1.0397,0.0,2026-07-26 18:04:20.094736
click,1588,520,left,pressed,0,0,0.0,0.0,2026-07-26 18:04:20.096492
click,1339,695,left,released,0,0,0.0,0.0,2026-07-26 18:04:20.153291
idle,1339,695,none,idle_start,0,0,0.0,0.0,2026-07-26 18:04:22.011872
idle,1081,814,none,idle_end,0,0,0.0,1.6097,2026-07-26 18:04:23.621576
movement,1081,814,none,moved,0,0,80.5978,0.0,2026-07-26 18:04:23.638040
movement,1659,927,none,moved,0,0,1585.1592,0.0,2026-07-26 18:04:23.676947
movement,1683,934,none,moved,0,0,59.5283,0.0,2026-07-26 18:04:23.737702
movement,1586,962,none,moved,0,0,4206.6808,0.0,2026-07-26 18:04:23.793317
movement,1358,985,none,moved,0,0,15.0221,0.0,2026-07-26 18:04:24.026802
movement,1412,931,none,moved,0,0,2335.8348,0.0,2026-07-26 18:04:24.081912
movement,1494,891,none,moved,0,0,1064.7594,0.0,2026-07-26 18:04:24.137017
movement,1538,870,none,moved,0,0,1102.7711,0.0,2026-07-26 18:04:24.192182
movement,1577,848,none,moved,0,0,445.4164,0.0,2026-07-26 18:04:24.247959
movement,1600,831,none,moved,0,0,312.8787,0.0,2026-07-26 18:04:24.304634
movement,1603,824,none,moved,0,0,132.3333,0.0,2026-07-26 18:04:24.356916
movement,1602,824,none,moved,0,0,0.0,0.0,2026-07-26 18:04:24.425662
movement,1599,827,none,moved,0,0,78.4466,0.0,2026-07-26 18:04:24.486739
movement,1594,835,none,moved,0,0,199.1219,0.0,2026-07-26 18:04:24.541570
movement,1582,852,none,moved,0,0,460.3703,0.0,2026-07-26 18:04:24.596291
movement,1567,876,none,moved,0,0,496.3333,0.0,2026-07-26 18:04:24.651666
movement,1565,883,none,moved,0,0,71.5044,0.0,2026-07-26 18:04:24.713351
movement,1564,884,none,moved,0,0,0.0,0.0,2026-07-26 18:04:24.768116
movement,1563,886,none,moved,0,0,10.4628,0.0,2026-07-26 18:04:24.884286
movement,1562,887,none,moved,0,0,36.4786,0.0,2026-07-26 18:04:24.946192
movement,1562,888,none,moved,0,0,16.197,0.0,2026-07-26 18:04:25.007932
movement,1565,887,none,moved,0,0,146.1481,0.0,2026-07-26 18:04:25.062773
movement,1569,884,none,moved,0,0,48.5992,0.0,2026-07-26 18:04:25.131570
movement,1567,885,none,moved,0,0,162.4504,0.0,2026-07-26 18:04:25.193078
movement,1490,945,none,moved,0,0,2837.276,0.0,2026-07-26 18:04:25.248377
movement,1316,1039,none,moved,0,0,2954.6404,0.0,2026-07-26 18:04:25.302948
movement,1257,1058,none,moved,0,0,53.0142,0.0,2026-07-26 18:04:25.428761
movement,1172,964,none,moved,0,0,1093.2275,0.0,2026-07-26 18:04:25.481689
movement,1135,941,none,moved,0,0,617.2303,0.0,2026-07-26 18:04:25.536190
movement,1109,941,none,moved,0,0,455.3228,0.0,2026-07-26 18:04:25.591275
movement,1075,955,none,moved,0,0,477.1234,0.0,2026-07-26 18:04:25.645987
movement,1067,957,none,moved,0,0,73.2003,0.0,2026-07-26 18:04:25.700886
movement,1065,951,none,moved,0,0,296.2811,0.0,2026-07-26 18:04:25.755726
movement,1062,939,none,moved,0,0,291.8995,0.0,2026-07-26 18:04:25.810486
movement,1062,933,none,moved,0,0,145.5597,0.0,2026-07-26 18:04:25.865403
movement,1065,931,none,moved,0,0,71.8092,0.0,2026-07-26 18:04:25.920286
movement,1073,918,none,moved,0,0,147.019,0.0,2026-07-26 18:04:25.974973
movement,1091,892,none,moved,0,0,839.8621,0.0,2026-07-26 18:04:26.029993
click,1091,892,left,pressed,0,0,0.0,0.0,2026-07-26 18:04:26.276015
click,1091,892,left,released,0,0,0.0,0.0,2026-07-26 18:04:26.495106
idle,1091,892,none,idle_start,0,0,0.0,0.0,2026-07-26 18:04:27.536393
idle,1085,880,none,idle_end,0,0,0.0,8.2093,2026-07-26 18:04:35.745718
movement,1085,880,none,moved,0,0,1.3809,0.0,2026-07-26 18:04:35.747007
movement,954,698,none,moved,0,0,5649.2518,0.0,2026-07-26 18:04:35.800418
movement,802,525,none,moved,0,0,3307.53,0.0,2026-07-26 18:04:35.855147
movement,706,422,none,moved,0,0,1447.7003,0.0,2026-07-26 18:04:35.910164
movement,686,393,none,moved,0,0,0.0,0.0,2026-07-26 18:04:35.965025
movement,685,392,none,moved,0,0,0.0,0.0,2026-07-26 18:04:36.026867
movement,688,394,none,moved,0,0,24.2719,0.0,2026-07-26 18:04:36.116024
movement,689,386,none,moved,0,0,286.3886,0.0,2026-07-26 18:04:36.171158
movement,691,336,none,moved,0,0,1223.4284,0.0,2026-07-26 18:04:36.226023
movement,690,300,none,moved,0,0,338.9011,0.0,2026-07-26 18:04:36.281011
click,690,301,left,pressed,0,0,0.0,0.0,2026-07-26 18:04:36.539169
click,690,301,left,released,0,0,0.0,0.0,2026-07-26 18:04:36.763264
idle,690,301,none,idle_start,0,0,0.0,0.0,2026-07-26 18:04:38.055964
idle,687,310,none,idle_end,0,0,0.0,0.5608,2026-07-26 18:04:38.616832
movement,687,310,none,moved,0,0,4.1349,0.0,2026-07-26 18:04:38.617261
movement,647,431,none,moved,0,0,2154.1265,0.0,2026-07-26 18:04:38.671015
movement,645,498,none,moved,0,0,532.6798,0.0,2026-07-26 18:04:38.726633
movement,677,499,none,moved,0,0,1299.341,0.0,2026-07-26 18:04:38.781718
movement,721,494,none,moved,0,0,37.1029,0.0,2026-07-26 18:04:38.945866
movement,617,550,none,moved,0,0,788.5216,0.0,2026-07-26 18:04:39.000429
movement,596,600,none,moved,0,0,762.8349,0.0,2026-07-26 18:04:39.054973
movement,602,671,none,moved,0,0,840.4965,0.0,2026-07-26 18:04:39.139755
movement,616,701,none,moved,0,0,658.8745,0.0,2026-07-26 18:04:39.193020
movement,626,722,none,moved,0,0,289.802,0.0,2026-07-26 18:04:39.247134
movement,627,727,none,moved,0,0,36.5928,0.0,2026-07-26 18:04:39.315629
movement,527,737,none,moved,0,0,329.8031,0.0,2026-07-26 18:04:39.620368
movement,443,796,none,moved,0,0,330.8478,0.0,2026-07-26 18:04:39.930634
movement,430,800,none,moved,0,0,44.0963,0.0,2026-07-26 18:04:40.239079
movement,385,835,none,moved,0,0,181.9421,0.0,2026-07-26 18:04:40.552407
movement,396,835,none,moved,0,0,93.143,0.0,2026-07-26 18:04:40.670522
movement,403,839,none,moved,0,0,208.3837,0.0,2026-07-26 18:04:40.721044
movement,407,843,none,moved,0,0,204.1733,0.0,2026-07-26 18:04:40.776439
movement,410,845,none,moved,0,0,37.6296,0.0,2026-07-26 18:04:40.844831
movement,412,843,none,moved,0,0,101.2174,0.0,2026-07-26 18:04:40.907248
movement,415,830,none,moved,0,0,144.911,0.0,2026-07-26 18:04:40.961984
movement,417,812,none,moved,0,0,300.813,0.0,2026-07-26 18:04:41.016724
movement,419,803,none,moved,0,0,149.2688,0.0,2026-07-26 18:04:41.071078
movement,421,798,none,moved,0,0,0.0,0.0,2026-07-26 18:04:41.132878
movement,422,795,none,moved,0,0,179.0754,0.0,2026-07-26 18:04:41.187963
movement,423,793,none,moved,0,0,0.0,0.0,2026-07-26 18:04:41.255950
movement,424,793,none,moved,0,0,11.1436,0.0,2026-07-26 18:04:41.345693
movement,424,793,none,moved,0,0,0.0,0.0,2026-07-26 18:04:41.407779
movement,427,786,none,moved,0,0,7.615,0.0,2026-07-26 18:04:42.563335
movement,461,643,none,moved,0,0,28907.6431,0.0,2026-07-26 18:04:42.613944
movement,534,360,none,moved,0,0,5313.5483,0.0,2026-07-26 18:04:42.666345
movement,606,157,none,moved,0,0,618.3739,0.0,2026-07-26 18:04:42.737840
movement,629,94,none,moved,0,0,0.0,0.0,2026-07-26 18:04:42.789892
movement,628,94,none,moved,0,0,52.1323,0.0,2026-07-26 18:04:42.844544
movement,627,93,none,moved,0,0,15.6069,0.0,2026-07-26 18:04:42.940615
movement,627,93,none,moved,0,0,0.0,0.0,2026-07-26 18:04:43.019900
movement,628,96,none,moved,0,0,146.1583,0.0,2026-07-26 18:04:43.071064
movement,639,116,none,moved,0,0,581.6369,0.0,2026-07-26 18:04:43.140177
movement,665,147,none,moved,0,0,149.7339,0.0,2026-07-26 18:04:43.220128
movement,770,251,none,moved,0,0,590.6072,0.0,2026-07-26 18:04:43.297447
movement,1034,451,none,moved,0,0,4978.546,0.0,2026-07-26 18:04:43.352307
movement,1273,628,none,moved,0,0,3459.9676,0.0,2026-07-26 18:04:43.407919
movement,1360,712,none,moved,0,0,1668.8283,0.0,2026-07-26 18:04:43.461960
movement,1380,784,none,moved,0,0,1601.98,0.0,2026-07-26 18:04:43.516956
movement,1354,816,none,moved,0,0,71.2644,0.0,2026-07-26 18:04:43.769670
movement,1135,927,none,moved,0,0,3636.6864,0.0,2026-07-26 18:04:43.824636
movement,1028,975,none,moved,0,0,1623.0247,0.0,2026-07-26 18:04:43.879481
movement,1003,980,none,moved,0,0,0.0,0.0,2026-07-26 18:04:43.948082
movement,1005,976,none,moved,0,0,6.3219,0.0,2026-07-26 18:04:44.147256
movement,1057,903,none,moved,0,0,939.7666,0.0,2026-07-26 18:04:44.201829
movement,1076,886,none,moved,0,0,151.8025,0.0,2026-07-26 18:04:44.256549
movement,1079,885,none,moved,0,0,72.7559,0.0,2026-07-26 18:04:44.318277
movement,1079,883,none,moved,0,0,48.1805,0.0,2026-07-26 18:04:44.373410
movement,1080,878,none,moved,0,0,49.6397,0.0,2026-07-26 18:04:44.434968
movement,1079,876,none,moved,0,0,18.3848,0.0,2026-07-26 18:04:44.537752
movement,1078,878,none,moved,0,0,48.5452,0.0,2026-07-26 18:04:44.599737
movement,1076,880,none,moved,0,0,0.0,0.0,2026-07-26 18:04:44.654696
movement,1077,880,none,moved,0,0,1.1776,0.0,2026-07-26 18:04:45.503902
movement,1100,881,none,moved,0,0,481.296,0.0,2026-07-26 18:04:45.559058
movement,1126,883,none,moved,0,0,289.3222,0.0,2026-07-26 18:04:45.613632
movement,1140,884,none,moved,0,0,144.5016,0.0,2026-07-26 18:04:45.668637
movement,1145,885,none,moved,0,0,48.5076,0.0,2026-07-26 18:04:45.723701
movement,1145,885,none,moved,0,0,0.0,0.0,2026-07-26 18:04:45.882056
movement,1145,885,none,moved,0,0,0.0,0.0,2026-07-26 18:04:46.971285
movement,1143,885,none,moved,0,0,13.1645,0.0,2026-07-26 18:04:47.087435
movement,1143,884,none,moved,0,0,0.0,0.0,2026-07-26 18:04:47.148319
movement,1141,882,none,moved,0,0,36.0373,0.0,2026-07-26 18:04:47.224630
movement,1138,879,none,moved,0,0,43.4905,0.0,2026-07-26 18:04:47.322185
movement,1138,879,none,moved,0,0,0.0,0.0,2026-07-26 18:04:47.479584
idle,1138,879,none,idle_start,0,0,0.0,0.0,2026-07-26 18:04:49.260301
idle,1150,878,none,idle_end,0,0,0.0,2.741,2026-07-26 18:04:52.001344
movement,1150,878,none,moved,0,0,2.663,0.0,2026-07-26 18:04:52.002456
movement,1331,861,none,moved,0,0,2104.6961,0.0,2026-07-26 18:04:52.056127
movement,1388,887,none,moved,0,0,1168.4933,0.0,2026-07-26 18:04:52.110988
movement,1397,936,none,moved,0,0,1354.4983,0.0,2026-07-26 18:04:52.165649
movement,1333,1003,none,moved,0,0,2086.476,0.0,2026-07-26 18:04:52.220700
movement,1220,1047,none,moved,0,0,1554.9739,0.0,2026-07-26 18:04:52.275504
movement,1182,1026,none,moved,0,0,1046.5228,0.0,2026-07-26 18:04:52.330388
movement,1172,978,none,moved,0,0,750.9138,0.0,2026-07-26 18:04:52.385112
movement,1184,942,none,moved,0,0,324.4456,0.0,2026-07-26 18:04:52.440066
movement,1192,934,none,moved,0,0,149.2422,0.0,2026-07-26 18:04:52.494862
movement,1227,933,none,moved,0,0,1835.5178,0.0,2026-07-26 18:04:52.549571
movement,1310,920,none,moved,0,0,1881.564,0.0,2026-07-26 18:04:52.604676
movement,1357,912,none,moved,0,0,148.2977,0.0,2026-07-26 18:04:52.659505
movement,1357,911,none,moved,0,0,73.286,0.0,2026-07-26 18:04:52.714199
movement,1347,899,none,moved,0,0,524.2591,0.0,2026-07-26 18:04:52.769137
movement,1339,827,none,moved,0,0,1725.341,0.0,2026-07-26 18:04:52.824178
movement,1370,705,none,moved,0,0,2310.6136,0.0,2026-07-26 18:04:52.878922
movement,1425,591,none,moved,0,0,2011.5695,0.0,2026-07-26 18:04:52.933994
movement,1456,516,none,moved,0,0,1086.3453,0.0,2026-07-26 18:04:52.988927
movement,1469,488,none,moved,0,0,143.4195,0.0,2026-07-26 18:04:53.043566
movement,1469,483,none,moved,0,0,29.2361,0.0,2026-07-26 18:04:53.098391
movement,1469,483,none,moved,0,0,48.3755,0.0,2026-07-26 18:04:53.153669
movement,1469,485,none,moved,0,0,29.5257,0.0,2026-07-26 18:04:53.214857
movement,1474,497,none,moved,0,0,511.3884,0.0,2026-07-26 18:04:53.270066
movement,1515,546,none,moved,0,0,1097.1653,0.0,2026-07-26 18:04:53.325740
movement,1543,579,none,moved,0,0,335.2547,0.0,2026-07-26 18:04:53.379946
movement,1547,583,none,moved,0,0,0.0,0.0,2026-07-26 18:04:53.470183
movement,1547,580,none,moved,0,0,0.0,0.0,2026-07-26 18:04:53.524600
movement,1546,575,none,moved,0,0,72.1638,0.0,2026-07-26 18:04:53.579837
movement,1545,571,none,moved,0,0,135.3918,0.0,2026-07-26 18:04:53.634624
movement,1545,562,none,moved,0,0,319.3957,0.0,2026-07-26 18:04:53.688518
movement,1544,552,none,moved,0,0,151.4025,0.0,2026-07-26 18:04:53.743518
movement,1543,548,none,moved,0,0,0.0,0.0,2026-07-26 18:04:53.818648
movement,1543,546,none,moved,0,0,14.6037,0.0,2026-07-26 18:04:53.921491
movement,1543,545,none,moved,0,0,48.4336,0.0,2026-07-26 18:04:53.976421
movement,1544,544,none,moved,0,0,28.9312,0.0,2026-07-26 18:04:54.031606
idle,1544,544,none,idle_start,0,0,0.0,0.0,2026-07-26 18:04:55.766155
idle,1533,533,none,idle_end,0,0,0.0,0.4742,2026-07-26 18:04:56.240359
movement,1533,533,none,moved,0,0,7.0431,0.0,2026-07-26 18:04:56.240769
movement,1171,281,none,moved,0,0,8390.1025,0.0,2026-07-26 18:04:56.295597
movement,804,-22,none,moved,0,0,1981.5982,0.0,2026-07-26 18:04:56.413181
scroll,803,0,none,scrolled_up,0,6,0.0,0.0,2026-07-26 18:04:56.751666
scroll,803,0,none,scrolled_down,0,0,0.0,0.0,2026-07-26 18:04:56.755578
scroll,803,0,none,scrolled_down,0,0,0.0,0.0,2026-07-26 18:04:56.762188
scroll,803,0,none,scrolled_down,0,0,0.0,0.0,2026-07-26 18:04:56.768906
scroll,803,0,none,scrolled_down,0,0,0.0,0.0,2026-07-26 18:04:56.775921
scroll,803,0,none,scrolled_up,0,2,0.0,0.0,2026-07-26 18:04:56.823783
scroll,803,0,none,scrolled_down,0,-2,0.0,0.0,2026-07-26 18:04:56.825303
scroll,803,0,none,scrolled_down,0,0,0.0,0.0,2026-07-26 18:04:56.833910
scroll,803,0,none,scrolled_down,0,0,0.0,0.0,2026-07-26 18:04:56.853720
scroll,803,0,none,scrolled_down,0,0,0.0,0.0,2026-07-26 18:04:56.874417
scroll,803,0,none,scrolled_down,0,0,0.0,0.0,2026-07-26 18:04:56.890211
scroll,803,0,none,scrolled_down,0,0,0.0,0.0,2026-07-26 18:04:56.905634
scroll,803,0,none,scrolled_down,0,0,0.0,0.0,2026-07-26 18:04:56.921736
scroll,803,0,none,scrolled_down,0,0,0.0,0.0,2026-07-26 18:04:56.935493
scroll,803,0,none,scrolled_down,0,0,0.0,0.0,2026-07-26 18:04:56.952073
scroll,803,0,none,scrolled_down,0,0,0.0,0.0,2026-07-26 18:04:56.967037
scroll,803,0,none,scrolled_down,0,0,0.0,0.0,2026-07-26 18:04:56.982834
scroll,803,0,none,scrolled_down,0,0,0.0,0.0,2026-07-26 18:04:56.998428
scroll,803,0,none,scrolled_down,0,0,0.0,0.0,2026-07-26 18:04:57.013309
scroll,803,0,none,scrolled_down,0,0,0.0,0.0,2026-07-26 18:04:57.029041
scroll,803,0,none,scrolled_down,0,0,0.0,0.0,2026-07-26 18:04:57.044705
scroll,803,0,none,scrolled_down,0,0,0.0,0.0,2026-07-26 18:04:57.059296
scroll,803,0,none,scrolled_down,0,0,0.0,0.0,2026-07-26 18:04:57.075686
scroll,803,0,none,scrolled_down,0,0,0.0,0.0,2026-07-26 18:04:57.090065
movement,799,6,none,moved,0,0,10.1661,0.0,2026-07-26 18:04:57.211738
movement,748,112,none,moved,0,0,2295.4058,0.0,2026-07-26 18:04:57.266691
movement,708,206,none,moved,0,0,1156.1666,0.0,2026-07-26 18:04:57.321375
movement,695,235,none,moved,0,0,203.6895,0.0,2026-07-26 18:04:57.376152
movement,692,234,none,moved,0,0,208.1862,0.0,2026-07-26 18:04:57.431035
movement,692,230,none,moved,0,0,72.1204,0.0,2026-07-26 18:04:57.485964
scroll,693,230,none,scrolled_down,0,0,0.0,0.0,2026-07-26 18:04:57.757868
scroll,693,230,none,scrolled_down,0,0,0.0,0.0,2026-07-26 18:04:57.764635
scroll,693,230,none,scrolled_down,0,0,0.0,0.0,2026-07-26 18:04:57.771627
scroll,693,230,none,scrolled_down,0,0,0.0,0.0,2026-07-26 18:04:57.779877
scroll,693,230,none,scrolled_down,0,0,0.0,0.0,2026-07-26 18:04:57.786219
scroll,693,230,none,scrolled_down,0,0,0.0,0.0,2026-07-26 18:04:57.792150
scroll,693,230,none,scrolled_down,0,0,0.0,0.0,2026-07-26 18:04:57.798790
scroll,693,230,none,scrolled_down,0,0,0.0,0.0,2026-07-26 18:04:57.805808
scroll,693,230,none,scrolled_down,0,0,0.0,0.0,2026-07-26 18:04:57.812534
scroll,693,230,none,scrolled_down,0,0,0.0,0.0,2026-07-26 18:04:57.819717
scroll,693,230,none,scrolled_down,0,0,0.0,0.0,2026-07-26 18:04:57.840874
scroll,693,230,none,scrolled_down,0,0,0.0,0.0,2026-07-26 18:04:57.843654
scroll,693,230,none,scrolled_down,0,0,0.0,0.0,2026-07-26 18:04:57.846793
scroll,693,230,none,scrolled_down,0,0,0.0,0.0,2026-07-26 18:04:57.848431
scroll,693,230,none,scrolled_down,0,0,0.0,0.0,2026-07-26 18:04:57.869300
scroll,693,230,none,scrolled_down,0,0,0.0,0.0,2026-07-26 18:04:57.874586
scroll,693,230,none,scrolled_down,0,0,0.0,0.0,2026-07-26 18:04:57.875838
scroll,693,230,none,scrolled_down,0,0,0.0,0.0,2026-07-26 18:04:57.877492
scroll,693,230,none,scrolled_down,0,0,0.0,0.0,2026-07-26 18:04:57.880823
scroll,693,230,none,scrolled_down,0,0,0.0,0.0,2026-07-26 18:04:57.897707
scroll,693,230,none,scrolled_down,0,0,0.0,0.0,2026-07-26 18:04:57.903709
scroll,693,230,none,scrolled_down,0,0,0.0,0.0,2026-07-26 18:04:57.908494
scroll,693,230,none,scrolled_down,0,0,0.0,0.0,2026-07-26 18:04:57.915791
scroll,693,230,none,scrolled_down,0,0,0.0,0.0,2026-07-26 18:04:57.928510
scroll,693,230,none,scrolled_down,0,0,0.0,0.0,2026-07-26 18:04:57.933652
scroll,693,230,none,scrolled_down,0,0,0.0,0.0,2026-07-26 18:04:57.937389
scroll,693,230,none,scrolled_down,0,0,0.0,0.0,2026-07-26 18:04:57.942974
scroll,693,230,none,scrolled_down,0,0,0.0,0.0,2026-07-26 18:04:57.960946
scroll,693,230,none,scrolled_down,0,0,0.0,0.0,2026-07-26 18:04:57.964250
scroll,693,230,none,scrolled_down,0,0,0.0,0.0,2026-07-26 18:04:57.967019
scroll,693,230,none,scrolled_down,0,0,0.0,0.0,2026-07-26 18:04:57.970385
scroll,693,230,none,scrolled_down,0,0,0.0,0.0,2026-07-26 18:04:57.977227
scroll,693,230,none,scrolled_down,0,0,0.0,0.0,2026-07-26 18:04:57.992913
scroll,693,230,none,scrolled_down,0,0,0.0,0.0,2026-07-26 18:04:57.996420
scroll,693,230,none,scrolled_down,0,0,0.0,0.0,2026-07-26 18:04:57.998932
scroll,693,230,none,scrolled_down,0,0,0.0,0.0,2026-07-26 18:04:58.005219
scroll,693,230,none,scrolled_down,0,0,0.0,0.0,2026-07-26 18:04:58.023386
scroll,693,230,none,scrolled_down,0,0,0.0,0.0,2026-07-26 18:04:58.025519
scroll,693,230,none,scrolled_down,0,0,0.0,0.0,2026-07-26 18:04:58.028561
scroll,693,230,none,scrolled_down,0,0,0.0,0.0,2026-07-26 18:04:58.031672
scroll,693,230,none,scrolled_down,0,0,0.0,0.0,2026-07-26 18:04:58.479807
scroll,693,230,none,scrolled_down,0,0,0.0,0.0,2026-07-26 18:04:58.486483
scroll,693,230,none,scrolled_down,0,0,0.0,0.0,2026-07-26 18:04:58.493117
scroll,693,230,none,scrolled_down,0,0,0.0,0.0,2026-07-26 18:04:58.500264
scroll,693,230,none,scrolled_down,0,0,0.0,0.0,2026-07-26 18:04:58.507079
scroll,693,230,none,scrolled_down,0,0,0.0,0.0,2026-07-26 18:04:58.513785
scroll,693,230,none,scrolled_down,0,0,0.0,0.0,2026-07-26 18:04:58.520819
scroll,693,230,none,scrolled_down,0,0,0.0,0.0,2026-07-26 18:04:58.527668
scroll,693,230,none,scrolled_down,0,0,0.0,0.0,2026-07-26 18:04:58.543482
scroll,693,230,none,scrolled_down,0,0,0.0,0.0,2026-07-26 18:04:58.546652
scroll,693,230,none,scrolled_down,0,0,0.0,0.0,2026-07-26 18:04:58.548690
scroll,693,230,none,scrolled_down,0,0,0.0,0.0,2026-07-26 18:04:58.554848
scroll,693,230,none,scrolled_down,0,0,0.0,0.0,2026-07-26 18:04:58.561263
scroll,693,230,none,scrolled_down,0,0,0.0,0.0,2026-07-26 18:04:58.568871
scroll,693,230,none,scrolled_down,0,0,0.0,0.0,2026-07-26 18:04:58.575512
scroll,693,230,none,scrolled_down,0,0,0.0,0.0,2026-07-26 18:04:58.582581
scroll,693,230,none,scrolled_down,0,0,0.0,0.0,2026-07-26 18:04:58.589570
scroll,693,230,none,scrolled_down,0,0,0.0,0.0,2026-07-26 18:04:58.595892
scroll,693,230,none,scrolled_down,0,0,0.0,0.0,2026-07-26 18:04:58.603366
scroll,693,230,none,scrolled_down,0,0,0.0,0.0,2026-07-26 18:04:58.609324
scroll,693,230,none,scrolled_down,0,0,0.0,0.0,2026-07-26 18:04:58.616435
scroll,693,230,none,scrolled_down,0,0,0.0,0.0,2026-07-26 18:04:58.623266
scroll,693,230,none,scrolled_down,0,0,0.0,0.0,2026-07-26 18:04:58.668344
scroll,693,230,none,scrolled_down,0,0,0.0,0.0,2026-07-26 18:04:58.683215
scroll,693,230,none,scrolled_down,0,0,0.0,0.0,2026-07-26 18:04:58.699483
scroll,693,230,none,scrolled_down,0,0,0.0,0.0,2026-07-26 18:04:58.715394
scroll,693,230,none,scrolled_down,0,0,0.0,0.0,2026-07-26 18:04:58.731177
scroll,693,230,none,scrolled_down,0,0,0.0,0.0,2026-07-26 18:04:58.746569
scroll,693,230,none,scrolled_down,0,0,0.0,0.0,2026-07-26 18:04:58.761686
idle,693,230,none,idle_start,0,0,0.0,0.0,2026-07-26 18:04:59.289149
idle,676,230,none,idle_end,0,0,0.0,1.2732,2026-07-26 18:05:00.562331
movement,676,230,none,moved,0,0,5.5386,0.0,2026-07-26 18:05:00.569783
movement,448,262,none,moved,0,0,1423.7011,0.0,2026-07-26 18:05:00.617533
movement,425,265,none,moved,0,0,143.395,0.0,2026-07-26 18:05:00.672367
movement,372,257,none,moved,0,0,1038.0529,0.0,2026-07-26 18:05:00.726739
movement,311,243,none,moved,0,0,1242.9297,0.0,2026-07-26 18:05:00.781723
movement,245,224,none,moved,0,0,644.9643,0.0,2026-07-26 18:05:00.836553
movement,237,221,none,moved,0,0,0.0,0.0,2026-07-26 18:05:00.905112
movement,243,223,none,moved,0,0,203.2776,0.0,2026-07-26 18:05:00.960011
movement,266,246,none,moved,0,0,1146.4866,0.0,2026-07-26 18:05:01.014945
movement,354,293,none,moved,0,0,2094.6538,0.0,2026-07-26 18:05:01.069663
movement,478,326,none,moved,0,0,2351.9273,0.0,2026-07-26 18:05:01.124479
movement,559,344,none,moved,0,0,1364.5555,0.0,2026-07-26 18:05:01.179340
movement,583,349,none,moved,0,0,140.6776,0.0,2026-07-26 18:05:01.234767
movement,584,349,none,moved,0,0,0.0,0.0,2026-07-26 18:05:01.316913
movement,585,349,none,moved,0,0,10.4368,0.0,2026-07-26 18:05:01.412725
movement,606,360,none,moved,0,0,1096.6002,0.0,2026-07-26 18:05:01.467591
movement,680,394,none,moved,0,0,1386.1185,0.0,2026-07-26 18:05:01.522678
movement,722,406,none,moved,0,0,136.0638,0.0,2026-07-26 18:05:01.577686
movement,725,406,none,moved,0,0,0.0,0.0,2026-07-26 18:05:01.632440
movement,725,402,none,moved,0,0,48.5165,0.0,2026-07-26 18:05:01.687225
movement,723,400,none,moved,0,0,48.0706,0.0,2026-07-26 18:05:01.756117
movement,721,399,none,moved,0,0,0.0,0.0,2026-07-26 18:05:01.817550
movement,717,397,none,moved,0,0,153.1271,0.0,2026-07-26 18:05:01.872019
movement,706,389,none,moved,0,0,328.7559,0.0,2026-07-26 18:05:01.926769
movement,693,382,none,moved,0,0,123.861,0.0,2026-07-26 18:05:01.982915
movement,691,381,none,moved,0,0,0.0,0.0,2026-07-26 18:05:02.119410
movement,693,382,none,moved,0,0,0.0,0.0,2026-07-26 18:05:02.187671
movement,694,386,none,moved,0,0,4.5169,0.0,2026-07-26 18:05:03.080128
movement,696,406,none,moved,0,0,279.2479,0.0,2026-07-26 18:05:03.135246
movement,696,411,none,moved,0,0,0.0,0.0,2026-07-26 18:05:03.190166
movement,696,413,none,moved,0,0,0.0,0.0,2026-07-26 18:05:03.245006
movement,696,415,none,moved,0,0,27.5445,0.0,2026-07-26 18:05:03.301827
click,696,419,left,pressed,0,0,0.0,0.0,2026-07-26 18:05:03.609486
click,696,419,left,released,0,0,0.0,0.0,2026-07-26 18:05:03.827903
movement,677,416,none,moved,0,0,24.5982,0.0,2026-07-26 18:05:04.132951
movement,467,354,none,moved,0,0,2936.3635,0.0,2026-07-26 18:05:04.187499
movement,347,309,none,moved,0,0,2083.3756,0.0,2026-07-26 18:05:04.242592
movement,272,296,none,moved,0,0,135.8712,0.0,2026-07-26 18:05:04.335309
movement,251,297,none,moved,0,0,73.3501,0.0,2026-07-26 18:05:04.386780
movement,248,299,none,moved,0,0,41.4516,0.0,2026-07-26 18:05:04.462263
movement,245,300,none,moved,0,0,72.8443,0.0,2026-07-26 18:05:04.524100
movement,223,314,none,moved,0,0,738.4338,0.0,2026-07-26 18:05:04.578822
movement,206,330,none,moved,0,0,207.0887,0.0,2026-07-26 18:05:04.633633
movement,205,333,none,moved,0,0,0.0,0.0,2026-07-26 18:05:04.730022
movement,204,333,none,moved,0,0,28.882,0.0,2026-07-26 18:05:04.798615
movement,204,332,none,moved,0,0,13.2784,0.0,2026-07-26 18:05:04.873925
movement,204,333,none,moved,0,0,1.3503,0.0,2026-07-26 18:05:05.621513
movement,206,358,none,moved,0,0,460.6931,0.0,2026-07-26 18:05:05.676477
movement,208,386,none,moved,0,0,600.6168,0.0,2026-07-26 18:05:05.731139
movement,210,402,none,moved,0,0,211.3161,0.0,2026-07-26 18:05:05.785939
movement,210,406,none,moved,0,0,72.9584,0.0,2026-07-26 18:05:05.841134
click,210,406,left,pressed,0,0,0.0,0.0,2026-07-26 18:05:06.172476
click,210,406,left,released,0,0,0.0,0.0,2026-07-26 18:05:06.399091
movement,205,406,none,moved,0,0,5.2662,0.0,2026-07-26 18:05:06.824903
movement,152,394,none,moved,0,0,454.3558,0.0,2026-07-26 18:05:06.879882
movement,134,390,none,moved,0,0,144.6312,0.0,2026-07-26 18:05:06.934663
movement,131,390,none,moved,0,0,24.2507,0.0,2026-07-26 18:05:07.003493
movement,130,390,none,moved,0,0,0.0,0.0,2026-07-26 18:05:07.106417
movement,129,386,none,moved,0,0,143.0673,0.0,2026-07-26 18:05:07.161517
movement,119,370,none,moved,0,0,486.3724,0.0,2026-07-26 18:05:07.216774
movement,109,354,none,moved,0,0,281.7995,0.0,2026-07-26 18:05:07.271091
movement,108,352,none,moved,0,0,0.0,0.0,2026-07-26 18:05:08.080649
movement,108,354,none,moved,0,0,47.7461,0.0,2026-07-26 18:05:08.135838
movement,108,356,none,moved,0,0,24.196,0.0,2026-07-26 18:05:08.217849
movement,108,358,none,moved,0,0,44.395,0.0,2026-07-26 18:05:08.274803
movement,108,362,none,moved,0,0,0.0,0.0,2026-07-26 18:05:08.327543
movement,109,373,none,moved,0,0,287.5076,0.0,2026-07-26 18:05:08.382509
movement,111,382,none,moved,0,0,175.6223,0.0,2026-07-26 18:05:08.438312
movement,112,385,none,moved,0,0,49.5576,0.0,2026-07-26 18:05:08.498812
movement,113,387,none,moved,0,0,22.6584,0.0,2026-07-26 18:05:08.609515
movement,114,387,none,moved,0,0,14.5914,0.0,2026-07-26 18:05:08.678052
movement,118,386,none,moved,0,0,138.6089,0.0,2026-07-26 18:05:08.733106
movement,166,382,none,moved,0,0,1841.8441,0.0,2026-07-26 18:05:08.787394
movement,343,372,none,moved,0,0,4706.0336,0.0,2026-07-26 18:05:08.842182
movement,669,339,none,moved,0,0,7434.4695,0.0,2026-07-26 18:05:08.897342
movement,1145,279,none,moved,0,0,8501.9123,0.0,2026-07-26 18:05:08.952228
movement,1346,259,none,moved,0,0,24.2881,0.0,2026-07-26 18:05:09.411922
movement,1406,273,none,moved,0,0,642.8864,0.0,2026-07-26 18:05:09.466758
movement,1432,333,none,moved,0,0,1598.244,0.0,2026-07-26 18:05:09.521899
movement,1418,423,none,moved,0,0,1350.3292,0.0,2026-07-26 18:05:09.576103
movement,1413,437,none,moved,0,0,21.9599,0.0,2026-07-26 18:05:09.922301
movement,1437,535,none,moved,0,0,1883.7754,0.0,2026-07-26 18:05:09.976968
movement,1468,597,none,moved,0,0,989.8764,0.0,2026-07-26 18:05:10.032126
movement,1484,636,none,moved,0,0,297.965,0.0,2026-07-26 18:05:10.086971
movement,1485,640,none,moved,0,0,0.0,0.0,2026-07-26 18:05:10.196584
movement,1485,645,none,moved,0,0,48.7438,0.0,2026-07-26 18:05:10.265128
movement,1485,646,none,moved,0,0,19.4783,0.0,2026-07-26 18:05:10.333714
movement,1483,649,none,moved,0,0,34.2871,0.0,2026-07-26 18:05:10.409063
movement,1483,650,none,moved,0,0,0.0,0.0,2026-07-26 18:05:10.491497
movement,1483,651,none,moved,0,0,3.85,0.0,2026-07-26 18:05:11.017650
movement,1483,690,none,moved,0,0,434.2379,0.0,2026-07-26 18:05:11.071783
movement,1483,707,none,moved,0,0,137.1225,0.0,2026-07-26 18:05:11.127289
movement,1483,711,none,moved,0,0,70.4049,0.0,2026-07-26 18:05:11.181828
click,1483,711,left,pressed,0,0,0.0,0.0,2026-07-26 18:05:11.533966
click,1483,711,left,released,0,0,0.0,0.0,2026-07-26 18:05:11.760711
movement,1480,711,none,moved,0,0,3.5015,0.0,2026-07-26 18:05:12.038603
movement,1400,690,none,moved,0,0,1488.1337,0.0,2026-07-26 18:05:12.092872
movement,1362,679,none,moved,0,0,598.5173,0.0,2026-07-26 18:05:12.147716
movement,1356,677,none,moved,0,0,16.1914,0.0,2026-07-26 18:05:12.243809
movement,1355,677,none,moved,0,0,16.1312,0.0,2026-07-26 18:05:12.305800
movement,1346,674,none,moved,0,0,328.9404,0.0,2026-07-26 18:05:12.360555
movement,1314,667,none,moved,0,0,894.2188,0.0,2026-07-26 18:05:12.415310
movement,1279,659,none,moved,0,0,426.0151,0.0,2026-07-26 18:05:12.470864
movement,1270,656,none,moved,0,0,143.0575,0.0,2026-07-26 18:05:12.525177
movement,1265,656,none,moved,0,0,0.0,0.0,2026-07-26 18:05:12.587076
movement,1263,655,none,moved,0,0,17.2942,0.0,2026-07-26 18:05:12.672343
movement,1263,654,none,moved,0,0,0.0,0.0,2026-07-26 18:05:12.751369
movement,1263,656,none,moved,0,0,3.1229,0.0,2026-07-26 18:05:13.391798
movement,1263,682,none,moved,0,0,441.7847,0.0,2026-07-26 18:05:13.446358
movement,1263,692,none,moved,0,0,142.9016,0.0,2026-07-26 18:05:13.501606
movement,1263,699,none,moved,0,0,154.2874,0.0,2026-07-26 18:05:13.556368
movement,1263,703,none,moved,0,0,48.3778,0.0,2026-07-26 18:05:13.625169
click,1263,703,left,pressed,0,0,0.0,0.0,2026-07-26 18:05:13.912920
click,1263,703,left,released,0,0,0.0,0.0,2026-07-26 18:05:14.140011
movement,1265,705,none,moved,0,0,2.252,0.0,2026-07-26 18:05:14.881135
movement,1373,751,none,moved,0,0,3690.1369,0.0,2026-07-26 18:05:14.935978
movement,1768,853,none,moved,0,0,6148.9184,0.0,2026-07-26 18:05:14.990763
movement,1828,879,none,moved,0,0,147.1737,0.0,2026-07-26 18:05:15.045809
movement,1830,878,none,moved,0,0,130.7125,0.0,2026-07-26 18:05:15.101449
movement,1830,870,none,moved,0,0,164.7603,0.0,2026-07-26 18:05:15.155623
movement,1830,868,none,moved,0,0,155.2698,0.0,2026-07-26 18:05:15.210809
movement,1824,851,none,moved,0,0,589.1384,0.0,2026-07-26 18:05:15.266154
movement,1759,823,none,moved,0,0,1104.2961,0.0,2026-07-26 18:05:15.320478
movement,1696,810,none,moved,0,0,1710.9695,0.0,2026-07-26 18:05:15.375124
movement,1591,803,none,moved,0,0,1783.998,0.0,2026-07-26 18:05:15.429902
movement,1520,795,none,moved,0,0,856.3693,0.0,2026-07-26 18:05:15.484906
movement,1509,792,none,moved,0,0,0.0,0.0,2026-07-26 18:05:15.539599
movement,1509,792,none,moved,0,0,0.0,0.0,2026-07-26 18:05:15.608650
movement,1509,793,none,moved,0,0,0.0,0.0,2026-07-26 18:05:15.691195
movement,1509,791,none,moved,0,0,75.9315,0.0,2026-07-26 18:05:15.745876
movement,1509,787,none,moved,0,0,0.0,0.0,2026-07-26 18:05:15.801160
movement,1511,786,none,moved,0,0,76.3336,0.0,2026-07-26 18:05:15.862381
movement,1513,788,none,moved,0,0,2.9253,0.0,2026-07-26 18:05:16.653781
movement,1525,822,none,moved,0,0,494.7582,0.0,2026-07-26 18:05:16.708932
movement,1534,850,none,moved,0,0,457.4428,0.0,2026-07-26 18:05:16.763528
click,1536,856,left,pressed,0,0,0.0,0.0,2026-07-26 18:05:17.141001
click,1536,856,left,released,0,0,0.0,0.0,2026-07-26 18:05:17.364752
movement,1517,859,none,moved,0,0,13.4489,0.0,2026-07-26 18:05:18.241834
movement,1186,1005,none,moved,0,0,7017.4401,0.0,2026-07-26 18:05:18.296216
movement,1025,1094,none,moved,0,0,2303.2291,0.0,2026-07-26 18:05:18.351041
movement,960,1083,none,moved,0,0,793.6966,0.0,2026-07-26 18:05:18.406087
movement,960,1080,none,moved,0,0,11.5792,0.0,2026-07-26 18:05:18.665181
movement,946,1081,none,moved,0,0,334.2629,0.0,2026-07-26 18:05:18.718579
movement,948,1084,none,moved,0,0,295.6338,0.0,2026-07-26 18:05:18.773364
movement,990,1083,none,moved,0,0,1555.0872,0.0,2026-07-26 18:05:18.828823
movement,1070,1079,none,moved,0,0,1610.5759,0.0,2026-07-26 18:05:18.883466
movement,1175,1057,none,moved,0,0,3213.0331,0.0,2026-07-26 18:05:18.938790
movement,1364,976,none,moved,0,0,2471.4978,0.0,2026-07-26 18:05:18.993185
movement,1403,961,none,moved,0,0,263.5772,0.0,2026-07-26 18:05:19.048884
movement,1401,962,none,moved,0,0,211.92,0.0,2026-07-26 18:05:19.102999
movement,1392,971,none,moved,0,0,198.1309,0.0,2026-07-26 18:05:19.158573
movement,1389,972,none,moved,0,0,68.2134,0.0,2026-07-26 18:05:19.213430
movement,1385,970,none,moved,0,0,49.2168,0.0,2026-07-26 18:05:19.281213
movement,1380,974,none,moved,0,0,413.1389,0.0,2026-07-26 18:05:19.336265
movement,1337,1004,none,moved,0,0,1269.5108,0.0,2026-07-26 18:05:19.390910
movement,1300,1031,none,moved,0,0,310.072,0.0,2026-07-26 18:05:19.446119
movement,1290,1036,none,moved,0,0,0.0,0.0,2026-07-26 18:05:19.500683
movement,1287,1036,none,moved,0,0,0.0,0.0,2026-07-26 18:05:19.583152
movement,1285,1036,none,moved,0,0,0.0,0.0,2026-07-26 18:05:19.672398
movement,1285,1036,none,moved,0,0,0.0,0.0,2026-07-26 18:05:19.748472
movement,1286,1031,none,moved,0,0,7.0599,0.0,2026-07-26 18:05:20.476558
movement,1265,958,none,moved,0,0,1266.295,0.0,2026-07-26 18:05:20.531276
movement,1251,906,none,moved,0,0,424.8824,0.0,2026-07-26 18:05:20.586965
movement,1247,897,none,moved,0,0,36.3464,0.0,2026-07-26 18:05:20.655000
click,1248,900,left,pressed,0,0,0.0,0.0,2026-07-26 18:05:20.980982
click,1248,900,left,released,0,0,0.0,0.0,2026-07-26 18:05:21.204292
movement,1239,898,none,moved,0,0,8.7746,0.0,2026-07-26 18:05:21.746901
movement,1076,844,none,moved,0,0,2758.0084,0.0,2026-07-26 18:05:21.801594
movement,957,790,none,moved,0,0,1116.376,0.0,2026-07-26 18:05:21.856182
idle,941,782,none,idle_start,0,0,0.0,0.0,2026-07-26 18:05:23.854368
idle,939,789,none,idle_end,0,0,0.0,1.3905,2026-07-26 18:05:25.244875
movement,939,789,none,moved,0,0,2.1791,0.0,2026-07-26 18:05:25.245444
movement,920,878,none,moved,0,0,1054.7766,0.0,2026-07-26 18:05:25.296817
movement,913,900,none,moved,0,0,101.3557,0.0,2026-07-26 18:05:25.358944
movement,893,887,none,moved,0,0,846.0386,0.0,2026-07-26 18:05:25.414199
movement,831,858,none,moved,0,0,1032.5236,0.0,2026-07-26 18:05:25.468696
movement,801,852,none,moved,0,0,294.4611,0.0,2026-07-26 18:05:25.523443
movement,789,854,none,moved,0,0,147.365,0.0,2026-07-26 18:05:25.578073
movement,764,858,none,moved,0,0,728.9371,0.0,2026-07-26 18:05:25.633282
movement,711,859,none,moved,0,0,1168.0858,0.0,2026-07-26 18:05:25.688315
movement,641,852,none,moved,0,0,1055.7491,0.0,2026-07-26 18:05:25.745849
movement,579,846,none,moved,0,0,758.8753,0.0,2026-07-26 18:05:25.798320
movement,568,844,none,moved,0,0,34.0237,0.0,2026-07-26 18:05:25.875320
idle,572,842,none,idle_start,0,0,0.0,0.0,2026-07-26 18:05:27.857347
idle,564,843,none,idle_end,0,0,0.0,5.3906,2026-07-26 18:05:33.247955
movement,564,843,none,moved,0,0,1.0997,0.0,2026-07-26 18:05:33.248289
movement,439,876,none,moved,0,0,2551.1221,0.0,2026-07-26 18:05:33.301748
movement,334,907,none,moved,0,0,1535.2549,0.0,2026-07-26 18:05:33.356615
movement,300,948,none,moved,0,0,900.0231,0.0,2026-07-26 18:05:33.411428
movement,318,974,none,moved,0,0,21.7196,0.0,2026-07-26 18:05:34.028901
movement,476,936,none,moved,0,0,2807.2042,0.0,2026-07-26 18:05:34.082744
movement,614,902,none,moved,0,0,2100.3573,0.0,2026-07-26 18:05:34.137680
movement,650,892,none,moved,0,0,276.0137,0.0,2026-07-26 18:05:34.193094
movement,657,925,none,moved,0,0,0.0,0.0,2026-07-26 18:11:27.612355
movement,774,835,none,moved,0,0,3838.6247,0.0,2026-07-26 18:11:27.667177
movement,902,798,none,moved,0,0,1445.0162,0.0,2026-07-26 18:11:27.722192
movement,991,834,none,moved,0,0,1559.6925,0.0,2026-07-26 18:11:27.777431
movement,1015,886,none,moved,0,0,1130.8885,0.0,2026-07-26 18:11:27.832046
movement,950,929,none,moved,0,0,1458.5896,0.0,2026-07-26 18:11:27.888147
movement,886,937,none,moved,0,0,1234.6679,0.0,2026-07-26 18:11:27.942811
movement,827,906,none,moved,0,0,1420.3535,0.0,2026-07-26 18:11:27.997480
movement,790,881,none,moved,0,0,602.0214,0.0,2026-07-26 18:11:28.052718
movement,781,870,none,moved,0,0,3.1889,0.0,2026-07-26 18:11:28.782032
movement,886,823,none,moved,0,0,3228.5349,0.0,2026-07-26 18:11:28.834088
movement,963,784,none,moved,0,0,313.1678,0.0,2026-07-26 18:11:28.888884
movement,966,783,none,moved,0,0,72.7963,0.0,2026-07-26 18:11:28.950976
click,966,783,left,pressed,0,0,0.0,0.0,2026-07-26 18:11:29.437657
click,966,783,left,released,0,0,0.0,0.0,2026-07-26 18:11:29.654167
idle,966,783,none,idle_start,0,0,0.0,0.0,2026-07-26 18:11:30.716176
idle,965,783,none,idle_end,0,0,0.0,0.1209,2026-07-26 18:11:30.837152
movement,965,783,none,moved,0,0,0.5302,0.0,2026-07-26 18:11:30.838708
movement,965,782,none,moved,0,0,12.2801,0.0,2026-07-26 18:11:30.918556
movement,965,782,none,moved,0,0,0.0,0.0,2026-07-26 18:11:31.077377
movement,965,782,none,moved,0,0,0.0,0.0,2026-07-26 18:11:31.621964
idle,965,782,none,idle_start,0,0,0.0,0.0,2026-07-26 18:11:33.219361
idle,965,782,none,idle_end,0,0,0.0,0.4985,2026-07-26 18:11:33.717896
movement,965,782,none,moved,0,0,0.0,0.0,2026-07-26 18:11:33.718792
movement,951,806,none,moved,0,0,658.1116,0.0,2026-07-26 18:11:33.772292
movement,898,861,none,moved,0,0,2069.8702,0.0,2026-07-26 18:11:33.827368
movement,763,971,none,moved,0,0,3292.2074,0.0,2026-07-26 18:11:33.882512
movement,683,1031,none,moved,0,0,466.3205,0.0,2026-07-26 18:11:33.937170
movement,680,1033,none,moved,0,0,28.8832,0.0,2026-07-26 18:11:33.992238
movement,680,1028,none,moved,0,0,150.3443,0.0,2026-07-26 18:11:34.047034
movement,679,1025,none,moved,0,0,48.2809,0.0,2026-07-26 18:11:34.101905
movement,679,1022,none,moved,0,0,49.1332,0.0,2026-07-26 18:11:34.163458
movement,679,1020,none,moved,0,0,144.9761,0.0,2026-07-26 18:11:34.218334
movement,679,1018,none,moved,0,0,0.0,0.0,2026-07-26 18:11:34.287244
movement,679,1015,none,moved,0,0,72.9571,0.0,2026-07-26 18:11:34.348794
movement,683,1003,none,moved,0,0,415.7304,0.0,2026-07-26 18:11:34.404292
movement,702,955,none,moved,0,0,1419.4593,0.0,2026-07-26 18:11:34.458856
movement,762,875,none,moved,0,0,1980.9265,0.0,2026-07-26 18:11:34.514204
movement,820,806,none,moved,0,0,1221.3318,0.0,2026-07-26 18:11:34.568347
movement,839,770,none,moved,0,0,292.0418,0.0,2026-07-26 18:11:34.623254
movement,838,766,none,moved,0,0,47.9097,0.0,2026-07-26 18:11:34.692949
movement,838,768,none,moved,0,0,1.5877,0.0,2026-07-26 18:11:35.328420
movement,838,800,none,moved,0,0,722.309,0.0,2026-07-26 18:11:35.383533
movement,852,837,none,moved,0,0,640.8429,0.0,2026-07-26 18:11:35.438219
movement,870,852,none,moved,0,0,449.917,0.0,2026-07-26 18:11:35.493321
movement,891,859,none,moved,0,0,430.2586,0.0,2026-07-26 18:11:35.548212
movement,899,862,none,moved,0,0,0.0,0.0,2026-07-26 18:11:35.602946
movement,902,864,none,moved,0,0,149.9519,0.0,2026-07-26 18:11:35.657643
click,903,864,left,pressed,0,0,0.0,0.0,2026-07-26 18:11:36.150620
movement,911,864,none,moved,0,0,11.3415,0.0,2026-07-26 18:11:36.369901
movement,1050,836,none,moved,0,0,2383.1396,0.0,2026-07-26 18:11:36.424827
movement,1110,826,none,moved,0,0,448.4927,0.0,2026-07-26 18:11:36.479771
movement,1117,826,none,moved,0,0,49.1608,0.0,2026-07-26 18:11:36.541770
movement,1117,826,none,moved,0,0,0.0,0.0,2026-07-26 18:11:36.610890
movement,1117,827,none,moved,0,0,0.0,0.0,2026-07-26 18:11:36.687726
movement,1116,827,none,moved,0,0,9.8605,0.0,2026-07-26 18:11:36.789145
movement,1115,827,none,moved,0,0,0.0,0.0,2026-07-26 18:11:36.857139
movement,1113,828,none,moved,0,0,0.0,0.0,2026-07-26 18:11:36.911942
movement,1111,830,none,moved,0,0,49.1505,0.0,2026-07-26 18:11:36.980448
click,1109,830,left,released,0,0,0.0,0.0,2026-07-26 18:11:37.049132
click,1109,830,left,pressed,0,0,0.0,0.0,2026-07-26 18:11:37.310828
click,1109,830,left,released,0,0,0.0,0.0,2026-07-26 18:11:37.527927
movement,1103,830,none,moved,0,0,7.8425,0.0,2026-07-26 18:11:37.793777
movement,1021,795,none,moved,0,0,1799.958,0.0,2026-07-26 18:11:37.848682
movement,941,728,none,moved,0,0,1341.9945,0.0,2026-07-26 18:11:37.903538
movement,900,657,none,moved,0,0,1343.4333,0.0,2026-07-26 18:11:37.958346
movement,877,611,none,moved,0,0,1123.3644,0.0,2026-07-26 18:11:38.013224
movement,864,572,none,moved,0,0,447.3765,0.0,2026-07-26 18:11:38.068110
movement,860,564,none,moved,0,0,0.0,0.0,2026-07-26 18:11:38.129820
click,862,565,right,pressed,0,0,0.0,0.0,2026-07-26 18:11:38.615566
click,862,565,right,released,0,0,0.0,0.0,2026-07-26 18:11:38.678071
movement,856,565,none,moved,0,0,4.5276,0.0,2026-07-26 18:11:39.475657
movement,788,547,none,moved,0,0,1044.2465,0.0,2026-07-26 18:11:39.530220
movement,729,502,none,moved,0,0,1588.2831,0.0,2026-07-26 18:11:39.585310
movement,690,461,none,moved,0,0,531.7246,0.0,2026-07-26 18:11:39.640017
click,688,456,left,pressed,0,0,0.0,0.0,2026-07-26 18:11:39.919439
click,688,456,left,released,0,0,0.0,0.0,2026-07-26 18:11:40.134136
movement,702,462,none,moved,0,0,20.0668,0.0,2026-07-26 18:11:40.413041
movement,989,604,none,moved,0,0,6810.6117,0.0,2026-07-26 18:11:40.467887
movement,1230,797,none,moved,0,0,5069.0664,0.0,2026-07-26 18:11:40.522691
movement,1304,922,none,moved,0,0,1006.1596,0.0,2026-07-26 18:11:40.577592
movement,1306,929,none,moved,0,0,28.9606,0.0,2026-07-26 18:11:40.639586
movement,1310,934,none,moved,0,0,25.1896,0.0,2026-07-26 18:11:40.893785
movement,1351,987,none,moved,0,0,516.6471,0.0,2026-07-26 18:11:40.948763
movement,1356,996,none,moved,0,0,73.4156,0.0,2026-07-26 18:11:41.010391
movement,1357,1001,none,moved,0,0,138.2981,0.0,2026-07-26 18:11:41.065605
movement,1357,1004,none,moved,0,0,72.4568,0.0,2026-07-26 18:11:41.120327
movement,1357,1007,none,moved,0,0,146.1837,0.0,2026-07-26 18:11:41.174919
movement,1357,1010,none,moved,0,0,0.0,0.0,2026-07-26 18:11:41.236743
movement,1357,1015,none,moved,0,0,149.2104,0.0,2026-07-26 18:11:41.291400
movement,1360,1024,none,moved,0,0,455.4323,0.0,2026-07-26 18:11:41.346442
movement,1370,1040,none,moved,0,0,316.8496,0.0,2026-07-26 18:11:41.401325
movement,1372,1044,none,moved,0,0,0.0,0.0,2026-07-26 18:11:41.469971
movement,1373,1045,none,moved,0,0,25.8053,0.0,2026-07-26 18:11:41.524771
movement,1374,1046,none,moved,0,0,15.816,0.0,2026-07-26 18:11:41.614192
movement,1382,1057,none,moved,0,0,367.945,0.0,2026-07-26 18:11:41.669446
movement,1390,1072,none,moved,0,0,130.424,0.0,2026-07-26 18:11:41.724280
movement,1391,1074,none,moved,0,0,0.0,0.0,2026-07-26 18:11:41.791905
movement,1392,1071,none,moved,0,0,72.1762,0.0,2026-07-26 18:11:41.853923
movement,1393,1065,none,moved,0,0,153.4352,0.0,2026-07-26 18:11:41.908545
movement,1393,1061,none,moved,0,0,72.9698,0.0,2026-07-26 18:11:41.970389
movement,1394,1058,none,moved,0,0,141.6899,0.0,2026-07-26 18:11:42.025677
movement,1394,1056,none,moved,0,0,48.9668,0.0,2026-07-26 18:11:42.093849
movement,1395,1056,none,moved,0,0,34.7467,0.0,2026-07-26 18:11:42.143919
click,1395,1055,left,pressed,0,0,0.0,0.0,2026-07-26 18:11:42.486524
click,1395,1055,left,released,0,0,0.0,0.0,2026-07-26 18:11:42.711178
movement,1384,1047,none,moved,0,0,9.9387,0.0,2026-07-26 18:11:43.547241
movement,1136,845,none,moved,0,0,5495.9078,0.0,2026-07-26 18:11:43.597609
movement,970,710,none,moved,0,0,778.2132,0.0,2026-07-26 18:11:43.665943
scroll,917,672,none,scrolled_down,0,0,0.0,0.0,2026-07-26 18:11:43.901823
scroll,917,672,none,scrolled_up,0,3,0.0,0.0,2026-07-26 18:11:43.966121
scroll,917,672,none,scrolled_down,0,0,0.0,0.0,2026-07-26 18:11:43.986226
scroll,917,672,none,scrolled_down,0,-2,0.0,0.0,2026-07-26 18:11:43.989493
scroll,917,672,none,scrolled_down,0,0,0.0,0.0,2026-07-26 18:11:44.007918
scroll,917,672,none,scrolled_down,0,0,0.0,0.0,2026-07-26 18:11:44.021708
scroll,917,672,none,scrolled_up,0,1,0.0,0.0,2026-07-26 18:11:44.058456
scroll,917,672,none,scrolled_down,0,0,0.0,0.0,2026-07-26 18:11:44.061175
scroll,917,672,none,scrolled_down,0,0,0.0,0.0,2026-07-26 18:11:44.084110
scroll,917,672,none,scrolled_down,0,0,0.0,0.0,2026-07-26 18:11:44.088818
scroll,917,672,none,scrolled_down,0,0,0.0,0.0,2026-07-26 18:11:44.112508
scroll,917,672,none,scrolled_down,0,0,0.0,0.0,2026-07-26 18:11:44.118070
scroll,917,672,none,scrolled_down,0,0,0.0,0.0,2026-07-26 18:11:44.150456
scroll,917,672,none,scrolled_down,0,0,0.0,0.0,2026-07-26 18:11:44.152725
scroll,917,672,none,scrolled_down,0,0,0.0,0.0,2026-07-26 18:11:44.174783
scroll,917,672,none,scrolled_down,0,0,0.0,0.0,2026-07-26 18:11:44.188324
scroll,917,672,none,scrolled_down,0,0,0.0,0.0,2026-07-26 18:11:44.194978
scroll,917,672,none,scrolled_down,0,0,0.0,0.0,2026-07-26 18:11:44.209821
scroll,917,672,none,scrolled_down,0,0,0.0,0.0,2026-07-26 18:11:44.211697
scroll,917,672,none,scrolled_down,0,0,0.0,0.0,2026-07-26 18:11:44.216244
scroll,917,672,none,scrolled_down,0,0,0.0,0.0,2026-07-26 18:11:44.222570
scroll,917,672,none,scrolled_down,0,0,0.0,0.0,2026-07-26 18:11:44.229199
scroll,917,672,none,scrolled_down,0,0,0.0,0.0,2026-07-26 18:11:44.245400
scroll,917,672,none,scrolled_down,0,0,0.0,0.0,2026-07-26 18:11:44.251815
scroll,917,672,none,scrolled_down,0,0,0.0,0.0,2026-07-26 18:11:44.299306
scroll,917,672,none,scrolled_down,0,0,0.0,0.0,2026-07-26 18:11:44.309848
scroll,917,672,none,scrolled_down,0,-1,0.0,0.0,2026-07-26 18:11:44.312325
scroll,917,672,none,scrolled_down,0,0,0.0,0.0,2026-07-26 18:11:44.557802
scroll,917,672,none,scrolled_down,0,0,0.0,0.0,2026-07-26 18:11:44.562917
scroll,917,672,none,scrolled_down,0,0,0.0,0.0,2026-07-26 18:11:44.569697
scroll,917,672,none,scrolled_down,0,0,0.0,0.0,2026-07-26 18:11:44.576341
scroll,917,672,none,scrolled_down,0,0,0.0,0.0,2026-07-26 18:11:44.608662
scroll,917,672,none,scrolled_up,0,1,0.0,0.0,2026-07-26 18:11:44.611641
scroll,917,672,none,scrolled_down,0,0,0.0,0.0,2026-07-26 18:11:44.617596
scroll,917,672,none,scrolled_down,0,0,0.0,0.0,2026-07-26 18:11:44.631632
scroll,917,672,none,scrolled_down,0,0,0.0,0.0,2026-07-26 18:11:44.777722
scroll,917,672,none,scrolled_down,0,0,0.0,0.0,2026-07-26 18:11:44.805271
scroll,917,672,none,scrolled_down,0,0,0.0,0.0,2026-07-26 18:11:44.892706
scroll,917,672,none,scrolled_down,0,0,0.0,0.0,2026-07-26 18:11:44.894680
scroll,917,672,none,scrolled_down,0,0,0.0,0.0,2026-07-26 18:11:44.904244
scroll,917,672,none,scrolled_down,0,0,0.0,0.0,2026-07-26 18:11:44.924089
idle,917,672,none,idle_start,0,0,0.0,0.0,2026-07-26 18:11:45.475862
idle,911,658,none,idle_end,0,0,0.0,0.4239,2026-07-26 18:11:45.899777
movement,911,658,none,moved,0,0,6.9699,0.0,2026-07-26 18:11:45.900354
movement,819,551,none,moved,0,0,2094.4951,0.0,2026-07-26 18:11:45.954693
movement,720,509,none,moved,0,0,1569.1968,0.0,2026-07-26 18:11:46.009729
movement,679,499,none,moved,0,0,95.4406,0.0,2026-07-26 18:11:46.085860
movement,662,496,none,moved,0,0,0.0,0.0,2026-07-26 18:11:46.142948
movement,657,487,none,moved,0,0,32.5856,0.0,2026-07-26 18:11:46.458908
movement,583,396,none,moved,0,0,1326.3899,0.0,2026-07-26 18:11:46.509420
movement,544,344,none,moved,0,0,999.5824,0.0,2026-07-26 18:11:46.564338
movement,528,315,none,moved,0,0,460.4122,0.0,2026-07-26 18:11:46.619181
movement,520,298,none,moved,0,0,203.1802,0.0,2026-07-26 18:11:46.674220
movement,517,296,none,moved,0,0,14.6202,0.0,2026-07-26 18:11:46.777031
movement,517,296,none,moved,0,0,0.0,0.0,2026-07-26 18:11:46.838848
idle,518,296,none,idle_start,0,0,0.0,0.0,2026-07-26 18:11:48.478370
click,518,296,right,pressed,0,0,0.0,0.0,2026-07-26 18:11:48.870319
click,518,296,right,released,0,0,0.0,0.0,2026-07-26 18:11:48.936875
idle,519,303,none,idle_end,0,0,0.0,1.5351,2026-07-26 18:11:50.013433
movement,519,303,none,moved,0,0,2.2468,0.0,2026-07-26 18:11:50.014396
movement,536,370,none,moved,0,0,337.9364,0.0,2026-07-26 18:11:50.067899
movement,538,378,none,moved,0,0,51.1345,0.0,2026-07-26 18:11:50.122787
movement,537,378,none,moved,0,0,12.1039,0.0,2026-07-26 18:11:50.239644
movement,537,378,none,moved,0,0,0.0,0.0,2026-07-26 18:11:50.308039
movement,537,381,none,moved,0,0,13.2074,0.0,2026-07-26 18:11:50.424931
movement,538,381,none,moved,0,0,63.9376,0.0,2026-07-26 18:11:50.486280
movement,542,392,none,moved,0,0,514.5899,0.0,2026-07-26 18:11:50.540973
movement,559,423,none,moved,0,0,658.2502,0.0,2026-07-26 18:11:50.595901
movement,565,434,none,moved,0,0,0.0,0.0,2026-07-26 18:11:50.650765
movement,586,433,none,moved,0,0,715.8055,0.0,2026-07-26 18:11:50.705889
movement,654,418,none,moved,0,0,757.5389,0.0,2026-07-26 18:11:50.760469
movement,665,414,none,moved,0,0,9.0595,0.0,2026-07-26 18:11:50.912148
movement,653,409,none,moved,0,0,45.2123,0.0,2026-07-26 18:11:51.199682
movement,373,350,none,moved,0,0,5556.9656,0.0,2026-07-26 18:11:51.255213
movement,160,320,none,moved,0,0,1956.697,0.0,2026-07-26 18:11:51.312680
movement,117,310,none,moved,0,0,160.8801,0.0,2026-07-26 18:11:51.364783
movement,119,310,none,moved,0,0,257.8096,0.0,2026-07-26 18:11:51.414829
click,119,310,left,pressed,0,0,0.0,0.0,2026-07-26 18:11:51.646300
click,119,310,left,released,0,0,0.0,0.0,2026-07-26 18:11:51.865824
movement,127,319,none,moved,0,0,14.0623,0.0,2026-07-26 18:11:52.271140
movement,241,440,none,moved,0,0,2620.8513,0.0,2026-07-26 18:11:52.321407
movement,352,552,none,moved,0,0,1448.0594,0.0,2026-07-26 18:11:52.373737
movement,373,571,none,moved,0,0,152.5978,0.0,2026-07-26 18:11:52.428095
movement,374,563,none,moved,0,0,149.5936,0.0,2026-07-26 18:11:52.483043
scroll,374,563,none,scrolled_down,0,0,0.0,0.0,2026-07-26 18:11:53.403750
scroll,374,563,none,scrolled_down,0,0,0.0,0.0,2026-07-26 18:11:53.407848
scroll,374,563,none,scrolled_down,0,-1,0.0,0.0,2026-07-26 18:11:53.415713
scroll,374,563,none,scrolled_down,0,0,0.0,0.0,2026-07-26 18:11:53.447850
click,374,563,right,pressed,0,0,0.0,0.0,2026-07-26 18:11:53.713903
click,374,563,right,released,0,0,0.0,0.0,2026-07-26 18:11:53.776727
movement,374,562,none,moved,0,0,0.6662,0.0,2026-07-26 18:11:53.984034
movement,372,558,none,moved,0,0,64.2036,0.0,2026-07-26 18:11:54.051392
movement,371,557,none,moved,0,0,25.7739,0.0,2026-07-26 18:11:54.111543
movement,371,557,none,moved,0,0,0.0,0.0,2026-07-26 18:11:54.207567
movement,371,559,none,moved,0,0,12.175,0.0,2026-07-26 18:11:54.297542
movement,370,559,none,moved,0,0,36.7538,0.0,2026-07-26 18:11:54.372403
movement,368,559,none,moved,0,0,0.0,0.0,2026-07-26 18:11:54.423071
movement,361,557,none,moved,0,0,0.0,0.0,2026-07-26 18:11:54.475337
movement,359,555,none,moved,0,0,11.9226,0.0,2026-07-26 18:11:54.593868
click,359,555,left,pressed,0,0,0.0,0.0,2026-07-26 18:11:54.842089
click,359,555,left,released,0,0,0.0,0.0,2026-07-26 18:11:55.068639
movement,366,551,none,moved,0,0,8.7683,0.0,2026-07-26 18:11:55.513344
movement,416,527,none,moved,0,0,369.669,0.0,2026-07-26 18:11:55.570053
movement,462,511,none,moved,0,0,0.0,0.0,2026-07-26 18:11:55.636632
movement,462,511,none,moved,0,0,0.0,0.0,2026-07-26 18:11:56.601762
movement,424,537,none,moved,0,0,1173.4587,0.0,2026-07-26 18:11:56.656873
movement,403,552,none,moved,0,0,142.6585,0.0,2026-07-26 18:11:56.711683
movement,402,552,none,moved,0,0,0.0,0.0,2026-07-26 18:11:56.862408
movement,399,551,none,moved,0,0,69.0247,0.0,2026-07-26 18:11:56.917297
movement,396,550,none,moved,0,0,47.6496,0.0,2026-07-26 18:11:56.986118
movement,393,553,none,moved,0,0,74.3776,0.0,2026-07-26 18:11:57.047370
movement,391,556,none,moved,0,0,142.8286,0.0,2026-07-26 18:11:57.102345
movement,391,557,none,moved,0,0,0.0,0.0,2026-07-26 18:11:57.205346
movement,392,559,none,moved,0,0,4.7643,0.0,2026-07-26 18:11:57.674692
movement,406,599,none,moved,0,0,894.1561,0.0,2026-07-26 18:11:57.729361
movement,412,622,none,moved,0,0,323.0487,0.0,2026-07-26 18:11:57.784402
movement,415,625,none,moved,0,0,0.0,0.0,2026-07-26 18:11:57.859797
movement,415,625,none,moved,0,0,0.0,0.0,2026-07-26 18:11:58.011323
movement,414,625,none,moved,0,0,8.6257,0.0,2026-07-26 18:11:58.127254
movement,414,625,none,moved,0,0,0.0,0.0,2026-07-26 18:11:58.189240
click,414,625,left,pressed,0,0,0.0,0.0,2026-07-26 18:11:58.512250
click,414,625,left,released,0,0,0.0,0.0,2026-07-26 18:11:58.734779
movement,418,625,none,moved,0,0,4.5049,0.0,2026-07-26 18:11:59.077163
movement,489,610,none,moved,0,0,1464.8908,0.0,2026-07-26 18:11:59.131873
movement,559,592,none,moved,0,0,1034.5868,0.0,2026-07-26 18:11:59.187073
movement,595,587,none,moved,0,0,124.3798,0.0,2026-07-26 18:11:59.253233
movement,618,585,none,moved,0,0,142.4841,0.0,2026-07-26 18:11:59.303243
movement,619,586,none,moved,0,0,20.8726,0.0,2026-07-26 18:11:59.371935
movement,620,586,none,moved,0,0,0.0,0.0,2026-07-26 18:11:59.426673
movement,621,585,none,moved,0,0,29.0071,0.0,2026-07-26 18:11:59.509123
movement,622,582,none,moved,0,0,49.7188,0.0,2026-07-26 18:11:59.576612
movement,629,551,none,moved,0,0,569.3368,0.0,2026-07-26 18:11:59.632586
movement,629,541,none,moved,0,0,0.0,0.0,2026-07-26 18:11:59.762649
movement,629,542,none,moved,0,0,0.0,0.0,2026-07-26 18:11:59.872551
movement,629,543,none,moved,0,0,13.2157,0.0,2026-07-26 18:11:59.948229
movement,629,543,none,moved,0,0,0.0,0.0,2026-07-26 18:12:00.003144
movement,629,543,none,moved,0,0,0.0,0.0,2026-07-26 18:12:00.603811
movement,632,559,none,moved,0,0,467.9823,0.0,2026-07-26 18:12:00.658228
movement,640,576,none,moved,0,0,395.9575,0.0,2026-07-26 18:12:00.713413
movement,642,581,none,moved,0,0,73.3257,0.0,2026-07-26 18:12:00.768007
movement,644,585,none,moved,0,0,69.4287,0.0,2026-07-26 18:12:00.836922
movement,644,589,none,moved,0,0,47.7771,0.0,2026-07-26 18:12:00.905572
click,646,591,left,pressed,0,0,0.0,0.0,2026-07-26 18:12:01.254976
click,646,591,left,released,0,0,0.0,0.0,2026-07-26 18:12:01.469651
movement,646,591,none,moved,0,0,0.0,0.0,2026-07-26 18:12:02.088216
movement,639,583,none,moved,0,0,203.7175,0.0,2026-07-26 18:12:02.143142
movement,633,578,none,moved,0,0,214.4174,0.0,2026-07-26 18:12:02.197634
movement,631,577,none,moved,0,0,73.2361,0.0,2026-07-26 18:12:02.259373
movement,626,575,none,moved,0,0,145.0664,0.0,2026-07-26 18:12:02.314447
movement,620,573,none,moved,0,0,39.8399,0.0,2026-07-26 18:12:02.380577
movement,613,570,none,moved,0,0,138.6638,0.0,2026-07-26 18:12:02.431094
movement,609,568,none,moved,0,0,34.1596,0.0,2026-07-26 18:12:02.520147
movement,609,568,none,moved,0,0,0.0,0.0,2026-07-26 18:12:02.602278
movement,609,568,none,moved,0,0,0.0,0.0,2026-07-26 18:12:02.678275
movement,607,567,none,moved,0,0,34.2092,0.0,2026-07-26 18:12:02.768150
movement,607,567,none,moved,0,0,0.0,0.0,2026-07-26 18:12:03.472178
movement,616,581,none,moved,0,0,157.4384,0.0,2026-07-26 18:12:03.533553
movement,626,595,none,moved,0,0,207.0453,0.0,2026-07-26 18:12:03.587834
movement,628,599,none,moved,0,0,16.068,0.0,2026-07-26 18:12:03.698606
movement,629,602,none,moved,0,0,28.9035,0.0,2026-07-26 18:12:03.774284
movement,630,603,none,moved,0,0,18.0956,0.0,2026-07-26 18:12:03.863581
click,630,603,left,pressed,0,0,0.0,0.0,2026-07-26 18:12:04.135223
click,630,603,left,released,0,0,0.0,0.0,2026-07-26 18:12:04.352680
idle,630,603,none,idle_start,0,0,0.0,0.0,2026-07-26 18:12:05.493077
scroll,630,603,none,scrolled_down,0,0,0.0,0.0,2026-07-26 18:12:36.556636
scroll,630,603,none,scrolled_down,0,0,0.0,0.0,2026-07-26 18:12:36.570187
scroll,630,603,none,scrolled_down,0,0,0.0,0.0,2026-07-26 18:12:36.585514
scroll,630,603,none,scrolled_down,0,0,0.0,0.0,2026-07-26 18:12:36.598256
scroll,630,603,none,scrolled_down,0,0,0.0,0.0,2026-07-26 18:12:36.604832
scroll,630,603,none,scrolled_down,0,0,0.0,0.0,2026-07-26 18:12:36.611246
scroll,630,603,none,scrolled_down,0,0,0.0,0.0,2026-07-26 18:12:36.618272
scroll,630,603,none,scrolled_down,0,0,0.0,0.0,2026-07-26 18:12:36.624839
scroll,630,603,none,scrolled_down,0,0,0.0,0.0,2026-07-26 18:12:36.631645
scroll,630,603,none,scrolled_down,0,0,0.0,0.0,2026-07-26 18:12:36.638395
scroll,630,603,none,scrolled_down,0,0,0.0,0.0,2026-07-26 18:12:36.645439
scroll,630,603,none,scrolled_down,0,0,0.0,0.0,2026-07-26 18:12:36.652706
scroll,630,603,none,scrolled_down,0,0,0.0,0.0,2026-07-26 18:12:36.658995
scroll,630,603,none,scrolled_down,0,0,0.0,0.0,2026-07-26 18:12:36.666759
scroll,630,603,none,scrolled_down,0,0,0.0,0.0,2026-07-26 18:12:36.672647
scroll,630,603,none,scrolled_down,0,0,0.0,0.0,2026-07-26 18:12:36.679863
scroll,630,603,none,scrolled_down,0,0,0.0,0.0,2026-07-26 18:12:36.686555
scroll,630,603,none,scrolled_down,0,0,0.0,0.0,2026-07-26 18:12:36.693183
scroll,630,603,none,scrolled_down,0,0,0.0,0.0,2026-07-26 18:12:36.700202
scroll,630,603,none,scrolled_down,0,0,0.0,0.0,2026-07-26 18:12:36.713598
scroll,630,603,none,scrolled_down,0,0,0.0,0.0,2026-07-26 18:12:36.720567
scroll,630,603,none,scrolled_down,0,0,0.0,0.0,2026-07-26 18:12:36.727402
scroll,630,603,none,scrolled_down,0,0,0.0,0.0,2026-07-26 18:12:36.734493
scroll,630,603,none,scrolled_down,0,0,0.0,0.0,2026-07-26 18:12:36.748241
scroll,630,603,none,scrolled_down,0,0,0.0,0.0,2026-07-26 18:12:36.755576
scroll,630,603,none,scrolled_down,0,0,0.0,0.0,2026-07-26 18:12:36.768878
scroll,630,603,none,scrolled_down,0,0,0.0,0.0,2026-07-26 18:12:36.775608
scroll,630,603,none,scrolled_down,0,0,0.0,0.0,2026-07-26 18:12:36.782891
scroll,630,603,none,scrolled_down,0,0,0.0,0.0,2026-07-26 18:12:36.789587
scroll,630,603,none,scrolled_down,0,0,0.0,0.0,2026-07-26 18:12:36.803442
scroll,630,603,none,scrolled_down,0,0,0.0,0.0,2026-07-26 18:12:36.810222
scroll,630,603,none,scrolled_down,0,0,0.0,0.0,2026-07-26 18:12:36.824430
scroll,630,603,none,scrolled_down,0,0,0.0,0.0,2026-07-26 18:12:36.830832
scroll,630,603,none,scrolled_down,0,0,0.0,0.0,2026-07-26 18:12:36.845237
scroll,630,603,none,scrolled_down,0,0,0.0,0.0,2026-07-26 18:12:36.859240
scroll,630,603,none,scrolled_down,0,0,0.0,0.0,2026-07-26 18:12:36.879134
scroll,630,603,none,scrolled_down,0,0,0.0,0.0,2026-07-26 18:12:36.892570
scroll,630,603,none,scrolled_down,0,0,0.0,0.0,2026-07-26 18:12:36.914042
scroll,630,603,none,scrolled_down,0,0,0.0,0.0,2026-07-26 18:12:36.927358
scroll,630,603,none,scrolled_down,0,0,0.0,0.0,2026-07-26 18:12:36.948068
scroll,630,603,none,scrolled_down,0,0,0.0,0.0,2026-07-26 18:12:36.989024
scroll,630,603,none,scrolled_down,0,-1,0.0,0.0,2026-07-26 18:12:37.152871
scroll,630,603,none,scrolled_down,0,-1,0.0,0.0,2026-07-26 18:12:37.172495
scroll,630,603,none,scrolled_down,0,-1,0.0,0.0,2026-07-26 18:12:37.178419
scroll,630,603,none,scrolled_down,0,-1,0.0,0.0,2026-07-26 18:12:37.185913
scroll,630,603,none,scrolled_down,0,-1,0.0,0.0,2026-07-26 18:12:37.202336
scroll,630,603,none,scrolled_down,0,-1,0.0,0.0,2026-07-26 18:12:37.207853
scroll,630,603,none,scrolled_down,0,-1,0.0,0.0,2026-07-26 18:12:37.214837
scroll,630,603,none,scrolled_down,0,-1,0.0,0.0,2026-07-26 18:12:37.221456
scroll,630,603,none,scrolled_down,0,-1,0.0,0.0,2026-07-26 18:12:37.278315
scroll,630,603,none,scrolled_down,0,-1,0.0,0.0,2026-07-26 18:12:37.295216
scroll,630,603,none,scrolled_down,0,-1,0.0,0.0,2026-07-26 18:12:37.340360
scroll,630,603,none,scrolled_down,0,-1,0.0,0.0,2026-07-26 18:12:37.344624
scroll,630,603,none,scrolled_down,0,-1,0.0,0.0,2026-07-26 18:12:37.351830
scroll,630,603,none,scrolled_down,0,-1,0.0,0.0,2026-07-26 18:12:37.362150
scroll,630,603,none,scrolled_down,0,-1,0.0,0.0,2026-07-26 18:12:37.371059
scroll,630,603,none,scrolled_down,0,-1,0.0,0.0,2026-07-26 18:12:37.379147
scroll,630,603,none,scrolled_down,0,-1,0.0,0.0,2026-07-26 18:12:37.385868
scroll,630,603,none,scrolled_down,0,-1,0.0,0.0,2026-07-26 18:12:37.392835
scroll,630,603,none,scrolled_down,0,-1,0.0,0.0,2026-07-26 18:12:37.400170
scroll,630,603,none,scrolled_down,0,-1,0.0,0.0,2026-07-26 18:12:37.406608
scroll,630,603,none,scrolled_down,0,-1,0.0,0.0,2026-07-26 18:12:37.413587
scroll,630,603,none,scrolled_down,0,-1,0.0,0.0,2026-07-26 18:12:37.420270
scroll,630,603,none,scrolled_down,0,-1,0.0,0.0,2026-07-26 18:12:37.427370
scroll,630,603,none,scrolled_down,0,-1,0.0,0.0,2026-07-26 18:12:37.434495
scroll,630,603,none,scrolled_down,0,-1,0.0,0.0,2026-07-26 18:12:37.441069
scroll,630,603,none,scrolled_down,0,-1,0.0,0.0,2026-07-26 18:12:37.447839
scroll,630,603,none,scrolled_down,0,-1,0.0,0.0,2026-07-26 18:12:37.455012
scroll,630,603,none,scrolled_down,0,-1,0.0,0.0,2026-07-26 18:12:37.461789
scroll,630,603,none,scrolled_down,0,-1,0.0,0.0,2026-07-26 18:12:37.468815
scroll,630,603,none,scrolled_down,0,-1,0.0,0.0,2026-07-26 18:12:37.475550
scroll,630,603,none,scrolled_down,0,-1,0.0,0.0,2026-07-26 18:12:37.482478
scroll,630,603,none,scrolled_down,0,-1,0.0,0.0,2026-07-26 18:12:37.489318
scroll,630,603,none,scrolled_down,0,-1,0.0,0.0,2026-07-26 18:12:37.496017
scroll,630,603,none,scrolled_down,0,-1,0.0,0.0,2026-07-26 18:12:37.502880
scroll,630,603,none,scrolled_down,0,-1,0.0,0.0,2026-07-26 18:12:37.509884
scroll,630,603,none,scrolled_down,0,-1,0.0,0.0,2026-07-26 18:12:37.516734
scroll,630,603,none,scrolled_down,0,-1,0.0,0.0,2026-07-26 18:12:37.523499
scroll,630,603,none,scrolled_down,0,-1,0.0,0.0,2026-07-26 18:12:37.530562
scroll,630,603,none,scrolled_down,0,-1,0.0,0.0,2026-07-26 18:12:37.557471
scroll,630,603,none,scrolled_down,0,-1,0.0,0.0,2026-07-26 18:12:37.558896
scroll,630,603,none,scrolled_down,0,-1,0.0,0.0,2026-07-26 18:12:37.560950
scroll,630,603,none,scrolled_down,0,-1,0.0,0.0,2026-07-26 18:12:37.568236
scroll,630,603,none,scrolled_down,0,-1,0.0,0.0,2026-07-26 18:12:37.575127
scroll,630,603,none,scrolled_down,0,-1,0.0,0.0,2026-07-26 18:12:37.581980
scroll,630,603,none,scrolled_down,0,-1,0.0,0.0,2026-07-26 18:12:37.588696
scroll,630,603,none,scrolled_down,0,-1,0.0,0.0,2026-07-26 18:12:37.603561
scroll,630,603,none,scrolled_down,0,-1,0.0,0.0,2026-07-26 18:12:37.609064
scroll,630,603,none,scrolled_down,0,-1,0.0,0.0,2026-07-26 18:12:37.623094
scroll,630,603,none,scrolled_down,0,-1,0.0,0.0,2026-07-26 18:12:37.636922
scroll,630,603,none,scrolled_down,0,-1,0.0,0.0,2026-07-26 18:12:37.650752
scroll,630,603,none,scrolled_down,0,-1,0.0,0.0,2026-07-26 18:12:37.684865
scroll,630,603,none,scrolled_down,0,-1,0.0,0.0,2026-07-26 18:12:37.733220
scroll,630,603,none,scrolled_down,0,-1,0.0,0.0,2026-07-26 18:12:37.775205
scroll,630,603,none,scrolled_down,0,-1,0.0,0.0,2026-07-26 18:12:37.795264
scroll,630,603,none,scrolled_down,0,-1,0.0,0.0,2026-07-26 18:12:37.830363
idle,630,603,none,idle_end,0,0,0.0,36.2881,2026-07-26 18:12:41.781193
movement,630,603,none,moved,0,0,0.0,0.0,2026-07-26 18:12:41.788331
movement,620,600,none,moved,0,0,462.7736,0.0,2026-07-26 18:12:41.832203
movement,463,522,none,moved,0,0,5534.5085,0.0,2026-07-26 18:12:41.887594
movement,96,329,none,moved,0,0,6684.5746,0.0,2026-07-26 18:12:41.943679
movement,-11,191,none,moved,0,0,1244.3539,0.0,2026-07-26 18:12:41.997493
movement,0,181,none,moved,0,0,0.0,0.0,2026-07-26 18:12:42.059706
movement,3,177,none,moved,0,0,48.6691,0.0,2026-07-26 18:12:42.128187
movement,10,170,none,moved,0,0,352.6774,0.0,2026-07-26 18:12:42.182740
movement,31,138,none,moved,0,0,743.7795,0.0,2026-07-26 18:12:42.238920
movement,70,90,none,moved,0,0,674.3152,0.0,2026-07-26 18:12:42.296908
movement,90,35,none,moved,0,0,1008.8512,0.0,2026-07-26 18:12:42.347501
movement,100,-7,none,moved,0,0,264.5581,0.0,2026-07-26 18:12:42.402456
movement,74,-6,none,moved,0,0,676.6098,0.0,2026-07-26 18:12:42.456895
movement,12,-6,none,moved,0,0,1680.9115,0.0,2026-07-26 18:12:42.511331
movement,-7,-1,none,moved,0,0,428.0193,0.0,2026-07-26 18:12:42.566042
movement,0,0,none,moved,0,0,206.1244,0.0,2026-07-26 18:12:42.620960
movement,2,1,none,moved,0,0,123.6929,0.0,2026-07-26 18:12:42.676932
movement,18,6,none,moved,0,0,893.9994,0.0,2026-07-26 18:12:42.730559
movement,166,31,none,moved,0,0,3881.8283,0.0,2026-07-26 18:12:42.785652
movement,316,41,none,moved,0,0,2145.6435,0.0,2026-07-26 18:12:42.840705
movement,429,19,none,moved,0,0,2122.2542,0.0,2026-07-26 18:12:42.895362
movement,525,-3,none,moved,0,0,2073.4206,0.0,2026-07-26 18:12:42.950257
movement,585,3,none,moved,0,0,780.0462,0.0,2026-07-26 18:12:43.005161
movement,631,31,none,moved,0,0,857.4709,0.0,2026-07-26 18:12:43.059987
movement,648,50,none,moved,0,0,396.0501,0.0,2026-07-26 18:12:43.115117
movement,656,58,none,moved,0,0,145.3378,0.0,2026-07-26 18:12:43.169814
movement,657,64,none,moved,0,0,293.8628,0.0,2026-07-26 18:12:43.224561
movement,643,83,none,moved,0,0,613.5758,0.0,2026-07-26 18:12:43.279766
movement,586,120,none,moved,0,0,1457.0085,0.0,2026-07-26 18:12:43.334654
movement,531,165,none,moved,0,0,1085.0799,0.0,2026-07-26 18:12:43.390033
movement,517,192,none,moved,0,0,487.7098,0.0,2026-07-26 18:12:43.444358
movement,530,207,none,moved,0,0,614.9965,0.0,2026-07-26 18:12:43.499770
movement,562,227,none,moved,0,0,411.8338,0.0,2026-07-26 18:12:43.553693
movement,579,232,none,moved,0,0,145.4487,0.0,2026-07-26 18:12:43.609075
movement,582,232,none,moved,0,0,41.2148,0.0,2026-07-26 18:12:43.681499
movement,584,232,none,moved,0,0,39.9762,0.0,2026-07-26 18:12:43.734135
movement,592,239,none,moved,0,0,323.7177,0.0,2026-07-26 18:12:43.786872
movement,602,251,none,moved,0,0,198.5886,0.0,2026-07-26 18:12:43.842360
movement,604,256,none,moved,0,0,66.6302,0.0,2026-07-26 18:12:43.905697
movement,605,258,none,moved,0,0,140.9282,0.0,2026-07-26 18:12:43.959411
movement,608,261,none,moved,0,0,73.431,0.0,2026-07-26 18:12:44.013379
movement,612,264,none,moved,0,0,106.973,0.0,2026-07-26 18:12:44.068816
movement,614,264,none,moved,0,0,36.3912,0.0,2026-07-26 18:12:44.136821
movement,615,264,none,moved,0,0,18.4976,0.0,2026-07-26 18:12:44.190888
movement,616,264,none,moved,0,0,0.0,0.0,2026-07-26 18:12:44.253437
movement,616,262,none,moved,0,0,0.0,0.0,2026-07-26 18:12:44.315086
movement,616,263,none,moved,0,0,1.6455,0.0,2026-07-26 18:12:44.922816
movement,616,279,none,moved,0,0,0.0,0.0,2026-07-26 18:12:44.976552
movement,615,287,none,moved,0,0,0.0,0.0,2026-07-26 18:12:45.031705
movement,614,292,none,moved,0,0,151.7037,0.0,2026-07-26 18:12:45.086282
movement,614,294,none,moved,0,0,48.1473,0.0,2026-07-26 18:12:45.148246
movement,615,298,none,moved,0,0,103.4054,0.0,2026-07-26 18:12:45.202827
movement,615,301,none,moved,0,0,36.6171,0.0,2026-07-26 18:12:45.271445
click,615,302,left,pressed,0,0,0.0,0.0,2026-07-26 18:12:45.604502
click,615,302,left,released,0,0,0.0,0.0,2026-07-26 18:12:45.829840
movement,613,302,none,moved,0,0,1.6661,0.0,2026-07-26 18:12:46.506084
movement,555,307,none,moved,0,0,1020.5829,0.0,2026-07-26 18:12:46.560741
movement,512,305,none,moved,0,0,732.2969,0.0,2026-07-26 18:12:46.615440
movement,480,304,none,moved,0,0,211.9299,0.0,2026-07-26 18:12:46.670905
movement,430,300,none,moved,0,0,1051.8587,0.0,2026-07-26 18:12:46.725140
movement,364,295,none,moved,0,0,1090.2438,0.0,2026-07-26 18:12:46.780518
movement,296,291,none,moved,0,0,1485.1207,0.0,2026-07-26 18:12:46.834975
movement,223,281,none,moved,0,0,1118.3303,0.0,2026-07-26 18:12:46.889872
movement,157,272,none,moved,0,0,1035.8413,0.0,2026-07-26 18:12:46.944669
movement,120,267,none,moved,0,0,594.2599,0.0,2026-07-26 18:12:46.999554
movement,108,267,none,moved,0,0,0.0,0.0,2026-07-26 18:12:47.068338
movement,109,264,none,moved,0,0,0.0,0.0,2026-07-26 18:12:47.130511
movement,110,258,none,moved,0,0,167.4573,0.0,2026-07-26 18:12:47.184998
movement,114,251,none,moved,0,0,0.0,0.0,2026-07-26 18:12:47.239885
movement,116,245,none,moved,0,0,147.1892,0.0,2026-07-26 18:12:47.294793
movement,119,239,none,moved,0,0,76.1756,0.0,2026-07-26 18:12:47.356762
movement,120,238,none,moved,0,0,0.0,0.0,2026-07-26 18:12:47.452698
movement,119,238,none,moved,0,0,16.1817,0.0,2026-07-26 18:12:47.549155
movement,118,239,none,moved,0,0,0.0,0.0,2026-07-26 18:12:48.243393
movement,118,238,none,moved,0,0,0.0,0.0,2026-07-26 18:12:48.304838
movement,117,236,none,moved,0,0,0.0,0.0,2026-07-26 18:12:48.360750
movement,116,231,none,moved,0,0,0.0,0.0,2026-07-26 18:12:48.414921
movement,115,227,none,moved,0,0,48.252,0.0,2026-07-26 18:12:48.476536
movement,114,226,none,moved,0,0,9.1104,0.0,2026-07-26 18:12:48.606681
movement,114,228,none,moved,0,0,1.3295,0.0,2026-07-26 18:12:49.372738
movement,114,248,none,moved,0,0,421.2982,0.0,2026-07-26 18:12:49.427428
movement,115,270,none,moved,0,0,431.5572,0.0,2026-07-26 18:12:49.481900
movement,117,285,none,moved,0,0,154.3953,0.0,2026-07-26 18:12:49.536575
movement,117,294,none,moved,0,0,143.9981,0.0,2026-07-26 18:12:49.591667
movement,117,298,none,moved,0,0,71.7147,0.0,2026-07-26 18:12:49.653555
movement,117,304,none,moved,0,0,131.5241,0.0,2026-07-26 18:12:49.708696
movement,117,317,none,moved,0,0,277.649,0.0,2026-07-26 18:12:49.763813
movement,120,330,none,moved,0,0,153.0544,0.0,2026-07-26 18:12:49.817736
movement,128,341,none,moved,0,0,206.1602,0.0,2026-07-26 18:12:49.872495
movement,139,357,none,moved,0,0,452.8974,0.0,2026-07-26 18:12:49.927473
movement,149,389,none,moved,0,0,570.8764,0.0,2026-07-26 18:12:49.982578
movement,149,415,none,moved,0,0,462.8705,0.0,2026-07-26 18:12:50.037140
movement,141,433,none,moved,0,0,204.9988,0.0,2026-07-26 18:12:50.092016
movement,131,445,none,moved,0,0,195.8801,0.0,2026-07-26 18:12:50.147196
movement,114,458,none,moved,0,0,416.6942,0.0,2026-07-26 18:12:50.201781
movement,93,468,none,moved,0,0,333.2889,0.0,2026-07-26 18:12:50.256498
movement,87,473,none,moved,0,0,143.611,0.0,2026-07-26 18:12:50.311386
movement,87,473,none,moved,0,0,0.0,0.0,2026-07-26 18:12:50.434960
movement,87,473,none,moved,0,0,0.0,0.0,2026-07-26 18:12:50.496906
movement,88,473,none,moved,0,0,2.9486,0.0,2026-07-26 18:12:51.202317
movement,88,487,none,moved,0,0,146.6642,0.0,2026-07-26 18:12:51.255875
movement,88,489,none,moved,0,0,0.0,0.0,2026-07-26 18:12:51.332115
movement,88,491,none,moved,0,0,40.3318,0.0,2026-07-26 18:12:51.387317
movement,88,493,none,moved,0,0,48.5132,0.0,2026-07-26 18:12:51.439138
movement,88,495,none,moved,0,0,48.9954,0.0,2026-07-26 18:12:51.494355
movement,88,498,none,moved,0,0,72.708,0.0,2026-07-26 18:12:51.555990
movement,88,511,none,moved,0,0,440.4394,0.0,2026-07-26 18:12:51.611417
movement,86,533,none,moved,0,0,371.046,0.0,2026-07-26 18:12:51.665581
movement,85,540,none,moved,0,0,12.0595,0.0,2026-07-26 18:12:51.789692
click,85,540,left,pressed,0,0,0.0,0.0,2026-07-26 18:12:52.080446
click,85,540,left,released,0,0,0.0,0.0,2026-07-26 18:12:52.303026
movement,90,538,none,moved,0,0,6.5767,0.0,2026-07-26 18:12:52.608513
movement,185,524,none,moved,0,0,2261.396,0.0,2026-07-26 18:12:52.663508
movement,262,514,none,moved,0,0,339.1119,0.0,2026-07-26 18:12:52.720282
movement,303,510,none,moved,0,0,443.4506,0.0,2026-07-26 18:12:52.771695
movement,321,514,none,moved,0,0,204.3757,0.0,2026-07-26 18:12:52.830643
movement,353,522,none,moved,0,0,918.3599,0.0,2026-07-26 18:12:52.881669
movement,386,528,none,moved,0,0,293.6674,0.0,2026-07-26 18:12:52.936734
movement,393,528,none,moved,0,0,0.0,0.0,2026-07-26 18:12:52.998640
movement,396,525,none,moved,0,0,205.9812,0.0,2026-07-26 18:12:53.053520
movement,416,515,none,moved,0,0,394.0505,0.0,2026-07-26 18:12:53.108181
movement,436,501,none,moved,0,0,349.8771,0.0,2026-07-26 18:12:53.163918
movement,443,496,none,moved,0,0,147.479,0.0,2026-07-26 18:12:53.217746
movement,446,494,none,moved,0,0,68.6938,0.0,2026-07-26 18:12:53.272788
movement,448,493,none,moved,0,0,36.5173,0.0,2026-07-26 18:12:53.334579
movement,448,493,none,moved,0,0,0.0,0.0,2026-07-26 18:12:53.390097
movement,448,492,none,moved,0,0,18.0745,0.0,2026-07-26 18:12:53.445426
movement,449,490,none,moved,0,0,2.3103,0.0,2026-07-26 18:12:54.076912
movement,464,469,none,moved,0,0,510.9219,0.0,2026-07-26 18:12:54.132381
movement,470,461,none,moved,0,0,52.2814,0.0,2026-07-26 18:12:54.200544
movement,470,463,none,moved,0,0,0.0,0.0,2026-07-26 18:12:54.279687
movement,469,465,none,moved,0,0,0.0,0.0,2026-07-26 18:12:54.337686
movement,468,468,none,moved,0,0,51.1927,0.0,2026-07-26 18:12:54.413334
movement,468,469,none,moved,0,0,36.7367,0.0,2026-07-26 18:12:54.481622
movement,467,470,none,moved,0,0,0.0,0.0,2026-07-26 18:12:54.565793
movement,467,471,none,moved,0,0,33.2438,0.0,2026-07-26 18:12:54.640310
movement,467,474,none,moved,0,0,6.7254,0.0,2026-07-26 18:12:55.086380
movement,475,490,none,moved,0,0,65.6458,0.0,2026-07-26 18:12:55.149249
movement,475,490,none,moved,0,0,0.0,0.0,2026-07-26 18:12:55.250786
movement,475,492,none,moved,0,0,47.397,0.0,2026-07-26 18:12:55.306334
movement,475,497,none,moved,0,0,0.0,0.0,2026-07-26 18:12:55.361200
movement,474,504,none,moved,0,0,69.6416,0.0,2026-07-26 18:12:55.415983
movement,474,506,none,moved,0,0,29.2164,0.0,2026-07-26 18:12:55.477926
movement,473,507,none,moved,0,0,20.8169,0.0,2026-07-26 18:12:55.545861
movement,473,510,none,moved,0,0,50.7036,0.0,2026-07-26 18:12:55.614601
movement,473,513,none,moved,0,0,0.0,0.0,2026-07-26 18:12:55.669014
click,473,513,left,pressed,0,0,0.0,0.0,2026-07-26 18:12:55.972706
click,473,513,left,released,0,0,0.0,0.0,2026-07-26 18:12:56.197148
movement,470,513,none,moved,0,0,3.5546,0.0,2026-07-26 18:12:56.512991
movement,408,513,none,moved,0,0,1395.3107,0.0,2026-07-26 18:12:56.567626
movement,354,520,none,moved,0,0,1028.2636,0.0,2026-07-26 18:12:56.622358
movement,318,535,none,moved,0,0,632.4386,0.0,2026-07-26 18:12:56.677392
movement,296,544,none,moved,0,0,443.3895,0.0,2026-07-26 18:12:56.732267
movement,286,548,none,moved,0,0,206.4688,0.0,2026-07-26 18:12:56.786896
movement,283,550,none,moved,0,0,0.0,0.0,2026-07-26 18:12:56.855547
movement,283,550,none,moved,0,0,0.0,0.0,2026-07-26 18:12:56.951567
movement,284,548,none,moved,0,0,33.9552,0.0,2026-07-26 18:12:57.034146
movement,284,546,none,moved,0,0,36.3401,0.0,2026-07-26 18:12:57.088718
movement,276,543,none,moved,0,0,452.5266,0.0,2026-07-26 18:12:57.143618
movement,262,541,none,moved,0,0,295.1449,0.0,2026-07-26 18:12:57.198496
movement,259,541,none,moved,0,0,20.8611,0.0,2026-07-26 18:12:57.273780
movement,259,540,none,moved,0,0,14.4513,0.0,2026-07-26 18:12:57.342984
movement,259,539,none,moved,0,0,16.274,0.0,2026-07-26 18:12:57.404425
click,259,539,left,pressed,0,0,0.0,0.0,2026-07-26 18:12:57.757301
click,259,539,left,released,0,0,0.0,0.0,2026-07-26 18:12:57.973974
movement,259,540,none,moved,0,0,0.7832,0.0,2026-07-26 18:12:58.681238
movement,254,560,none,moved,0,0,362.03,0.0,2026-07-26 18:12:58.735460
movement,251,575,none,moved,0,0,132.6682,0.0,2026-07-26 18:12:58.790744
movement,250,578,none,moved,0,0,0.0,0.0,2026-07-26 18:12:58.845142
movement,250,580,none,moved,0,0,0.0,0.0,2026-07-26 18:12:58.907062
movement,250,584,none,moved,0,0,155.7657,0.0,2026-07-26 18:12:58.961394
click,250,585,left,pressed,0,0,0.0,0.0,2026-07-26 18:12:59.244025
click,250,585,left,released,0,0,0.0,0.0,2026-07-26 18:12:59.466422
movement,250,584,none,moved,0,0,1.1481,0.0,2026-07-26 18:12:59.854443
movement,235,568,none,moved,0,0,401.6007,0.0,2026-07-26 18:12:59.909344
movement,228,563,none,moved,0,0,147.1841,0.0,2026-07-26 18:12:59.964156
movement,223,560,none,moved,0,0,51.7785,0.0,2026-07-26 18:13:00.039531
movement,220,560,none,moved,0,0,149.2847,0.0,2026-07-26 18:13:00.094324
movement,212,557,none,moved,0,0,144.0401,0.0,2026-07-26 18:13:00.149355
movement,207,555,none,moved,0,0,48.0326,0.0,2026-07-26 18:13:00.218122
movement,204,553,none,moved,0,0,0.0,0.0,2026-07-26 18:13:00.272743
movement,199,548,none,moved,0,0,99.5793,0.0,2026-07-26 18:13:00.335097
movement,199,546,none,moved,0,0,45.3144,0.0,2026-07-26 18:13:00.403207
movement,199,545,none,moved,0,0,0.0,0.0,2026-07-26 18:13:00.499193
movement,199,543,none,moved,0,0,29.9799,0.0,2026-07-26 18:13:00.581474
movement,199,542,none,moved,0,0,0.0,0.0,2026-07-26 18:13:00.650202
movement,199,541,none,moved,0,0,20.8904,0.0,2026-07-26 18:13:00.732360
movement,199,540,none,moved,0,0,11.1834,0.0,2026-07-26 18:13:00.821774
click,199,540,left,pressed,0,0,0.0,0.0,2026-07-26 18:13:01.543362
click,199,540,left,released,0,0,0.0,0.0,2026-07-26 18:13:01.821010
click,199,540,left,pressed,0,0,0.0,0.0,2026-07-26 18:13:01.882434
movement,199,541,none,moved,0,0,0.7467,0.0,2026-07-26 18:13:02.161015
movement,202,568,none,moved,0,0,508.7388,0.0,2026-07-26 18:13:02.216067
movement,207,587,none,moved,0,0,209.3102,0.0,2026-07-26 18:13:02.269742
movement,207,592,none,moved,0,0,72.443,0.0,2026-07-26 18:13:02.324666
movement,207,593,none,moved,0,0,0.0,0.0,2026-07-26 18:13:02.964404
movement,207,591,none,moved,0,0,0.0,0.0,2026-07-26 18:13:03.024303
click,207,590,left,released,0,0,0.0,0.0,2026-07-26 18:13:03.051955
movement,207,589,none,moved,0,0,2.6164,0.0,2026-07-26 18:13:03.427047
movement,206,570,none,moved,0,0,291.7574,0.0,2026-07-26 18:13:03.481882
click,206,568,left,pressed,0,0,0.0,0.0,2026-07-26 18:13:03.782541
click,206,568,left,released,0,0,0.0,0.0,2026-07-26 18:13:04.000687
movement,206,567,none,moved,0,0,1.1057,0.0,2026-07-26 18:13:04.399937
movement,198,557,none,moved,0,0,205.4817,0.0,2026-07-26 18:13:04.454640
movement,195,554,none,moved,0,0,73.4104,0.0,2026-07-26 18:13:04.509510
movement,191,550,none,moved,0,0,163.3566,0.0,2026-07-26 18:13:04.561297
movement,188,542,none,moved,0,0,0.0,0.0,2026-07-26 18:13:04.612835
movement,186,538,none,moved,0,0,14.7734,0.0,2026-07-26 18:13:04.751695
movement,186,538,none,moved,0,0,0.0,0.0,2026-07-26 18:13:04.813280
movement,186,539,none,moved,0,0,2.056,0.0,2026-07-26 18:13:05.299655
movement,201,581,none,moved,0,0,647.4577,0.0,2026-07-26 18:13:05.352282
movement,211,606,none,moved,0,0,327.3331,0.0,2026-07-26 18:13:05.407096
movement,214,616,none,moved,0,0,101.2329,0.0,2026-07-26 18:13:05.462606
movement,214,619,none,moved,0,0,48.6974,0.0,2026-07-26 18:13:05.523593
movement,214,619,none,moved,0,0,0.0,0.0,2026-07-26 18:13:05.599296
click,214,617,left,pressed,0,0,0.0,0.0,2026-07-26 18:13:05.886426
click,214,617,left,released,0,0,0.0,0.0,2026-07-26 18:13:06.105790
movement,217,616,none,moved,0,0,2.3967,0.0,2026-07-26 18:13:06.939533
movement,271,590,none,moved,0,0,1099.7338,0.0,2026-07-26 18:13:06.993991
movement,321,562,none,moved,0,0,1009.5894,0.0,2026-07-26 18:13:07.048884
movement,343,552,none,moved,0,0,149.5882,0.0,2026-07-26 18:13:07.104023
movement,344,549,none,moved,0,0,48.5457,0.0,2026-07-26 18:13:07.159118
click,344,549,left,pressed,0,0,0.0,0.0,2026-07-26 18:13:07.364318
movement,346,551,none,moved,0,0,6.7259,0.0,2026-07-26 18:13:07.586254
movement,423,611,none,moved,0,0,1773.0151,0.0,2026-07-26 18:13:07.640900
movement,456,634,none,moved,0,0,206.0671,0.0,2026-07-26 18:13:07.695650
movement,459,638,none,moved,0,0,48.5064,0.0,2026-07-26 18:13:07.757513
movement,461,640,none,moved,0,0,103.8271,0.0,2026-07-26 18:13:07.820259
movement,502,673,none,moved,0,0,1614.474,0.0,2026-07-26 18:13:07.874374
movement,550,723,none,moved,0,0,839.7468,0.0,2026-07-26 18:13:07.929271
movement,566,753,none,moved,0,0,324.3895,0.0,2026-07-26 18:13:07.983894
movement,573,771,none,moved,0,0,81.0306,0.0,2026-07-26 18:13:08.044359
movement,572,774,none,moved,0,0,68.0812,0.0,2026-07-26 18:13:08.100848
movement,572,775,none,moved,0,0,0.0,0.0,2026-07-26 18:13:08.258783
movement,573,773,none,moved,0,0,71.213,0.0,2026-07-26 18:13:08.320632
movement,576,768,none,moved,0,0,143.6848,0.0,2026-07-26 18:13:08.375420
movement,578,766,none,moved,0,0,0.0,0.0,2026-07-26 18:13:08.471408
movement,579,766,none,moved,0,0,11.1186,0.0,2026-07-26 18:13:08.561352
movement,581,763,none,moved,0,0,71.03,0.0,2026-07-26 18:13:08.630380
movement,591,756,none,moved,0,0,405.0699,0.0,2026-07-26 18:13:08.683975
movement,612,736,none,moved,0,0,385.9736,0.0,2026-07-26 18:13:08.739011
movement,646,707,none,moved,0,0,720.6708,0.0,2026-07-26 18:13:08.793641
movement,670,688,none,moved,0,0,205.924,0.0,2026-07-26 18:13:08.848479
movement,678,681,none,moved,0,0,54.975,0.0,2026-07-26 18:13:08.922168
movement,678,680,none,moved,0,0,0.0,0.0,2026-07-26 18:13:08.986046
movement,678,678,none,moved,0,0,0.0,0.0,2026-07-26 18:13:09.040763
movement,679,669,none,moved,0,0,435.0336,0.0,2026-07-26 18:13:09.095623
movement,682,633,none,moved,0,0,1036.252,0.0,2026-07-26 18:13:09.150378
movement,681,575,none,moved,0,0,775.4306,0.0,2026-07-26 18:13:09.205305
movement,677,520,none,moved,0,0,1229.9496,0.0,2026-07-26 18:13:09.260203
movement,674,475,none,moved,0,0,611.0583,0.0,2026-07-26 18:13:09.316462
movement,672,449,none,moved,0,0,147.019,0.0,2026-07-26 18:13:09.369949
movement,672,445,none,moved,0,0,17.0675,0.0,2026-07-26 18:13:09.456055
movement,671,446,none,moved,0,0,29.5045,0.0,2026-07-26 18:13:09.534691
movement,670,447,none,moved,0,0,20.795,0.0,2026-07-26 18:13:09.617143
click,670,447,left,released,0,0,0.0,0.0,2026-07-26 18:13:09.644669
click,670,447,right,pressed,0,0,0.0,0.0,2026-07-26 18:13:10.232355
click,670,447,right,released,0,0,0.0,0.0,2026-07-26 18:13:10.295296
movement,672,449,none,moved,0,0,1.8642,0.0,2026-07-26 18:13:11.134385
movement,691,481,none,moved,0,0,705.2486,0.0,2026-07-26 18:13:11.189779
movement,700,506,none,moved,0,0,459.6782,0.0,2026-07-26 18:13:11.244781
movement,704,528,none,moved,0,0,630.5565,0.0,2026-07-26 18:13:11.299102
movement,706,567,none,moved,0,0,624.1988,0.0,2026-07-26 18:13:11.354156
movement,708,599,none,moved,0,0,436.9674,0.0,2026-07-26 18:13:11.409046
movement,708,631,none,moved,0,0,600.9247,0.0,2026-07-26 18:13:11.463894
movement,707,649,none,moved,0,0,286.7214,0.0,2026-07-26 18:13:11.518929
movement,705,663,none,moved,0,0,145.5648,0.0,2026-07-26 18:13:11.573708
movement,705,674,none,moved,0,0,73.3091,0.0,2026-07-26 18:13:11.635547
movement,704,676,none,moved,0,0,0.0,0.0,2026-07-26 18:13:11.732607
movement,706,671,none,moved,0,0,103.604,0.0,2026-07-26 18:13:11.790613
movement,704,671,none,moved,0,0,3.8531,0.0,2026-07-26 18:13:12.309671
movement,644,665,none,moved,0,0,1274.2317,0.0,2026-07-26 18:13:12.365688
movement,585,660,none,moved,0,0,565.8802,0.0,2026-07-26 18:13:12.419390
movement,566,660,none,moved,0,0,67.7955,0.0,2026-07-26 18:13:12.482054
click,565,659,left,pressed,0,0,0.0,0.0,2026-07-26 18:13:12.933058
click,565,659,left,released,0,0,0.0,0.0,2026-07-26 18:13:13.150374
movement,565,648,none,moved,0,0,12.4781,0.0,2026-07-26 18:13:13.390572
movement,549,534,none,moved,0,0,1502.5392,0.0,2026-07-26 18:13:13.445386
movement,548,509,none,moved,0,0,145.2975,0.0,2026-07-26 18:13:13.500595
movement,551,510,none,moved,0,0,148.7342,0.0,2026-07-26 18:13:13.555322
click,551,510,right,pressed,0,0,0.0,0.0,2026-07-26 18:13:15.542646
idle,551,510,none,idle_start,0,0,0.0,0.0,2026-07-26 18:13:15.559497
click,551,510,right,released,0,0,0.0,0.0,2026-07-26 18:13:15.604908
scroll,551,510,none,scrolled_down,0,-1,0.0,0.0,2026-07-26 18:13:15.869680
scroll,551,510,none,scrolled_down,0,-1,0.0,0.0,2026-07-26 18:13:15.885926
scroll,551,510,none,scrolled_down,0,-1,0.0,0.0,2026-07-26 18:13:15.917985
scroll,551,510,none,scrolled_down,0,-1,0.0,0.0,2026-07-26 18:13:15.923074
scroll,551,510,none,scrolled_down,0,-1,0.0,0.0,2026-07-26 18:13:15.926175
scroll,551,510,none,scrolled_down,0,-1,0.0,0.0,2026-07-26 18:13:15.929689
scroll,551,510,none,scrolled_down,0,-1,0.0,0.0,2026-07-26 18:13:15.934173
scroll,551,510,none,scrolled_down,0,-1,0.0,0.0,2026-07-26 18:13:15.936663
scroll,551,510,none,scrolled_down,0,-1,0.0,0.0,2026-07-26 18:13:15.942359
scroll,551,510,none,scrolled_down,0,-1,0.0,0.0,2026-07-26 18:13:15.964019
scroll,551,510,none,scrolled_down,0,-1,0.0,0.0,2026-07-26 18:13:15.986767
scroll,551,510,none,scrolled_down,0,-1,0.0,0.0,2026-07-26 18:13:16.009659
scroll,551,510,none,scrolled_down,0,-1,0.0,0.0,2026-07-26 18:13:16.022071
scroll,551,510,none,scrolled_down,0,-1,0.0,0.0,2026-07-26 18:13:16.025889
scroll,551,510,none,scrolled_down,0,-1,0.0,0.0,2026-07-26 18:13:16.027276
scroll,551,510,none,scrolled_down,0,-1,0.0,0.0,2026-07-26 18:13:16.028393
scroll,551,510,none,scrolled_down,0,-1,0.0,0.0,2026-07-26 18:13:16.029817
scroll,551,510,none,scrolled_down,0,-1,0.0,0.0,2026-07-26 18:13:16.031396
scroll,551,510,none,scrolled_down,0,-1,0.0,0.0,2026-07-26 18:13:16.036889
scroll,551,510,none,scrolled_down,0,-1,0.0,0.0,2026-07-26 18:13:16.038702
scroll,551,510,none,scrolled_down,0,-1,0.0,0.0,2026-07-26 18:13:16.039870
scroll,551,510,none,scrolled_down,0,-1,0.0,0.0,2026-07-26 18:13:16.042582
scroll,551,510,none,scrolled_down,0,-1,0.0,0.0,2026-07-26 18:13:16.044115
scroll,551,510,none,scrolled_down,0,-1,0.0,0.0,2026-07-26 18:13:16.045731
scroll,551,510,none,scrolled_down,0,-1,0.0,0.0,2026-07-26 18:13:16.046803
scroll,551,510,none,scrolled_down,0,-1,0.0,0.0,2026-07-26 18:13:16.057824
scroll,551,510,none,scrolled_down,0,-1,0.0,0.0,2026-07-26 18:13:16.063288
scroll,551,510,none,scrolled_down,0,-1,0.0,0.0,2026-07-26 18:13:16.077439
scroll,551,510,none,scrolled_down,0,-1,0.0,0.0,2026-07-26 18:13:16.080143
scroll,551,510,none,scrolled_down,0,-1,0.0,0.0,2026-07-26 18:13:16.099521
scroll,551,510,none,scrolled_down,0,-1,0.0,0.0,2026-07-26 18:13:16.109893
scroll,551,510,none,scrolled_down,0,-1,0.0,0.0,2026-07-26 18:13:16.111753
scroll,551,510,none,scrolled_down,0,-1,0.0,0.0,2026-07-26 18:13:16.113092
scroll,551,510,none,scrolled_down,0,0,0.0,0.0,2026-07-26 18:13:16.253374
idle,551,512,none,idle_end,0,0,0.0,1.16,2026-07-26 18:13:16.719509
movement,551,512,none,moved,0,0,0.6335,0.0,2026-07-26 18:13:16.719820
movement,536,542,none,moved,0,0,729.9774,0.0,2026-07-26 18:13:16.774306
movement,507,573,none,moved,0,0,798.3098,0.0,2026-07-26 18:13:16.829233
movement,484,597,none,moved,0,0,609.8956,0.0,2026-07-26 18:13:16.884043
click,478,598,right,pressed,0,0,0.0,0.0,2026-07-26 18:13:17.275215
click,478,598,right,released,0,0,0.0,0.0,2026-07-26 18:13:17.349196
click,478,598,left,pressed,0,0,0.0,0.0,2026-07-26 18:13:18.444751
idle,478,598,none,idle_start,0,0,0.0,0.0,2026-07-26 18:13:18.569859
click,478,598,left,released,0,0,0.0,0.0,2026-07-26 18:13:18.674241
idle,478,601,none,idle_end,0,0,0.0,0.2755,2026-07-26 18:13:18.845351
movement,478,601,none,moved,0,0,1.5681,0.0,2026-07-26 18:13:18.846758
movement,503,673,none,moved,0,0,1719.6055,0.0,2026-07-26 18:13:18.899267
movement,524,756,none,moved,0,0,1108.8159,0.0,2026-07-26 18:13:18.954759
movement,530,788,none,moved,0,0,0.0,0.0,2026-07-26 18:13:19.031256
scroll,530,788,none,scrolled_down,0,-1,0.0,0.0,2026-07-26 18:13:19.281402
scroll,530,788,none,scrolled_down,0,-1,0.0,0.0,2026-07-26 18:13:19.288351
scroll,530,788,none,scrolled_down,0,-1,0.0,0.0,2026-07-26 18:13:19.295292
scroll,530,788,none,scrolled_down,0,-1,0.0,0.0,2026-07-26 18:13:19.308851
scroll,530,788,none,scrolled_down,0,-1,0.0,0.0,2026-07-26 18:13:19.315731
scroll,530,788,none,scrolled_down,0,-1,0.0,0.0,2026-07-26 18:13:19.325798
scroll,530,788,none,scrolled_down,0,-1,0.0,0.0,2026-07-26 18:13:19.328880
scroll,530,788,none,scrolled_down,0,-1,0.0,0.0,2026-07-26 18:13:19.337100
scroll,530,788,none,scrolled_down,0,-1,0.0,0.0,2026-07-26 18:13:19.343716
scroll,530,788,none,scrolled_down,0,-1,0.0,0.0,2026-07-26 18:13:19.349599
scroll,530,788,none,scrolled_down,0,-1,0.0,0.0,2026-07-26 18:13:19.356924
scroll,530,788,none,scrolled_down,0,-1,0.0,0.0,2026-07-26 18:13:19.364004
scroll,530,788,none,scrolled_down,0,-1,0.0,0.0,2026-07-26 18:13:19.370911
scroll,530,788,none,scrolled_down,0,-1,0.0,0.0,2026-07-26 18:13:19.377946
scroll,530,788,none,scrolled_down,0,-1,0.0,0.0,2026-07-26 18:13:19.383704
scroll,530,788,none,scrolled_down,0,-1,0.0,0.0,2026-07-26 18:13:19.391635
scroll,530,788,none,scrolled_down,0,-1,0.0,0.0,2026-07-26 18:13:19.397898
scroll,530,788,none,scrolled_down,0,-1,0.0,0.0,2026-07-26 18:13:19.404380
scroll,530,788,none,scrolled_down,0,-1,0.0,0.0,2026-07-26 18:13:19.413617
scroll,530,788,none,scrolled_down,0,-1,0.0,0.0,2026-07-26 18:13:19.418374
scroll,530,788,none,scrolled_down,0,-1,0.0,0.0,2026-07-26 18:13:19.441312
scroll,530,788,none,scrolled_down,0,-1,0.0,0.0,2026-07-26 18:13:19.450422
scroll,530,788,none,scrolled_down,0,-1,0.0,0.0,2026-07-26 18:13:19.457769
scroll,530,788,none,scrolled_down,0,-1,0.0,0.0,2026-07-26 18:13:19.459992
scroll,530,788,none,scrolled_down,0,-1,0.0,0.0,2026-07-26 18:13:19.465858
scroll,530,788,none,scrolled_down,0,-1,0.0,0.0,2026-07-26 18:13:19.627657
scroll,530,788,none,scrolled_down,0,-1,0.0,0.0,2026-07-26 18:13:19.633081
scroll,530,788,none,scrolled_down,0,-1,0.0,0.0,2026-07-26 18:13:19.641585
scroll,530,788,none,scrolled_down,0,-1,0.0,0.0,2026-07-26 18:13:20.083896
scroll,530,788,none,scrolled_down,0,-1,0.0,0.0,2026-07-26 18:13:20.089163
scroll,530,788,none,scrolled_down,0,-1,0.0,0.0,2026-07-26 18:13:20.094809
scroll,530,788,none,scrolled_down,0,-1,0.0,0.0,2026-07-26 18:13:20.101841
scroll,530,788,none,scrolled_down,0,-1,0.0,0.0,2026-07-26 18:13:20.109236
scroll,530,788,none,scrolled_down,0,-1,0.0,0.0,2026-07-26 18:13:20.115777
scroll,530,788,none,scrolled_down,0,-1,0.0,0.0,2026-07-26 18:13:20.124088
scroll,530,788,none,scrolled_down,0,-1,0.0,0.0,2026-07-26 18:13:20.147283
scroll,530,788,none,scrolled_down,0,-1,0.0,0.0,2026-07-26 18:13:20.169221
scroll,530,788,none,scrolled_down,0,-1,0.0,0.0,2026-07-26 18:13:20.171976
scroll,530,788,none,scrolled_down,0,-1,0.0,0.0,2026-07-26 18:13:20.174982
scroll,530,788,none,scrolled_down,0,-1,0.0,0.0,2026-07-26 18:13:20.176090
scroll,530,788,none,scrolled_down,0,-1,0.0,0.0,2026-07-26 18:13:20.178115
scroll,530,788,none,scrolled_down,0,-1,0.0,0.0,2026-07-26 18:13:20.190551
scroll,530,788,none,scrolled_down,0,-1,0.0,0.0,2026-07-26 18:13:20.193750
scroll,530,788,none,scrolled_down,0,-1,0.0,0.0,2026-07-26 18:13:20.199037
scroll,530,788,none,scrolled_down,0,-1,0.0,0.0,2026-07-26 18:13:20.204201
scroll,530,788,none,scrolled_down,0,-1,0.0,0.0,2026-07-26 18:13:20.210777
scroll,530,788,none,scrolled_down,0,-1,0.0,0.0,2026-07-26 18:13:20.225057
scroll,530,788,none,scrolled_down,0,-1,0.0,0.0,2026-07-26 18:13:20.232395
scroll,530,788,none,scrolled_down,0,-1,0.0,0.0,2026-07-26 18:13:20.237935
scroll,530,788,none,scrolled_down,0,-1,0.0,0.0,2026-07-26 18:13:20.244780
scroll,530,788,none,scrolled_down,0,-1,0.0,0.0,2026-07-26 18:13:20.257785
scroll,530,788,none,scrolled_down,0,-1,0.0,0.0,2026-07-26 18:13:20.260462
scroll,530,788,none,scrolled_down,0,-1,0.0,0.0,2026-07-26 18:13:20.265690
scroll,530,788,none,scrolled_down,0,-1,0.0,0.0,2026-07-26 18:13:20.272375
scroll,530,788,none,scrolled_down,0,-1,0.0,0.0,2026-07-26 18:13:20.289221
scroll,530,788,none,scrolled_down,0,-1,0.0,0.0,2026-07-26 18:13:20.291166
scroll,530,788,none,scrolled_down,0,-1,0.0,0.0,2026-07-26 18:13:20.292591
scroll,530,788,none,scrolled_down,0,-1,0.0,0.0,2026-07-26 18:13:20.300197
scroll,530,788,none,scrolled_down,0,-1,0.0,0.0,2026-07-26 18:13:20.306730
scroll,530,788,none,scrolled_down,0,-1,0.0,0.0,2026-07-26 18:13:20.317890
scroll,530,788,none,scrolled_down,0,-1,0.0,0.0,2026-07-26 18:13:20.321737
scroll,530,788,none,scrolled_down,0,-1,0.0,0.0,2026-07-26 18:13:20.326984
scroll,530,788,none,scrolled_down,0,-1,0.0,0.0,2026-07-26 18:13:20.334214
scroll,530,788,none,scrolled_down,0,-1,0.0,0.0,2026-07-26 18:13:20.347897
scroll,530,788,none,scrolled_down,0,-1,0.0,0.0,2026-07-26 18:13:20.352661
scroll,530,788,none,scrolled_down,0,-1,0.0,0.0,2026-07-26 18:13:20.361434
scroll,530,788,none,scrolled_down,0,-1,0.0,0.0,2026-07-26 18:13:20.382593
idle,530,788,none,idle_start,0,0,0.0,0.0,2026-07-26 18:13:20.573281
scroll,530,788,none,scrolled_down,0,0,0.0,0.0,2026-07-26 18:13:20.863007
scroll,530,788,none,scrolled_down,0,0,0.0,0.0,2026-07-26 18:13:20.920878
scroll,530,788,none,scrolled_down,1,0,0.0,0.0,2026-07-26 18:13:20.968979
scroll,530,788,none,scrolled_down,0,0,0.0,0.0,2026-07-26 18:13:20.993067
scroll,530,788,none,scrolled_down,0,0,0.0,0.0,2026-07-26 18:13:21.021160
scroll,530,788,none,scrolled_down,0,0,0.0,0.0,2026-07-26 18:13:21.057909
scroll,530,788,none,scrolled_down,0,0,0.0,0.0,2026-07-26 18:13:21.061497
scroll,530,788,none,scrolled_down,0,0,0.0,0.0,2026-07-26 18:13:21.068816
scroll,530,788,none,scrolled_down,0,0,0.0,0.0,2026-07-26 18:13:21.075434
scroll,530,788,none,scrolled_down,0,0,0.0,0.0,2026-07-26 18:13:21.082445
scroll,530,788,none,scrolled_down,0,0,0.0,0.0,2026-07-26 18:13:21.088787
scroll,530,788,none,scrolled_down,0,0,0.0,0.0,2026-07-26 18:13:21.096331
scroll,530,788,none,scrolled_down,0,0,0.0,0.0,2026-07-26 18:13:21.103155
scroll,530,788,none,scrolled_down,0,0,0.0,0.0,2026-07-26 18:13:21.109808
scroll,530,788,none,scrolled_down,0,0,0.0,0.0,2026-07-26 18:13:21.116329
scroll,530,788,none,scrolled_down,0,0,0.0,0.0,2026-07-26 18:13:21.141323
scroll,530,788,none,scrolled_down,0,0,0.0,0.0,2026-07-26 18:13:21.143950
scroll,530,788,none,scrolled_down,0,0,0.0,0.0,2026-07-26 18:13:21.151240
scroll,530,788,none,scrolled_down,0,0,0.0,0.0,2026-07-26 18:13:21.157654
scroll,530,788,none,scrolled_down,0,0,0.0,0.0,2026-07-26 18:13:21.164301
scroll,530,788,none,scrolled_down,0,0,0.0,0.0,2026-07-26 18:13:21.171390
scroll,530,788,none,scrolled_down,0,0,0.0,0.0,2026-07-26 18:13:21.178192
scroll,530,788,none,scrolled_down,0,0,0.0,0.0,2026-07-26 18:13:21.185353
scroll,530,788,none,scrolled_down,0,0,0.0,0.0,2026-07-26 18:13:21.191764
scroll,530,788,none,scrolled_down,0,0,0.0,0.0,2026-07-26 18:13:21.198679
scroll,530,788,none,scrolled_down,0,0,0.0,0.0,2026-07-26 18:13:21.205882
scroll,530,788,none,scrolled_down,0,0,0.0,0.0,2026-07-26 18:13:21.224060
scroll,530,788,none,scrolled_down,0,0,0.0,0.0,2026-07-26 18:13:21.225719
scroll,530,788,none,scrolled_down,0,0,0.0,0.0,2026-07-26 18:13:21.226638
scroll,530,788,none,scrolled_down,0,0,0.0,0.0,2026-07-26 18:13:21.233029
scroll,530,788,none,scrolled_down,0,0,0.0,0.0,2026-07-26 18:13:21.239852
scroll,530,788,none,scrolled_down,0,0,0.0,0.0,2026-07-26 18:13:21.246845
scroll,530,788,none,scrolled_down,0,0,0.0,0.0,2026-07-26 18:13:21.253647
scroll,530,788,none,scrolled_down,0,0,0.0,0.0,2026-07-26 18:13:21.260327
scroll,530,788,none,scrolled_down,0,0,0.0,0.0,2026-07-26 18:13:21.267249
scroll,530,788,none,scrolled_down,0,0,0.0,0.0,2026-07-26 18:13:21.644895
scroll,530,788,none,scrolled_down,0,0,0.0,0.0,2026-07-26 18:13:21.659164
scroll,530,788,none,scrolled_down,0,0,0.0,0.0,2026-07-26 18:13:21.668571
scroll,530,788,none,scrolled_down,0,0,0.0,0.0,2026-07-26 18:13:21.676793
scroll,530,788,none,scrolled_down,1,0,0.0,0.0,2026-07-26 18:13:21.701695
scroll,530,788,none,scrolled_down,0,0,0.0,0.0,2026-07-26 18:13:21.706536
scroll,530,788,none,scrolled_down,1,0,0.0,0.0,2026-07-26 18:13:21.738998
scroll,530,788,none,scrolled_down,2,0,0.0,0.0,2026-07-26 18:13:21.778641
scroll,530,788,none,scrolled_down,0,0,0.0,0.0,2026-07-26 18:13:21.786065
scroll,530,788,none,scrolled_down,0,0,0.0,0.0,2026-07-26 18:13:21.788734
scroll,530,788,none,scrolled_down,0,0,0.0,0.0,2026-07-26 18:13:21.795904
scroll,530,788,none,scrolled_down,0,0,0.0,0.0,2026-07-26 18:13:21.803028
scroll,530,788,none,scrolled_down,0,0,0.0,0.0,2026-07-26 18:13:21.809446
scroll,530,788,none,scrolled_down,0,0,0.0,0.0,2026-07-26 18:13:21.817317
scroll,530,788,none,scrolled_down,0,0,0.0,0.0,2026-07-26 18:13:21.843805
scroll,530,788,none,scrolled_down,0,0,0.0,0.0,2026-07-26 18:13:21.845939
scroll,530,788,none,scrolled_down,0,0,0.0,0.0,2026-07-26 18:13:21.850789
scroll,530,788,none,scrolled_down,0,0,0.0,0.0,2026-07-26 18:13:21.857612
scroll,530,788,none,scrolled_down,0,0,0.0,0.0,2026-07-26 18:13:21.864084
scroll,530,788,none,scrolled_down,0,0,0.0,0.0,2026-07-26 18:13:21.871117
scroll,530,788,none,scrolled_down,0,0,0.0,0.0,2026-07-26 18:13:21.878220
scroll,530,788,none,scrolled_down,0,0,0.0,0.0,2026-07-26 18:13:21.885206
scroll,530,788,none,scrolled_down,0,0,0.0,0.0,2026-07-26 18:13:21.891550
scroll,530,788,none,scrolled_down,0,0,0.0,0.0,2026-07-26 18:13:21.898990
scroll,530,788,none,scrolled_down,-1,0,0.0,0.0,2026-07-26 18:13:22.049694
scroll,530,788,none,scrolled_down,-1,0,0.0,0.0,2026-07-26 18:13:22.056610
scroll,530,788,none,scrolled_down,-1,0,0.0,0.0,2026-07-26 18:13:22.063589
scroll,530,788,none,scrolled_down,-1,0,0.0,0.0,2026-07-26 18:13:22.070198
scroll,530,788,none,scrolled_down,-1,0,0.0,0.0,2026-07-26 18:13:22.076930
scroll,530,788,none,scrolled_down,-1,0,0.0,0.0,2026-07-26 18:13:22.084364
scroll,530,788,none,scrolled_down,-1,0,0.0,0.0,2026-07-26 18:13:22.090567
scroll,530,788,none,scrolled_down,-1,0,0.0,0.0,2026-07-26 18:13:22.101374
scroll,530,788,none,scrolled_down,-1,0,0.0,0.0,2026-07-26 18:13:22.104483
scroll,530,788,none,scrolled_down,-1,0,0.0,0.0,2026-07-26 18:13:22.111304
scroll,530,788,none,scrolled_down,-1,0,0.0,0.0,2026-07-26 18:13:22.118635
scroll,530,788,none,scrolled_down,-1,0,0.0,0.0,2026-07-26 18:13:22.125084
scroll,530,788,none,scrolled_down,-1,0,0.0,0.0,2026-07-26 18:13:22.132246
scroll,530,788,none,scrolled_down,-1,0,0.0,0.0,2026-07-26 18:13:22.138788
scroll,530,788,none,scrolled_down,-1,0,0.0,0.0,2026-07-26 18:13:22.145616
scroll,530,788,none,scrolled_down,-1,0,0.0,0.0,2026-07-26 18:13:22.152493
scroll,530,788,none,scrolled_down,-1,0,0.0,0.0,2026-07-26 18:13:22.159214
scroll,530,788,none,scrolled_down,-1,0,0.0,0.0,2026-07-26 18:13:22.166312
scroll,530,788,none,scrolled_down,-1,0,0.0,0.0,2026-07-26 18:13:22.172988
scroll,530,788,none,scrolled_down,-1,0,0.0,0.0,2026-07-26 18:13:22.180098
scroll,530,788,none,scrolled_down,-1,0,0.0,0.0,2026-07-26 18:13:22.186836
scroll,530,788,none,scrolled_down,-1,0,0.0,0.0,2026-07-26 18:13:22.193554
scroll,530,788,none,scrolled_down,-2,0,0.0,0.0,2026-07-26 18:13:22.201093
scroll,530,788,none,scrolled_down,-1,0,0.0,0.0,2026-07-26 18:13:22.207331
scroll,530,788,none,scrolled_down,-1,0,0.0,0.0,2026-07-26 18:13:22.214317
scroll,530,788,none,scrolled_down,-1,0,0.0,0.0,2026-07-26 18:13:22.221077
scroll,530,788,none,scrolled_down,-1,0,0.0,0.0,2026-07-26 18:13:22.227908
scroll,530,788,none,scrolled_down,-1,0,0.0,0.0,2026-07-26 18:13:22.235034
scroll,530,788,none,scrolled_down,-1,0,0.0,0.0,2026-07-26 18:13:22.241427
scroll,530,788,none,scrolled_down,-1,0,0.0,0.0,2026-07-26 18:13:22.248601
scroll,530,788,none,scrolled_down,-1,0,0.0,0.0,2026-07-26 18:13:22.255210
scroll,530,788,none,scrolled_down,-1,0,0.0,0.0,2026-07-26 18:13:22.262395
scroll,530,788,none,scrolled_down,-1,0,0.0,0.0,2026-07-26 18:13:22.269305
scroll,530,788,none,scrolled_down,-1,0,0.0,0.0,2026-07-26 18:13:22.276357
scroll,530,788,none,scrolled_down,-1,0,0.0,0.0,2026-07-26 18:13:22.283380
scroll,530,788,none,scrolled_down,-1,0,0.0,0.0,2026-07-26 18:13:22.289932
scroll,530,788,none,scrolled_down,-1,0,0.0,0.0,2026-07-26 18:13:22.296832
scroll,530,788,none,scrolled_down,-1,0,0.0,0.0,2026-07-26 18:13:22.304079
scroll,530,788,none,scrolled_down,-1,0,0.0,0.0,2026-07-26 18:13:22.310478
scroll,530,788,none,scrolled_down,-1,0,0.0,0.0,2026-07-26 18:13:22.317870
scroll,530,788,none,scrolled_down,-1,0,0.0,0.0,2026-07-26 18:13:22.324421
scroll,530,788,none,scrolled_down,-1,0,0.0,0.0,2026-07-26 18:13:22.338601
scroll,530,788,none,scrolled_down,0,0,0.0,0.0,2026-07-26 18:13:22.358424
scroll,530,788,none,scrolled_down,0,0,0.0,0.0,2026-07-26 18:13:22.372443
scroll,530,788,none,scrolled_down,0,0,0.0,0.0,2026-07-26 18:13:22.386395
scroll,530,788,none,scrolled_down,0,0,0.0,0.0,2026-07-26 18:13:22.407043
scroll,530,788,none,scrolled_down,-1,0,0.0,0.0,2026-07-26 18:13:22.880892
scroll,530,788,none,scrolled_down,-2,0,0.0,0.0,2026-07-26 18:13:22.909788
scroll,530,788,none,scrolled_down,-3,0,0.0,0.0,2026-07-26 18:13:22.960328
scroll,530,788,none,scrolled_down,-1,0,0.0,0.0,2026-07-26 18:13:22.997703
scroll,530,788,none,scrolled_down,-2,0,0.0,0.0,2026-07-26 18:13:23.007615
scroll,530,788,none,scrolled_down,-2,0,0.0,0.0,2026-07-26 18:13:23.009390
scroll,530,788,none,scrolled_down,-2,0,0.0,0.0,2026-07-26 18:13:23.038872
scroll,530,788,none,scrolled_down,-1,0,0.0,0.0,2026-07-26 18:13:23.159098
scroll,530,788,none,scrolled_down,-1,0,0.0,0.0,2026-07-26 18:13:23.162497
scroll,530,788,none,scrolled_down,-1,0,0.0,0.0,2026-07-26 18:13:23.163890
scroll,530,788,none,scrolled_down,-1,0,0.0,0.0,2026-07-26 18:13:23.165365
scroll,530,788,none,scrolled_down,-1,0,0.0,0.0,2026-07-26 18:13:23.167780
scroll,530,788,none,scrolled_down,-1,0,0.0,0.0,2026-07-26 18:13:23.168624
scroll,530,788,none,scrolled_down,-1,0,0.0,0.0,2026-07-26 18:13:23.169408
scroll,530,788,none,scrolled_down,-1,0,0.0,0.0,2026-07-26 18:13:23.172132
idle,525,784,none,idle_end,0,0,0.0,8.091,2026-07-26 18:13:28.664260
movement,525,784,none,moved,0,0,0.6647,0.0,2026-07-26 18:13:28.664722
movement,467,738,none,moved,0,0,1149.5846,0.0,2026-07-26 18:13:28.718321
movement,425,701,none,moved,0,0,911.6793,0.0,2026-07-26 18:13:28.773920
movement,410,687,none,moved,0,0,0.0,0.0,2026-07-26 18:13:28.829392
movement,408,685,none,moved,0,0,0.0,0.0,2026-07-26 18:13:28.897356
movement,404,678,none,moved,0,0,269.6205,0.0,2026-07-26 18:13:28.955346
movement,395,655,none,moved,0,0,412.8516,0.0,2026-07-26 18:13:29.006493
movement,394,645,none,moved,0,0,0.0,0.0,2026-07-26 18:13:29.061281
movement,394,642,none,moved,0,0,36.9262,0.0,2026-07-26 18:13:29.116220
movement,396,640,none,moved,0,0,29.2028,0.0,2026-07-26 18:13:29.184941
movement,397,639,none,moved,0,0,0.0,0.0,2026-07-26 18:13:29.240006
movement,399,638,none,moved,0,0,31.6831,0.0,2026-07-26 18:13:29.308118
movement,400,638,none,moved,0,0,36.6321,0.0,2026-07-26 18:13:29.376584
movement,435,622,none,moved,0,0,782.9665,0.0,2026-07-26 18:13:29.431999
movement,458,610,none,moved,0,0,144.876,0.0,2026-07-26 18:13:29.486366
movement,460,608,none,moved,0,0,9.6566,0.0,2026-07-26 18:13:29.631162
movement,462,608,none,moved,0,0,24.8129,0.0,2026-07-26 18:13:29.720132
movement,462,605,none,moved,0,0,0.0,0.0,2026-07-26 18:13:29.789469
movement,462,594,none,moved,0,0,380.689,0.0,2026-07-26 18:13:29.846492
movement,459,572,none,moved,0,0,294.5789,0.0,2026-07-26 18:13:29.899098
movement,456,567,none,moved,0,0,32.2156,0.0,2026-07-26 18:13:29.976080
movement,454,566,none,moved,0,0,35.486,0.0,2026-07-26 18:13:30.036125
movement,454,566,none,moved,0,0,0.0,0.0,2026-07-26 18:13:30.113097
movement,454,566,none,moved,0,0,0.0,0.0,2026-07-26 18:13:30.228188
movement,455,566,none,moved,0,0,11.7259,0.0,2026-07-26 18:13:30.313465
movement,456,564,none,moved,0,0,49.9246,0.0,2026-07-26 18:13:30.365266
movement,456,562,none,moved,0,0,28.8858,0.0,2026-07-26 18:13:30.447715
movement,456,561,none,moved,0,0,0.0,0.0,2026-07-26 18:13:30.498562
movement,456,559,none,moved,0,0,0.0,0.0,2026-07-26 18:13:30.549437
click,456,559,left,pressed,0,0,0.0,0.0,2026-07-26 18:13:30.937473
click,456,559,left,released,0,0,0.0,0.0,2026-07-26 18:13:31.111648
click,456,559,left,pressed,0,0,0.0,0.0,2026-07-26 18:13:31.174980
click,456,559,left,released,0,0,0.0,0.0,2026-07-26 18:13:31.330642
click,456,559,left,pressed,0,0,0.0,0.0,2026-07-26 18:13:31.955671
idle,456,559,none,idle_start,0,0,0.0,0.0,2026-07-26 18:13:32.124987
click,456,559,left,released,0,0,0.0,0.0,2026-07-26 18:13:32.173307
idle,456,558,none,idle_end,0,0,0.0,0.5351,2026-07-26 18:13:32.660146
movement,456,558,none,moved,0,0,0.4738,0.0,2026-07-26 18:13:32.660454
movement,456,555,none,moved,0,0,36.595,0.0,2026-07-26 18:13:32.735816
movement,456,554,none,moved,0,0,0.0,0.0,2026-07-26 18:13:32.798652
movement,458,550,none,moved,0,0,61.5111,0.0,2026-07-26 18:13:32.869374
movement,459,547,none,moved,0,0,46.7437,0.0,2026-07-26 18:13:32.930831
movement,460,546,none,moved,0,0,0.0,0.0,2026-07-26 18:13:33.030934
movement,460,547,none,moved,0,0,1.7143,0.0,2026-07-26 18:13:33.614284
movement,461,558,none,moved,0,0,373.5575,0.0,2026-07-26 18:13:33.666063
movement,463,583,none,moved,0,0,598.5173,0.0,2026-07-26 18:13:33.721000
movement,464,596,none,moved,0,0,88.5323,0.0,2026-07-26 18:13:33.772886
click,465,599,left,pressed,0,0,0.0,0.0,2026-07-26 18:13:34.108231
click,465,599,left,released,0,0,0.0,0.0,2026-07-26 18:13:34.332031
movement,470,597,none,moved,0,0,5.0973,0.0,2026-07-26 18:13:34.853869
movement,529,552,none,moved,0,0,950.6442,0.0,2026-07-26 18:13:34.908501
movement,538,542,none,moved,0,0,0.0,0.0,2026-07-26 18:13:34.977172
movement,535,540,none,moved,0,0,105.1217,0.0,2026-07-26 18:13:35.032825
movement,532,540,none,moved,0,0,29.1059,0.0,2026-07-26 18:13:35.114625
movement,529,540,none,moved,0,0,0.0,0.0,2026-07-26 18:13:35.169685
movement,524,540,none,moved,0,0,71.2372,0.0,2026-07-26 18:13:35.231383
movement,520,540,none,moved,0,0,147.4013,0.0,2026-07-26 18:13:35.285863
movement,517,540,none,moved,0,0,48.6285,0.0,2026-07-26 18:13:35.354579
movement,513,540,none,moved,0,0,0.0,0.0,2026-07-26 18:13:35.409890
movement,494,540,none,moved,0,0,449.9522,0.0,2026-07-26 18:13:35.464448
movement,471,540,none,moved,0,0,301.4124,0.0,2026-07-26 18:13:35.519222
movement,462,540,none,moved,0,0,73.245,0.0,2026-07-26 18:13:35.574227
movement,462,540,none,moved,0,0,0.0,0.0,2026-07-26 18:13:35.670547
movement,465,541,none,moved,0,0,34.33,0.0,2026-07-26 18:13:35.759251
movement,469,541,none,moved,0,0,1.3178,0.0,2026-07-26 18:13:36.567015
movement,478,543,none,moved,0,0,0.0,0.0,2026-07-26 18:13:36.621914
movement,482,544,none,moved,0,0,48.4359,0.0,2026-07-26 18:13:36.690661
movement,489,544,none,moved,0,0,274.1375,0.0,2026-07-26 18:13:36.745545
movement,509,544,none,moved,0,0,291.0993,0.0,2026-07-26 18:13:36.800186
movement,514,544,none,moved,0,0,29.2578,0.0,2026-07-26 18:13:36.868550
movement,515,544,none,moved,0,0,12.0723,0.0,2026-07-26 18:13:36.951398
movement,516,544,none,moved,0,0,9.7677,0.0,2026-07-26 18:13:37.053758
movement,516,544,none,moved,0,0,0.0,0.0,2026-07-26 18:13:37.108699
movement,517,545,none,moved,0,0,1.5458,0.0,2026-07-26 18:13:37.762479
movement,526,562,none,moved,0,0,316.2055,0.0,2026-07-26 18:13:37.812990
movement,533,575,none,moved,0,0,145.1618,0.0,2026-07-26 18:13:37.864695
movement,535,581,none,moved,0,0,72.0398,0.0,2026-07-26 18:13:37.926886
click,536,583,left,pressed,0,0,0.0,0.0,2026-07-26 18:13:38.217669
click,536,583,left,released,0,0,0.0,0.0,2026-07-26 18:13:38.438294
movement,536,582,none,moved,0,0,1.0453,0.0,2026-07-26 18:13:38.910611
movement,537,578,none,moved,0,0,142.9551,0.0,2026-07-26 18:13:38.965484
movement,545,563,none,moved,0,0,314.2065,0.0,2026-07-26 18:13:39.020414
movement,549,559,none,moved,0,0,0.0,0.0,2026-07-26 18:13:39.088809
movement,550,559,none,moved,0,0,0.0,0.0,2026-07-26 18:13:39.157487
movement,552,559,none,moved,0,0,0.0,0.0,2026-07-26 18:13:39.239689
movement,554,559,none,moved,0,0,0.0,0.0,2026-07-26 18:13:39.294717
movement,557,555,none,moved,0,0,136.9703,0.0,2026-07-26 18:13:39.350147
movement,560,552,none,moved,0,0,68.4607,0.0,2026-07-26 18:13:39.411391
movement,562,551,none,moved,0,0,34.5655,0.0,2026-07-26 18:13:39.493460
movement,562,550,none,moved,0,0,6.0264,0.0,2026-07-26 18:13:39.659409
movement,562,549,none,moved,0,0,0.0,0.0,2026-07-26 18:13:39.775159
movement,563,547,none,moved,0,0,20.5666,0.0,2026-07-26 18:13:39.891628
movement,564,547,none,moved,0,0,0.0,0.0,2026-07-26 18:13:40.001272
movement,564,547,none,moved,0,0,0.0,0.0,2026-07-26 18:13:40.063055
movement,564,547,none,moved,0,0,0.0,0.0,2026-07-26 18:13:40.117943
movement,564,550,none,moved,0,0,6.5032,0.0,2026-07-26 18:13:40.579256
movement,569,584,none,moved,0,0,606.5787,0.0,2026-07-26 18:13:40.634253
movement,572,608,none,moved,0,0,445.8863,0.0,2026-07-26 18:13:40.689072
movement,573,614,none,moved,0,0,0.0,0.0,2026-07-26 18:13:40.785533
click,573,613,left,pressed,0,0,0.0,0.0,2026-07-26 18:13:41.034771
click,573,613,left,released,0,0,0.0,0.0,2026-07-26 18:13:41.264829
movement,572,612,none,moved,0,0,1.8645,0.0,2026-07-26 18:13:41.550947
movement,547,591,none,moved,0,0,609.29,0.0,2026-07-26 18:13:41.605612
movement,527,574,none,moved,0,0,329.9704,0.0,2026-07-26 18:13:41.660418
movement,521,563,none,moved,0,0,213.4298,0.0,2026-07-26 18:13:41.715424
movement,521,560,none,moved,0,0,51.4058,0.0,2026-07-26 18:13:41.769246
movement,520,558,none,moved,0,0,36.5622,0.0,2026-07-26 18:13:41.832129
movement,520,557,none,moved,0,0,0.0,0.0,2026-07-26 18:13:41.914663
movement,519,555,none,moved,0,0,41.0378,0.0,2026-07-26 18:13:41.983138
movement,518,554,none,moved,0,0,47.6761,0.0,2026-07-26 18:13:42.038453
movement,518,551,none,moved,0,0,48.7517,0.0,2026-07-26 18:13:42.107016
movement,518,550,none,moved,0,0,0.0,0.0,2026-07-26 18:13:42.223460
movement,518,549,none,moved,0,0,12.1801,0.0,2026-07-26 18:13:42.305554
movement,518,547,none,moved,0,0,0.0,0.0,2026-07-26 18:13:42.381109
movement,518,545,none,moved,0,0,0.0,0.0,2026-07-26 18:13:42.449496
movement,518,542,none,moved,0,0,11.2268,0.0,2026-07-26 18:13:42.586692
movement,518,541,none,moved,0,0,36.5529,0.0,2026-07-26 18:13:42.655580
movement,517,540,none,moved,0,0,14.5504,0.0,2026-07-26 18:13:42.759198
movement,517,540,none,moved,0,0,0.0,0.0,2026-07-26 18:13:42.834052
movement,518,541,none,moved,0,0,48.3048,0.0,2026-07-26 18:13:42.902937
movement,522,544,none,moved,0,0,129.3421,0.0,2026-07-26 18:13:42.958046
movement,549,546,none,moved,0,0,687.2303,0.0,2026-07-26 18:13:43.012983
movement,610,546,none,moved,0,0,1290.6047,0.0,2026-07-26 18:13:43.066999
movement,640,546,none,moved,0,0,202.3001,0.0,2026-07-26 18:13:43.122111
movement,642,548,none,moved,0,0,0.0,0.0,2026-07-26 18:13:43.204192
movement,642,549,none,moved,0,0,0.0,0.0,2026-07-26 18:13:43.355326
movement,642,549,none,moved,0,0,0.0,0.0,2026-07-26 18:13:43.471865
movement,642,550,none,moved,0,0,1.7904,0.0,2026-07-26 18:13:44.030592
movement,642,563,none,moved,0,0,483.5118,0.0,2026-07-26 18:13:44.084343
movement,642,589,none,moved,0,0,163.046,0.0,2026-07-26 18:13:44.150653
movement,644,611,none,moved,0,0,289.2225,0.0,2026-07-26 18:13:44.200782
movement,644,616,none,moved,0,0,47.0741,0.0,2026-07-26 18:13:44.263209
click,644,616,left,pressed,0,0,0.0,0.0,2026-07-26 18:13:44.530702
click,644,616,left,released,0,0,0.0,0.0,2026-07-26 18:13:44.745649
movement,646,618,none,moved,0,0,3.5405,0.0,2026-07-26 18:13:45.089102
movement,696,686,none,moved,0,0,1779.7478,0.0,2026-07-26 18:13:45.143926
movement,740,776,none,moved,0,0,1560.7392,0.0,2026-07-26 18:13:45.198920
movement,773,865,none,moved,0,0,1824.7993,0.0,2026-07-26 18:13:45.253790
movement,811,942,none,moved,0,0,1501.3386,0.0,2026-07-26 18:13:45.308692
movement,862,1005,none,moved,0,0,1557.7006,0.0,2026-07-26 18:13:45.363464
movement,910,1042,none,moved,0,0,617.2364,0.0,2026-07-26 18:13:45.418575
movement,932,1055,none,moved,0,0,517.4426,0.0,2026-07-26 18:13:45.473423
movement,958,1064,none,moved,0,0,295.0411,0.0,2026-07-26 18:13:45.528481
movement,978,1066,none,moved,0,0,440.1158,0.0,2026-07-26 18:13:45.583180
movement,1045,1057,none,moved,0,0,1781.4276,0.0,2026-07-26 18:13:45.637855
movement,1150,1037,none,moved,0,0,1818.7165,0.0,2026-07-26 18:13:45.692794
movement,1224,1033,none,moved,0,0,736.0753,0.0,2026-07-26 18:13:45.747609
movement,1240,1032,none,moved,0,0,9.8729,0.0,2026-07-26 18:13:46.617194
movement,1359,966,none,moved,0,0,2529.8855,0.0,2026-07-26 18:13:46.671979
movement,1402,930,none,moved,0,0,318.3554,0.0,2026-07-26 18:13:46.726974
movement,1406,931,none,moved,0,0,189.2373,0.0,2026-07-26 18:13:46.782460
movement,1449,947,none,moved,0,0,1695.5672,0.0,2026-07-26 18:13:46.836533
movement,1502,978,none,moved,0,0,742.828,0.0,2026-07-26 18:13:46.891427
movement,1507,988,none,moved,0,0,141.8432,0.0,2026-07-26 18:13:46.946668
movement,1503,992,none,moved,0,0,150.6412,0.0,2026-07-26 18:13:47.001303
movement,1498,995,none,moved,0,0,146.7463,0.0,2026-07-26 18:13:47.056312
movement,1497,996,none,moved,0,0,20.7689,0.0,2026-07-26 18:13:47.125042
movement,1495,998,none,moved,0,0,67.7824,0.0,2026-07-26 18:13:47.180112
movement,1469,1011,none,moved,0,0,1047.2838,0.0,2026-07-26 18:13:47.234605
movement,1409,1038,none,moved,0,0,1180.0209,0.0,2026-07-26 18:13:47.289580
movement,1372,1057,none,moved,0,0,286.3006,0.0,2026-07-26 18:13:47.344934
movement,1368,1058,none,moved,0,0,0.0,0.0,2026-07-26 18:13:47.399767
movement,1367,1056,none,moved,0,0,0.0,0.0,2026-07-26 18:13:47.462162
movement,1366,1054,none,moved,0,0,0.0,0.0,2026-07-26 18:13:47.530808
movement,1364,1052,none,moved,0,0,48.863,0.0,2026-07-26 18:13:47.598976
movement,1345,1043,none,moved,0,0,651.1663,0.0,2026-07-26 18:13:47.653984
movement,1297,1028,none,moved,0,0,942.446,0.0,2026-07-26 18:13:47.708328
movement,1278,1025,none,moved,0,0,154.6915,0.0,2026-07-26 18:13:47.762897
movement,1278,1025,none,moved,0,0,48.9932,0.0,2026-07-26 18:13:47.831860
movement,1280,1027,none,moved,0,0,21.2439,0.0,2026-07-26 18:13:47.920829
movement,1281,1029,none,moved,0,0,96.1577,0.0,2026-07-26 18:13:47.989821
movement,1283,1032,none,moved,0,0,50.1076,0.0,2026-07-26 18:13:48.051380
movement,1288,1036,none,moved,0,0,310.6472,0.0,2026-07-26 18:13:48.106296
movement,1292,1043,none,moved,0,0,149.9894,0.0,2026-07-26 18:13:48.160778
click,1294,1044,left,pressed,0,0,0.0,0.0,2026-07-26 18:13:48.425648
click,1294,1044,left,released,0,0,0.0,0.0,2026-07-26 18:13:48.645642
movement,1290,1040,none,moved,0,0,6.8544,0.0,2026-07-26 18:13:49.006643
movement,1165,912,none,moved,0,0,4046.3877,0.0,2026-07-26 18:13:49.061985
movement,961,798,none,moved,0,0,3948.4651,0.0,2026-07-26 18:13:49.116638
movement,848,780,none,moved,0,0,1501.9351,0.0,2026-07-26 18:13:49.171615
movement,822,786,none,moved,0,0,138.5905,0.0,2026-07-26 18:13:49.226612
movement,822,788,none,moved,0,0,70.7601,0.0,2026-07-26 18:13:49.281677
movement,816,799,none,moved,0,0,520.9183,0.0,2026-07-26 18:13:49.335960
movement,786,831,none,moved,0,0,758.4637,0.0,2026-07-26 18:13:49.390692
movement,772,835,none,moved,0,0,496.9947,0.0,2026-07-26 18:13:49.445886
movement,726,832,none,moved,0,0,1755.1837,0.0,2026-07-26 18:13:49.500836
movement,655,846,none,moved,0,0,1518.0025,0.0,2026-07-26 18:13:49.555366
movement,584,860,none,moved,0,0,1408.5832,0.0,2026-07-26 18:13:49.610402
idle,526,857,none,idle_start,0,0,0.0,0.0,2026-07-26 18:13:51.401541
idle,526,865,none,idle_end,0,0,0.0,0.0394,2026-07-26 18:13:51.440925
movement,526,865,none,moved,0,0,4.4878,0.0,2026-07-26 18:13:51.462295
movement,522,912,none,moved,0,0,605.7713,0.0,2026-07-26 18:13:51.495741
movement,518,937,none,moved,0,0,439.6238,0.0,2026-07-26 18:13:51.550985
movement,516,946,none,moved,0,0,0.0,0.0,2026-07-26 18:13:51.605911
movement,515,951,none,moved,0,0,0.0,0.0,2026-07-26 18:13:51.667629
movement,515,954,none,moved,0,0,47.1721,0.0,2026-07-26 18:13:51.723192
movement,513,956,none,moved,0,0,50.1711,0.0,2026-07-26 18:13:51.790881
movement,512,956,none,moved,0,0,30.4341,0.0,2026-07-26 18:13:51.852727
movement,512,956,none,moved,0,0,0.0,0.0,2026-07-26 18:13:51.990204
movement,512,960,none,moved,0,0,145.1869,0.0,2026-07-26 18:13:52.045655
movement,512,966,none,moved,0,0,0.0,0.0,2026-07-26 18:13:52.107740
movement,512,972,none,moved,0,0,73.6974,0.0,2026-07-26 18:13:52.175825
movement,512,972,none,moved,0,0,0.0,0.0,2026-07-26 18:13:52.286892
click,512,972,left,pressed,0,0,0.0,0.0,2026-07-26 18:13:52.566813
click,512,972,left,released,0,0,0.0,0.0,2026-07-26 18:13:52.794413
idle,512,972,none,idle_start,0,0,0.0,0.0,2026-07-26 18:13:53.907078
movement,1236,655,none,moved,0,0,0.0,0.0,2026-07-26 18:18:46.301567
movement,1159,617,none,moved,0,0,1923.16,0.0,2026-07-26 18:18:46.356639
movement,1071,617,none,moved,0,0,1396.1646,0.0,2026-07-26 18:18:46.410421
movement,1012,654,none,moved,0,0,724.4799,0.0,2026-07-26 18:18:46.465863
movement,994,700,none,moved,0,0,822.3857,0.0,2026-07-26 18:18:46.520867
movement,1000,743,none,moved,0,0,962.6141,0.0,2026-07-26 18:18:46.575209
movement,1014,764,none,moved,0,0,331.7797,0.0,2026-07-26 18:18:46.630211
movement,1015,750,none,moved,0,0,35.0925,0.0,2026-07-26 18:18:47.064324
movement,996,593,none,moved,0,0,1930.6844,0.0,2026-07-26 18:18:47.119611
movement,985,536,none,moved,0,0,210.5211,0.0,2026-07-26 18:18:47.173786
click,984,533,left,pressed,0,0,0.0,0.0,2026-07-26 18:18:47.440540
click,984,533,left,released,0,0,0.0,0.0,2026-07-26 18:18:47.661459
idle,984,533,none,idle_start,0,0,0.0,0.0,2026-07-26 18:18:48.834689
idle,982,528,none,idle_end,0,0,0.0,4.2425,2026-07-26 18:18:53.077190
movement,982,528,none,moved,0,0,0.9186,0.0,2026-07-26 18:18:53.078343
movement,909,423,none,moved,0,0,2453.4202,0.0,2026-07-26 18:18:53.128739
movement,765,370,none,moved,0,0,2610.6498,0.0,2026-07-26 18:18:53.183523
movement,658,393,none,moved,0,0,1072.5922,0.0,2026-07-26 18:18:53.238697
movement,646,407,none,moved,0,0,439.9312,0.0,2026-07-26 18:18:53.293725
movement,678,476,none,moved,0,0,1531.0588,0.0,2026-07-26 18:18:53.349571
movement,728,504,none,moved,0,0,615.976,0.0,2026-07-26 18:18:53.404456
movement,750,502,none,moved,0,0,38.1348,0.0,2026-07-26 18:18:53.833210
movement,933,508,none,moved,0,0,3721.1436,0.0,2026-07-26 18:18:53.888218
movement,1081,572,none,moved,0,0,2059.7858,0.0,2026-07-26 18:18:53.942999
movement,1111,625,none,moved,0,0,1144.0022,0.0,2026-07-26 18:18:53.997752
movement,990,817,none,moved,0,0,6318.1861,0.0,2026-07-26 18:18:54.052519
movement,818,1014,none,moved,0,0,3296.9591,0.0,2026-07-26 18:18:54.107513
movement,747,1058,none,moved,0,0,574.2125,0.0,2026-07-26 18:18:54.162718
movement,739,1054,none,moved,0,0,328.1922,0.0,2026-07-26 18:18:54.217763
movement,729,1022,none,moved,0,0,804.2378,0.0,2026-07-26 18:18:54.272815
movement,724,1003,none,moved,0,0,440.0328,0.0,2026-07-26 18:18:54.327304
movement,706,982,none,moved,0,0,630.2471,0.0,2026-07-26 18:18:54.382099
movement,690,975,none,moved,0,0,130.0922,0.0,2026-07-26 18:18:54.437832
movement,686,974,none,moved,0,0,17.9732,0.0,2026-07-26 18:18:54.520150
movement,668,968,none,moved,0,0,713.9894,0.0,2026-07-26 18:18:54.574931
movement,620,954,none,moved,0,0,1428.1902,0.0,2026-07-26 18:18:54.628977
movement,568,947,none,moved,0,0,704.3949,0.0,2026-07-26 18:18:54.684608
movement,540,943,none,moved,0,0,137.6084,0.0,2026-07-26 18:18:54.739398
movement,535,939,none,moved,0,0,66.2309,0.0,2026-07-26 18:18:54.801279
movement,535,937,none,moved,0,0,21.0811,0.0,2026-07-26 18:18:54.889832
movement,535,937,none,moved,0,0,0.0,0.0,2026-07-26 18:18:54.940004
movement,534,937,none,moved,0,0,13.4333,0.0,2026-07-26 18:18:55.033536
idle,534,937,none,idle_start,0,0,0.0,0.0,2026-07-26 18:18:56.904028
idle,544,937,none,idle_end,0,0,0.0,6729.2257,2026-07-26 20:11:06.131431
movement,544,937,none,moved,0,0,0.0015,0.0,2026-07-26 20:11:06.140832
movement,710,936,none,moved,0,0,3967.148,0.0,2026-07-26 20:11:06.181337
movement,880,961,none,moved,0,0,2210.8306,0.0,2026-07-26 20:11:06.236313
movement,942,969,none,moved,0,0,286.7116,0.0,2026-07-26 20:11:06.291055
movement,944,970,none,moved,0,0,0.0,0.0,2026-07-26 20:11:06.352822
movement,941,970,none,moved,0,0,0.0,0.0,2026-07-26 20:11:06.414386
movement,941,968,none,moved,0,0,0.0,0.0,2026-07-26 20:11:06.490096
movement,953,958,none,moved,0,0,931.7461,0.0,2026-07-26 20:11:06.544540
movement,998,917,none,moved,0,0,77.9221,0.0,2026-07-26 20:11:06.772331
movement,960,922,none,moved,0,0,115.5972,0.0,2026-07-26 20:11:06.888831
movement,856,961,none,moved,0,0,17.8711,0.0,2026-07-26 20:11:06.978370
idle,850,957,none,idle_start,0,0,0.0,0.0,2026-07-26 20:11:08.792545
idle,854,949,none,idle_end,0,0,0.0,0.769,2026-07-26 20:11:09.561510
movement,854,949,none,moved,0,0,3.5171,0.0,2026-07-26 20:11:09.561756
movement,931,862,none,moved,0,0,2049.7871,0.0,2026-07-26 20:11:09.616873
movement,984,816,none,moved,0,0,1005.225,0.0,2026-07-26 20:11:09.670799
movement,1034,791,none,moved,0,0,758.0808,0.0,2026-07-26 20:11:09.725901
movement,1082,768,none,moved,0,0,914.2865,0.0,2026-07-26 20:11:09.780587
movement,1096,765,none,moved,0,0,0.0,0.0,2026-07-26 20:11:09.842226
movement,1066,789,none,moved,0,0,1580.6374,0.0,2026-07-26 20:11:09.897744
movement,894,902,none,moved,0,0,4462.2852,0.0,2026-07-26 20:11:09.952254
movement,824,947,none,moved,0,0,0.0,0.0,2026-07-26 20:11:10.006682
movement,828,925,none,moved,0,0,26.7019,0.0,2026-07-26 20:11:10.905551
movement,964,609,none,moved,0,0,4230.5709,0.0,2026-07-26 20:11:10.960288
movement,985,546,none,moved,0,0,324.1097,0.0,2026-07-26 20:11:11.015171
movement,980,551,none,moved,0,0,323.4386,0.0,2026-07-26 20:11:11.070227
movement,908,635,none,moved,0,0,2618.4697,0.0,2026-07-26 20:11:11.124737
movement,830,740,none,moved,0,0,2444.6231,0.0,2026-07-26 20:11:11.179496
movement,775,809,none,moved,0,0,850.9372,0.0,2026-07-26 20:11:11.234533
movement,767,819,none,moved,0,0,0.0,0.0,2026-07-26 20:11:11.316604
movement,766,818,none,moved,0,0,25.5337,0.0,2026-07-26 20:11:11.372009
movement,765,818,none,moved,0,0,16.2729,0.0,2026-07-26 20:11:11.433445
movement,764,819,none,moved,0,0,0.0,0.0,2026-07-26 20:11:11.501867
movement,764,818,none,moved,0,0,0.0,0.0,2026-07-26 20:11:11.563334
movement,818,717,none,moved,0,0,4576.5715,0.0,2026-07-26 20:11:11.618584
movement,1096,320,none,moved,0,0,9094.0899,0.0,2026-07-26 20:11:11.673724
movement,1226,114,none,moved,0,0,1491.5698,0.0,2026-07-26 20:11:11.728282
movement,1221,98,none,moved,0,0,154.4465,0.0,2026-07-26 20:11:11.782740
click,1217,98,left,pressed,0,0,0.0,0.0,2026-07-26 20:11:12.069997
click,1217,98,left,released,0,0,0.0,0.0,2026-07-26 20:11:12.283448
movement,1214,103,none,moved,0,0,7.8583,0.0,2026-07-26 20:11:12.559151
movement,1173,165,none,moved,0,0,1458.9898,0.0,2026-07-26 20:11:12.613983
movement,1127,230,none,moved,0,0,1233.8318,0.0,2026-07-26 20:11:12.669426
movement,1088,278,none,moved,0,0,615.1879,0.0,2026-07-26 20:11:12.723566
movement,1078,288,none,moved,0,0,72.7887,0.0,2026-07-26 20:11:12.778298
movement,1078,288,none,moved,0,0,0.0,0.0,2026-07-26 20:11:12.860624
movement,1078,290,none,moved,0,0,73.6049,0.0,2026-07-26 20:11:12.915513
movement,1079,322,none,moved,0,0,723.8243,0.0,2026-07-26 20:11:12.970347
movement,1105,367,none,moved,0,0,1623.8111,0.0,2026-07-26 20:11:13.025052
movement,1234,414,none,moved,0,0,4085.2474,0.0,2026-07-26 20:11:13.079947
movement,1454,495,none,moved,0,0,2295.0967,0.0,2026-07-26 20:11:13.134747
movement,1527,566,none,moved,0,0,429.2847,0.0,2026-07-26 20:11:13.189544
movement,1525,574,none,moved,0,0,35.2299,0.0,2026-07-26 20:11:13.430362
movement,1493,768,none,moved,0,0,3405.2561,0.0,2026-07-26 20:11:13.486587
movement,1498,910,none,moved,0,0,1164.0399,0.0,2026-07-26 20:11:13.540252
movement,1504,941,none,moved,0,0,321.7725,0.0,2026-07-26 20:11:13.594995
movement,1495,950,none,moved,0,0,52.899,0.0,2026-07-26 20:11:13.850642
movement,1335,1086,none,moved,0,0,2417.9589,0.0,2026-07-26 20:11:13.905507
movement,1291,1080,none,moved,0,0,267.5164,0.0,2026-07-26 20:11:13.960028
movement,1289,1081,none,moved,0,0,41.3236,0.0,2026-07-26 20:11:14.022143
movement,1297,1082,none,moved,0,0,257.0369,0.0,2026-07-26 20:11:14.076906
movement,1306,1080,none,moved,0,0,144.9811,0.0,2026-07-26 20:11:14.131464
movement,1308,1079,none,moved,0,0,0.0,0.0,2026-07-26 20:11:14.188728
movement,1310,1075,none,moved,0,0,143.3705,0.0,2026-07-26 20:11:14.241241
movement,1315,1074,none,moved,0,0,302.2704,0.0,2026-07-26 20:11:14.295791
movement,1324,1075,none,moved,0,0,157.4734,0.0,2026-07-26 20:11:14.350697
movement,1336,1073,none,moved,0,0,146.1074,0.0,2026-07-26 20:11:14.405553
movement,1354,1065,none,moved,0,0,336.8078,0.0,2026-07-26 20:11:14.460274
movement,1357,1062,none,moved,0,0,143.7686,0.0,2026-07-26 20:11:14.515118
movement,1358,1062,none,moved,0,0,6.6403,0.0,2026-07-26 20:11:14.665709
movement,1360,1063,none,moved,0,0,36.5447,0.0,2026-07-26 20:11:14.720641
movement,1363,1063,none,moved,0,0,144.0376,0.0,2026-07-26 20:11:14.775519
movement,1369,1062,none,moved,0,0,151.2988,0.0,2026-07-26 20:11:14.830246
movement,1373,1061,none,moved,0,0,71.9139,0.0,2026-07-26 20:11:14.885209
movement,1378,1061,none,moved,0,0,0.0,0.0,2026-07-26 20:11:14.939838
movement,1383,1060,none,moved,0,0,48.6646,0.0,2026-07-26 20:11:14.994654
movement,1385,1059,none,moved,0,0,65.4698,0.0,2026-07-26 20:11:15.063248
click,1385,1059,left,pressed,0,0,0.0,0.0,2026-07-26 20:11:15.344389
click,1385,1059,left,released,0,0,0.0,0.0,2026-07-26 20:11:15.571689
movement,1376,1049,none,moved,0,0,14.6404,0.0,2026-07-26 20:11:15.982178
movement,1228,819,none,moved,0,0,5832.6882,0.0,2026-07-26 20:11:16.037151
movement,1135,630,none,moved,0,0,2176.0596,0.0,2026-07-26 20:11:16.091866
movement,1094,564,none,moved,0,0,820.3072,0.0,2026-07-26 20:11:16.146749
movement,1063,561,none,moved,0,0,76.1506,0.0,2026-07-26 20:11:16.498293
movement,774,645,none,moved,0,0,2569.1576,0.0,2026-07-26 20:11:16.556067
movement,697,661,none,moved,0,0,416.7079,0.0,2026-07-26 20:11:16.608211
movement,682,654,none,moved,0,0,309.7853,0.0,2026-07-26 20:11:16.663236
movement,678,647,none,moved,0,0,143.9758,0.0,2026-07-26 20:11:16.717654
movement,677,644,none,moved,0,0,0.0,0.0,2026-07-26 20:11:16.772646
movement,677,638,none,moved,0,0,114.252,0.0,2026-07-26 20:11:16.822952
movement,679,622,none,moved,0,0,554.637,0.0,2026-07-26 20:11:16.876151
movement,679,600,none,moved,0,0,436.8328,0.0,2026-07-26 20:11:16.930604
movement,669,583,none,moved,0,0,318.4959,0.0,2026-07-26 20:11:16.985177
movement,654,564,none,moved,0,0,117.2145,0.0,2026-07-26 20:11:17.057361
movement,639,544,none,moved,0,0,153.1159,0.0,2026-07-26 20:11:17.108278
movement,637,544,none,moved,0,0,24.4569,0.0,2026-07-26 20:11:17.163078
movement,636,544,none,moved,0,0,14.7898,0.0,2026-07-26 20:11:17.266060
movement,635,544,none,moved,0,0,48.6573,0.0,2026-07-26 20:11:17.327653
movement,633,544,none,moved,0,0,26.443,0.0,2026-07-26 20:11:17.413415
movement,629,543,none,moved,0,0,91.3741,0.0,2026-07-26 20:11:17.473383
movement,626,539,none,moved,0,0,101.1382,0.0,2026-07-26 20:11:17.526330
movement,624,538,none,moved,0,0,1.7537,0.0,2026-07-26 20:11:18.673685
movement,599,533,none,moved,0,0,596.6081,0.0,2026-07-26 20:11:18.728354
movement,573,539,none,moved,0,0,397.8007,0.0,2026-07-26 20:11:18.780854
movement,557,552,none,moved,0,0,193.4336,0.0,2026-07-26 20:11:18.831869
movement,557,552,none,moved,0,0,0.0,0.0,2026-07-26 20:11:18.893170
movement,558,551,none,moved,0,0,48.4773,0.0,2026-07-26 20:11:18.961486
movement,561,549,none,moved,0,0,0.0,0.0,2026-07-26 20:11:19.023398
movement,564,545,none,moved,0,0,212.6951,0.0,2026-07-26 20:11:19.078231
movement,568,542,none,moved,0,0,72.5445,0.0,2026-07-26 20:11:19.139810
movement,571,541,none,moved,0,0,143.4784,0.0,2026-07-26 20:11:19.194640
movement,573,540,none,moved,0,0,0.0,0.0,2026-07-26 20:11:19.249559
movement,593,540,none,moved,0,0,604.6279,0.0,2026-07-26 20:11:19.304319
movement,616,544,none,moved,0,0,318.799,0.0,2026-07-26 20:11:19.359379
movement,624,546,none,moved,0,0,149.2316,0.0,2026-07-26 20:11:19.413986
movement,626,546,none,moved,0,0,70.9876,0.0,2026-07-26 20:11:19.469206
movement,627,545,none,moved,0,0,20.7587,0.0,2026-07-26 20:11:19.551542
movement,628,544,none,moved,0,0,41.1982,0.0,2026-07-26 20:11:19.612840
movement,628,543,none,moved,0,0,18.2572,0.0,2026-07-26 20:11:19.667615
movement,628,544,none,moved,0,0,0.9236,0.0,2026-07-26 20:11:20.784579
movement,633,563,none,moved,0,0,469.8223,0.0,2026-07-26 20:11:20.839165
movement,635,572,none,moved,0,0,145.671,0.0,2026-07-26 20:11:20.894148
movement,635,576,none,moved,0,0,38.0591,0.0,2026-07-26 20:11:20.969692
movement,635,576,none,moved,0,0,0.0,0.0,2026-07-26 20:11:21.058692
click,635,574,left,pressed,0,0,0.0,0.0,2026-07-26 20:11:21.305745
click,635,574,left,released,0,0,0.0,0.0,2026-07-26 20:11:21.527282
movement,639,574,none,moved,0,0,4.4992,0.0,2026-07-26 20:11:21.954614
movement,730,597,none,moved,0,0,1704.4999,0.0,2026-07-26 20:11:22.009756
movement,802,608,none,moved,0,0,736.9181,0.0,2026-07-26 20:11:22.064546
movement,830,609,none,moved,0,0,559.9685,0.0,2026-07-26 20:11:22.119431
movement,854,604,none,moved,0,0,464.004,0.0,2026-07-26 20:11:22.173994
movement,874,594,none,moved,0,0,618.4806,0.0,2026-07-26 20:11:22.228827
movement,900,579,none,moved,0,0,26.7386,0.0,2026-07-26 20:11:22.314070
movement,905,575,none,moved,0,0,7.3051,0.0,2026-07-26 20:11:22.489276
movement,906,575,none,moved,0,0,24.3103,0.0,2026-07-26 20:11:22.578435
movement,908,573,none,moved,0,0,19.9075,0.0,2026-07-26 20:11:22.676811
movement,909,572,none,moved,0,0,41.665,0.0,2026-07-26 20:11:22.729051
movement,911,572,none,moved,0,0,76.2948,0.0,2026-07-26 20:11:22.784037
movement,921,572,none,moved,0,0,290.585,0.0,2026-07-26 20:11:22.839014
movement,932,572,none,moved,0,0,147.1737,0.0,2026-07-26 20:11:22.893857
movement,935,571,none,moved,0,0,24.1925,0.0,2026-07-26 20:11:22.969332
movement,935,570,none,moved,0,0,14.1914,0.0,2026-07-26 20:11:23.039795
movement,936,570,none,moved,0,0,0.0,0.0,2026-07-26 20:11:23.189628
movement,938,572,none,moved,0,0,1.7246,0.0,2026-07-26 20:11:24.361977
movement,932,608,none,moved,0,0,464.1826,0.0,2026-07-26 20:11:24.416397
movement,929,626,none,moved,0,0,0.0,0.0,2026-07-26 20:11:24.471375
movement,928,629,none,moved,0,0,0.0,0.0,2026-07-26 20:11:24.535971
movement,927,636,none,moved,0,0,0.0,0.0,2026-07-26 20:11:24.594857
movement,927,641,none,moved,0,0,0.0,0.0,2026-07-26 20:11:24.649485
click,927,644,left,pressed,0,0,0.0,0.0,2026-07-26 20:11:24.930035
click,927,644,left,released,0,0,0.0,0.0,2026-07-26 20:11:25.153988
idle,927,644,none,idle_start,0,0,0.0,0.0,2026-07-26 20:11:26.358777
idle,928,644,none,idle_end,0,0,0.0,0.4774,2026-07-26 20:11:26.836221
movement,928,644,none,moved,0,0,0.4617,0.0,2026-07-26 20:11:26.836514
movement,1001,661,none,moved,0,0,1786.1837,0.0,2026-07-26 20:11:26.890808
movement,1071,668,none,moved,0,0,1033.7833,0.0,2026-07-26 20:11:26.945699
movement,1115,671,none,moved,0,0,580.2655,0.0,2026-07-26 20:11:27.000666
movement,1147,672,none,moved,0,0,890.9833,0.0,2026-07-26 20:11:27.055477
movement,1198,671,none,moved,0,0,1048.5386,0.0,2026-07-26 20:11:27.110325
movement,1263,663,none,moved,0,0,1025.4195,0.0,2026-07-26 20:11:27.165204
movement,1358,647,none,moved,0,0,1426.5681,0.0,2026-07-26 20:11:27.220252
movement,1416,639,none,moved,0,0,1128.1431,0.0,2026-07-26 20:11:27.274825
movement,1427,637,none,moved,0,0,0.0,0.0,2026-07-26 20:11:27.343289
movement,1397,627,none,moved,0,0,1444.2733,0.0,2026-07-26 20:11:27.398141
movement,1313,609,none,moved,0,0,1760.8377,0.0,2026-07-26 20:11:27.453092
movement,1263,605,none,moved,0,0,432.6999,0.0,2026-07-26 20:11:27.507938
movement,1239,601,none,moved,0,0,120.7967,0.0,2026-07-26 20:11:27.564194
movement,1231,597,none,moved,0,0,145.7722,0.0,2026-07-26 20:11:27.617634
movement,1225,594,none,moved,0,0,162.2032,0.0,2026-07-26 20:11:27.679386
movement,1213,589,none,moved,0,0,452.5111,0.0,2026-07-26 20:11:27.734262
movement,1193,581,none,moved,0,0,462.0642,0.0,2026-07-26 20:11:27.789019
movement,1176,574,none,moved,0,0,330.2376,0.0,2026-07-26 20:11:27.843829
movement,1164,568,none,moved,0,0,0.0,0.0,2026-07-26 20:11:27.898657
movement,1157,564,none,moved,0,0,104.4027,0.0,2026-07-26 20:11:27.960351
movement,1153,563,none,moved,0,0,47.9513,0.0,2026-07-26 20:11:28.029090
movement,1152,561,none,moved,0,0,20.7816,0.0,2026-07-26 20:11:28.118310
movement,1152,562,none,moved,0,0,1.32,0.0,2026-07-26 20:11:28.875906
movement,1155,588,none,moved,0,0,603.8675,0.0,2026-07-26 20:11:28.930548
movement,1157,609,none,moved,0,0,294.6576,0.0,2026-07-26 20:11:28.985442
movement,1158,611,none,moved,0,0,0.0,0.0,2026-07-26 20:11:29.067676
movement,1158,610,none,moved,0,0,0.0,0.0,2026-07-26 20:11:29.129420
click,1158,610,left,pressed,0,0,0.0,0.0,2026-07-26 20:11:29.475091
click,1158,610,left,released,0,0,0.0,0.0,2026-07-26 20:11:29.700104
movement,1158,611,none,moved,0,0,0.7582,0.0,2026-07-26 20:11:30.448336
movement,1163,637,none,moved,0,0,439.6272,0.0,2026-07-26 20:11:30.503419
movement,1176,651,none,moved,0,0,328.9635,0.0,2026-07-26 20:11:30.557846
movement,1180,654,none,moved,0,0,0.0,0.0,2026-07-26 20:11:30.612844
movement,1181,654,none,moved,0,0,0.0,0.0,2026-07-26 20:11:30.702010
movement,1181,655,none,moved,0,0,16.2114,0.0,2026-07-26 20:11:30.763692
movement,1185,659,none,moved,0,0,140.9661,0.0,2026-07-26 20:11:30.818862
movement,1187,665,none,moved,0,0,0.0,0.0,2026-07-26 20:11:30.873287
movement,1187,668,none,moved,0,0,35.651,0.0,2026-07-26 20:11:30.935772
movement,1187,670,none,moved,0,0,3.0235,0.0,2026-07-26 20:11:31.597246
movement,1196,694,none,moved,0,0,309.6319,0.0,2026-07-26 20:11:31.652325
movement,1198,711,none,moved,0,0,293.6057,0.0,2026-07-26 20:11:31.706659
movement,1199,714,none,moved,0,0,14.5564,0.0,2026-07-26 20:11:31.809757
click,1199,714,left,pressed,0,0,0.0,0.0,2026-07-26 20:11:32.138588
click,1199,714,left,released,0,0,0.0,0.0,2026-07-26 20:11:32.359848
movement,1201,712,none,moved,0,0,3.1297,0.0,2026-07-26 20:11:32.761140
movement,1269,679,none,moved,0,0,1437.7385,0.0,2026-07-26 20:11:32.816103
movement,1340,663,none,moved,0,0,1014.0252,0.0,2026-07-26 20:11:32.871072
movement,1375,661,none,moved,0,0,593.2118,0.0,2026-07-26 20:11:32.925724
movement,1397,665,none,moved,0,0,310.908,0.0,2026-07-26 20:11:32.976541
movement,1402,669,none,moved,0,0,20.8491,0.0,2026-07-26 20:11:33.065858
movement,1402,670,none,moved,0,0,36.3275,0.0,2026-07-26 20:11:33.141213
movement,1404,673,none,moved,0,0,104.5223,0.0,2026-07-26 20:11:33.196306
movement,1411,690,none,moved,0,0,424.124,0.0,2026-07-26 20:11:33.251220
movement,1416,702,none,moved,0,0,138.9809,0.0,2026-07-26 20:11:33.306035
movement,1417,703,none,moved,0,0,20.5884,0.0,2026-07-26 20:11:33.368273
movement,1417,701,none,moved,0,0,20.7122,0.0,2026-07-26 20:11:33.436379
movement,1417,702,none,moved,0,0,3.429,0.0,2026-07-26 20:11:34.067464
movement,1415,725,none,moved,0,0,288.6949,0.0,2026-07-26 20:11:34.122422
movement,1416,733,none,moved,0,0,0.0,0.0,2026-07-26 20:11:34.204651
movement,1416,732,none,moved,0,0,16.1935,0.0,2026-07-26 20:11:34.280296
click,1416,732,left,pressed,0,0,0.0,0.0,2026-07-26 20:11:34.561519
click,1416,732,left,released,0,0,0.0,0.0,2026-07-26 20:11:34.789965
movement,1420,728,none,moved,0,0,6.9853,0.0,2026-07-26 20:11:35.090121
movement,1483,672,none,moved,0,0,903.6953,0.0,2026-07-26 20:11:35.146800
movement,1577,625,none,moved,0,0,1496.7211,0.0,2026-07-26 20:11:35.199674
movement,1659,609,none,moved,0,0,1475.0498,0.0,2026-07-26 20:11:35.254305
movement,1707,605,none,moved,0,0,589.8125,0.0,2026-07-26 20:11:35.309223
movement,1718,604,none,moved,0,0,0.0,0.0,2026-07-26 20:11:35.370994
movement,1719,604,none,moved,0,0,0.0,0.0,2026-07-26 20:11:35.446557
movement,1719,606,none,moved,0,0,20.9003,0.0,2026-07-26 20:11:35.521744
movement,1719,607,none,moved,0,0,24.2961,0.0,2026-07-26 20:11:35.583711
movement,1723,609,none,moved,0,0,13.6459,0.0,2026-07-26 20:11:35.911458
movement,1801,645,none,moved,0,0,1891.489,0.0,2026-07-26 20:11:35.966232
movement,1848,659,none,moved,0,0,432.122,0.0,2026-07-26 20:11:36.021385
movement,1852,661,none,moved,0,0,16.2161,0.0,2026-07-26 20:11:36.110081
movement,1851,661,none,moved,0,0,0.0,0.0,2026-07-26 20:11:36.178652
movement,1848,661,none,moved,0,0,49.039,0.0,2026-07-26 20:11:36.247274
movement,1847,662,none,moved,0,0,67.5501,0.0,2026-07-26 20:11:36.315772
movement,1843,662,none,moved,0,0,73.0855,0.0,2026-07-26 20:11:36.377459
movement,1838,663,none,moved,0,0,285.6669,0.0,2026-07-26 20:11:36.432496
movement,1832,664,none,moved,0,0,0.0,0.0,2026-07-26 20:11:36.494333
movement,1824,667,none,moved,0,0,9.9114,0.0,2026-07-26 20:11:37.191301
movement,1749,709,none,moved,0,0,1159.2184,0.0,2026-07-26 20:11:37.245976
movement,1702,728,none,moved,0,0,606.5149,0.0,2026-07-26 20:11:37.300643
movement,1682,731,none,moved,0,0,441.0878,0.0,2026-07-26 20:11:37.355466
movement,1664,733,none,moved,0,0,466.2928,0.0,2026-07-26 20:11:37.410333
movement,1636,734,none,moved,0,0,448.9408,0.0,2026-07-26 20:11:37.465258
movement,1619,731,none,moved,0,0,137.3965,0.0,2026-07-26 20:11:37.520598
movement,1614,731,none,moved,0,0,0.0,0.0,2026-07-26 20:11:37.609238
click,1615,731,left,pressed,0,0,0.0,0.0,2026-07-26 20:11:37.911398
click,1615,731,left,released,0,0,0.0,0.0,2026-07-26 20:11:38.125523
movement,1614,724,none,moved,0,0,8.8034,0.0,2026-07-26 20:11:38.419318
movement,1581,653,none,moved,0,0,1133.9851,0.0,2026-07-26 20:11:38.473903
movement,1551,612,none,moved,0,0,921.4523,0.0,2026-07-26 20:11:38.528863
movement,1537,598,none,moved,0,0,203.9066,0.0,2026-07-26 20:11:38.583674
click,1534,592,right,pressed,0,0,0.0,0.0,2026-07-26 20:11:38.962375
click,1534,592,right,released,0,0,0.0,0.0,2026-07-26 20:11:39.026176
movement,1533,587,none,moved,0,0,4.2567,0.0,2026-07-26 20:11:39.809133
movement,1514,524,none,moved,0,0,1456.7515,0.0,2026-07-26 20:11:39.863990
movement,1488,442,none,moved,0,0,1427.9134,0.0,2026-07-26 20:11:39.919265
movement,1475,394,none,moved,0,0,514.3627,0.0,2026-07-26 20:11:39.973645
movement,1471,393,none,moved,0,0,149.8019,0.0,2026-07-26 20:11:40.028209
movement,1467,401,none,moved,0,0,324.7827,0.0,2026-07-26 20:11:40.083084
movement,1461,415,none,moved,0,0,406.0543,0.0,2026-07-26 20:11:40.138097
movement,1433,448,none,moved,0,0,847.3697,0.0,2026-07-26 20:11:40.193044
movement,1392,507,none,moved,0,0,1872.3264,0.0,2026-07-26 20:11:40.247693
movement,1321,583,none,moved,0,0,1771.709,0.0,2026-07-26 20:11:40.302666
movement,1257,625,none,moved,0,0,1310.7507,0.0,2026-07-26 20:11:40.357351
movement,1230,633,none,moved,0,0,294.5645,0.0,2026-07-26 20:11:40.412283
movement,1198,637,none,moved,0,0,573.6781,0.0,2026-07-26 20:11:40.467355
movement,1161,633,none,moved,0,0,899.674,0.0,2026-07-26 20:11:40.521943
movement,1104,623,none,moved,0,0,1156.3029,0.0,2026-07-26 20:11:40.576611
movement,1041,602,none,moved,0,0,1452.0406,0.0,2026-07-26 20:11:40.631562
scroll,1031,594,none,scrolled_down,0,-2,0.0,0.0,2026-07-26 20:11:40.952893
scroll,1031,594,none,scrolled_down,0,-1,0.0,0.0,2026-07-26 20:11:40.955351
scroll,1031,594,none,scrolled_down,0,-1,0.0,0.0,2026-07-26 20:11:40.960229
scroll,1031,594,none,scrolled_down,0,-1,0.0,0.0,2026-07-26 20:11:40.966963
scroll,1031,594,none,scrolled_down,0,-1,0.0,0.0,2026-07-26 20:11:40.974479
scroll,1031,594,none,scrolled_down,0,-2,0.0,0.0,2026-07-26 20:11:40.999007
scroll,1031,594,none,scrolled_down,0,-1,0.0,0.0,2026-07-26 20:11:41.003117
scroll,1031,594,none,scrolled_down,0,-1,0.0,0.0,2026-07-26 20:11:41.007455
scroll,1031,594,none,scrolled_down,0,-1,0.0,0.0,2026-07-26 20:11:41.009702
scroll,1031,594,none,scrolled_down,0,-1,0.0,0.0,2026-07-26 20:11:41.025089
scroll,1031,594,none,scrolled_down,0,-1,0.0,0.0,2026-07-26 20:11:41.042089
scroll,1031,594,none,scrolled_down,0,-1,0.0,0.0,2026-07-26 20:11:41.055114
scroll,1031,594,none,scrolled_down,0,-2,0.0,0.0,2026-07-26 20:11:41.078921
scroll,1031,594,none,scrolled_down,0,-1,0.0,0.0,2026-07-26 20:11:41.085329
scroll,1031,594,none,scrolled_down,0,-1,0.0,0.0,2026-07-26 20:11:41.111106
scroll,1031,594,none,scrolled_down,0,-1,0.0,0.0,2026-07-26 20:11:41.118480
scroll,1031,594,none,scrolled_down,0,-1,0.0,0.0,2026-07-26 20:11:41.142488
scroll,1031,594,none,scrolled_down,0,-1,0.0,0.0,2026-07-26 20:11:41.151202
scroll,1031,594,none,scrolled_down,0,-1,0.0,0.0,2026-07-26 20:11:41.167277
scroll,1031,594,none,scrolled_down,0,-1,0.0,0.0,2026-07-26 20:11:41.182609
scroll,1031,594,none,scrolled_down,0,-1,0.0,0.0,2026-07-26 20:11:41.198077
scroll,1031,594,none,scrolled_down,0,-1,0.0,0.0,2026-07-26 20:11:41.213835
scroll,1031,594,none,scrolled_down,0,-1,0.0,0.0,2026-07-26 20:11:41.230053
scroll,1031,594,none,scrolled_down,0,-1,0.0,0.0,2026-07-26 20:11:41.245063
scroll,1031,594,none,scrolled_down,0,-1,0.0,0.0,2026-07-26 20:11:41.258075
scroll,1031,594,none,scrolled_down,0,-1,0.0,0.0,2026-07-26 20:11:41.280967
scroll,1031,594,none,scrolled_down,0,0,0.0,0.0,2026-07-26 20:11:41.289823
scroll,1031,594,none,scrolled_down,0,0,0.0,0.0,2026-07-26 20:11:41.296418
scroll,1031,594,none,scrolled_down,0,0,0.0,0.0,2026-07-26 20:11:41.303429
scroll,1031,594,none,scrolled_down,0,0,0.0,0.0,2026-07-26 20:11:41.310114
scroll,1031,594,none,scrolled_down,0,0,0.0,0.0,2026-07-26 20:11:41.316861
scroll,1031,594,none,scrolled_down,0,0,0.0,0.0,2026-07-26 20:11:41.323824
scroll,1031,594,none,scrolled_down,0,0,0.0,0.0,2026-07-26 20:11:41.330946
scroll,1031,594,none,scrolled_down,0,0,0.0,0.0,2026-07-26 20:11:41.337912
scroll,1031,594,none,scrolled_down,0,-2,0.0,0.0,2026-07-26 20:11:41.344194
scroll,1031,594,none,scrolled_down,0,0,0.0,0.0,2026-07-26 20:11:41.350220
scroll,1031,594,none,scrolled_down,0,0,0.0,0.0,2026-07-26 20:11:41.363770
scroll,1031,594,none,scrolled_down,0,0,0.0,0.0,2026-07-26 20:11:41.365297
scroll,1031,594,none,scrolled_down,0,0,0.0,0.0,2026-07-26 20:11:41.371270
scroll,1031,594,none,scrolled_down,0,0,0.0,0.0,2026-07-26 20:11:41.383735
scroll,1031,594,none,scrolled_up,0,1,0.0,0.0,2026-07-26 20:11:41.398897
scroll,1031,594,none,scrolled_up,0,1,0.0,0.0,2026-07-26 20:11:41.425298
scroll,1031,594,none,scrolled_down,0,0,0.0,0.0,2026-07-26 20:11:41.430669
scroll,1031,594,none,scrolled_up,0,1,0.0,0.0,2026-07-26 20:11:41.459495
scroll,1031,594,none,scrolled_down,0,0,0.0,0.0,2026-07-26 20:11:41.461870
scroll,1031,594,none,scrolled_up,0,1,0.0,0.0,2026-07-26 20:11:41.486240
scroll,1031,594,none,scrolled_down,0,0,0.0,0.0,2026-07-26 20:11:41.490436
scroll,1031,594,none,scrolled_down,0,0,0.0,0.0,2026-07-26 20:11:41.518995
scroll,1031,594,none,scrolled_down,0,0,0.0,0.0,2026-07-26 20:11:41.523770
scroll,1031,594,none,scrolled_down,0,0,0.0,0.0,2026-07-26 20:11:41.549795
scroll,1031,594,none,scrolled_down,0,0,0.0,0.0,2026-07-26 20:11:41.555512
scroll,1031,594,none,scrolled_down,0,0,0.0,0.0,2026-07-26 20:11:41.578173
scroll,1031,594,none,scrolled_down,0,0,0.0,0.0,2026-07-26 20:11:41.584185
scroll,1031,594,none,scrolled_down,0,0,0.0,0.0,2026-07-26 20:11:41.612011
scroll,1031,594,none,scrolled_down,0,0,0.0,0.0,2026-07-26 20:11:41.616114
scroll,1031,594,none,scrolled_down,0,0,0.0,0.0,2026-07-26 20:11:41.643432
scroll,1031,594,none,scrolled_down,0,0,0.0,0.0,2026-07-26 20:11:41.646976
scroll,1031,594,none,scrolled_down,0,0,0.0,0.0,2026-07-26 20:11:41.672777
scroll,1031,594,none,scrolled_down,0,0,0.0,0.0,2026-07-26 20:11:41.677827
movement,1029,602,none,moved,0,0,7.7831,0.0,2026-07-26 20:11:41.704831
movement,1018,651,none,moved,0,0,323.9189,0.0,2026-07-26 20:11:41.759385
movement,1018,652,none,moved,0,0,0.0,0.0,2026-07-26 20:11:41.827887
click,1018,652,left,pressed,0,0,0.0,0.0,2026-07-26 20:11:42.152328
click,1018,652,left,released,0,0,0.0,0.0,2026-07-26 20:11:42.372622
scroll,1018,652,none,scrolled_up,0,1,0.0,0.0,2026-07-26 20:11:42.644613
scroll,1018,652,none,scrolled_up,0,5,0.0,0.0,2026-07-26 20:11:42.701456
scroll,1018,652,none,scrolled_down,0,0,0.0,0.0,2026-07-26 20:11:42.728688
scroll,1018,652,none,scrolled_down,0,-2,0.0,0.0,2026-07-26 20:11:42.745693
scroll,1018,652,none,scrolled_down,0,0,0.0,0.0,2026-07-26 20:11:42.758887
scroll,1018,652,none,scrolled_up,0,1,0.0,0.0,2026-07-26 20:11:42.778108
scroll,1018,652,none,scrolled_down,0,0,0.0,0.0,2026-07-26 20:11:42.798190
scroll,1018,652,none,scrolled_down,0,0,0.0,0.0,2026-07-26 20:11:42.812806
scroll,1018,652,none,scrolled_down,0,0,0.0,0.0,2026-07-26 20:11:42.823510
scroll,1018,652,none,scrolled_down,0,0,0.0,0.0,2026-07-26 20:11:42.836595
scroll,1018,652,none,scrolled_down,0,0,0.0,0.0,2026-07-26 20:11:42.854372
scroll,1018,652,none,scrolled_down,0,0,0.0,0.0,2026-07-26 20:11:42.905036
scroll,1018,652,none,scrolled_down,0,0,0.0,0.0,2026-07-26 20:11:42.914862
scroll,1018,652,none,scrolled_down,0,0,0.0,0.0,2026-07-26 20:11:42.925639
scroll,1018,652,none,scrolled_down,0,0,0.0,0.0,2026-07-26 20:11:42.932382
scroll,1018,652,none,scrolled_down,0,0,0.0,0.0,2026-07-26 20:11:42.937077
scroll,1018,652,none,scrolled_down,0,0,0.0,0.0,2026-07-26 20:11:42.946413
scroll,1018,652,none,scrolled_down,0,0,0.0,0.0,2026-07-26 20:11:42.976374
scroll,1018,652,none,scrolled_down,0,0,0.0,0.0,2026-07-26 20:11:43.104439
scroll,1018,652,none,scrolled_down,0,0,0.0,0.0,2026-07-26 20:11:43.107652
scroll,1018,652,none,scrolled_down,0,0,0.0,0.0,2026-07-26 20:11:43.111339
scroll,1018,652,none,scrolled_up,0,6,0.0,0.0,2026-07-26 20:11:43.116213
scroll,1018,652,none,scrolled_up,0,1,0.0,0.0,2026-07-26 20:11:43.139463
scroll,1018,652,none,scrolled_up,0,1,0.0,0.0,2026-07-26 20:11:43.160282
scroll,1018,652,none,scrolled_down,0,0,0.0,0.0,2026-07-26 20:11:43.175029
scroll,1018,652,none,scrolled_down,0,0,0.0,0.0,2026-07-26 20:11:43.178448
scroll,1018,652,none,scrolled_down,0,0,0.0,0.0,2026-07-26 20:11:43.193960
scroll,1018,652,none,scrolled_down,0,0,0.0,0.0,2026-07-26 20:11:43.210269
scroll,1018,652,none,scrolled_down,0,0,0.0,0.0,2026-07-26 20:11:43.232506
scroll,1018,652,none,scrolled_down,0,-1,0.0,0.0,2026-07-26 20:11:43.261738
scroll,1018,652,none,scrolled_down,0,-1,0.0,0.0,2026-07-26 20:11:43.268540
scroll,1018,652,none,scrolled_down,0,-1,0.0,0.0,2026-07-26 20:11:43.275501
scroll,1018,652,none,scrolled_down,0,-1,0.0,0.0,2026-07-26 20:11:43.282301
scroll,1018,652,none,scrolled_down,0,-1,0.0,0.0,2026-07-26 20:11:43.289685
scroll,1018,652,none,scrolled_down,0,-1,0.0,0.0,2026-07-26 20:11:43.295988
scroll,1018,652,none,scrolled_down,0,-1,0.0,0.0,2026-07-26 20:11:43.303469
scroll,1018,652,none,scrolled_down,0,-1,0.0,0.0,2026-07-26 20:11:43.309862
scroll,1018,652,none,scrolled_down,0,-1,0.0,0.0,2026-07-26 20:11:43.316400
scroll,1018,652,none,scrolled_down,0,-1,0.0,0.0,2026-07-26 20:11:43.332278
scroll,1018,652,none,scrolled_down,0,-1,0.0,0.0,2026-07-26 20:11:43.345205
scroll,1018,652,none,scrolled_down,0,-2,0.0,0.0,2026-07-26 20:11:43.346984
scroll,1018,652,none,scrolled_down,0,-1,0.0,0.0,2026-07-26 20:11:43.350726
scroll,1018,652,none,scrolled_down,0,-1,0.0,0.0,2026-07-26 20:11:43.357648
scroll,1018,652,none,scrolled_down,0,-1,0.0,0.0,2026-07-26 20:11:43.373528
scroll,1018,652,none,scrolled_down,0,-1,0.0,0.0,2026-07-26 20:11:43.375215
scroll,1018,652,none,scrolled_down,0,-1,0.0,0.0,2026-07-26 20:11:43.399447
scroll,1018,652,none,scrolled_down,0,-1,0.0,0.0,2026-07-26 20:11:43.430763
scroll,1018,652,none,scrolled_down,0,-1,0.0,0.0,2026-07-26 20:11:43.466353
scroll,1018,652,none,scrolled_down,0,-1,0.0,0.0,2026-07-26 20:11:43.497192
scroll,1018,652,none,scrolled_down,0,-1,0.0,0.0,2026-07-26 20:11:43.528114
scroll,1018,652,none,scrolled_down,0,-1,0.0,0.0,2026-07-26 20:11:43.562500
scroll,1018,652,none,scrolled_down,0,-1,0.0,0.0,2026-07-26 20:11:43.583960
scroll,1018,652,none,scrolled_down,0,-1,0.0,0.0,2026-07-26 20:11:43.645809
scroll,1018,652,none,scrolled_down,0,-1,0.0,0.0,2026-07-26 20:11:43.653040
scroll,1018,652,none,scrolled_down,0,-1,0.0,0.0,2026-07-26 20:11:43.660243
scroll,1018,652,none,scrolled_down,0,-1,0.0,0.0,2026-07-26 20:11:43.666192
scroll,1018,652,none,scrolled_down,0,-1,0.0,0.0,2026-07-26 20:11:43.674196
scroll,1018,652,none,scrolled_down,0,-1,0.0,0.0,2026-07-26 20:11:43.691153
scroll,1018,652,none,scrolled_down,0,-1,0.0,0.0,2026-07-26 20:11:43.693730
scroll,1018,652,none,scrolled_down,0,-2,0.0,0.0,2026-07-26 20:11:43.710280
scroll,1018,652,none,scrolled_down,0,-1,0.0,0.0,2026-07-26 20:11:43.716104
idle,1018,652,none,idle_start,0,0,0.0,0.0,2026-07-26 20:11:43.728395
scroll,1018,652,none,scrolled_down,0,-2,0.0,0.0,2026-07-26 20:11:43.737374
scroll,1018,652,none,scrolled_down,0,-1,0.0,0.0,2026-07-26 20:11:43.749116
scroll,1018,652,none,scrolled_down,0,-1,0.0,0.0,2026-07-26 20:11:43.808275
scroll,1018,652,none,scrolled_down,0,-1,0.0,0.0,2026-07-26 20:11:43.829089
scroll,1018,652,none,scrolled_down,0,-1,0.0,0.0,2026-07-26 20:11:43.839594
scroll,1018,652,none,scrolled_down,0,-1,0.0,0.0,2026-07-26 20:11:43.852413
scroll,1018,652,none,scrolled_down,0,-1,0.0,0.0,2026-07-26 20:11:43.874545
scroll,1018,652,none,scrolled_down,0,-1,0.0,0.0,2026-07-26 20:11:43.891350
scroll,1018,652,none,scrolled_down,0,-1,0.0,0.0,2026-07-26 20:11:43.906467
scroll,1018,652,none,scrolled_down,0,-1,0.0,0.0,2026-07-26 20:11:43.923024
scroll,1018,652,none,scrolled_down,0,-1,0.0,0.0,2026-07-26 20:11:43.938634
scroll,1018,652,none,scrolled_down,0,-1,0.0,0.0,2026-07-26 20:11:43.955122
scroll,1018,652,none,scrolled_down,0,-1,0.0,0.0,2026-07-26 20:11:43.970629
scroll,1018,652,none,scrolled_down,0,0,0.0,0.0,2026-07-26 20:11:44.048444
scroll,1018,652,none,scrolled_down,0,0,0.0,0.0,2026-07-26 20:11:44.055850
scroll,1018,652,none,scrolled_down,0,0,0.0,0.0,2026-07-26 20:11:44.062533
scroll,1018,652,none,scrolled_down,0,0,0.0,0.0,2026-07-26 20:11:44.076189
scroll,1018,652,none,scrolled_down,0,0,0.0,0.0,2026-07-26 20:11:44.082867
scroll,1018,652,none,scrolled_down,0,0,0.0,0.0,2026-07-26 20:11:44.094283
scroll,1018,652,none,scrolled_down,0,0,0.0,0.0,2026-07-26 20:11:44.102193
scroll,1018,652,none,scrolled_up,0,1,0.0,0.0,2026-07-26 20:11:44.131988
scroll,1018,652,none,scrolled_up,0,1,0.0,0.0,2026-07-26 20:11:44.149612
scroll,1018,652,none,scrolled_up,0,1,0.0,0.0,2026-07-26 20:11:44.157070
scroll,1018,652,none,scrolled_down,0,0,0.0,0.0,2026-07-26 20:11:44.161610
scroll,1018,652,none,scrolled_down,0,-2,0.0,0.0,2026-07-26 20:11:44.163933
scroll,1018,652,none,scrolled_down,0,0,0.0,0.0,2026-07-26 20:11:44.173127
scroll,1018,652,none,scrolled_up,0,1,0.0,0.0,2026-07-26 20:11:44.197655
scroll,1018,652,none,scrolled_down,0,0,0.0,0.0,2026-07-26 20:11:44.209485
scroll,1018,652,none,scrolled_down,0,0,0.0,0.0,2026-07-26 20:11:44.220805
scroll,1018,652,none,scrolled_up,0,1,0.0,0.0,2026-07-26 20:11:44.229654
scroll,1018,652,none,scrolled_down,0,0,0.0,0.0,2026-07-26 20:11:44.248088
scroll,1018,652,none,scrolled_down,0,0,0.0,0.0,2026-07-26 20:11:44.267438
scroll,1018,652,none,scrolled_down,0,0,0.0,0.0,2026-07-26 20:11:44.280754
scroll,1018,652,none,scrolled_down,0,0,0.0,0.0,2026-07-26 20:11:44.302873
scroll,1018,652,none,scrolled_down,0,0,0.0,0.0,2026-07-26 20:11:44.315201
scroll,1018,652,none,scrolled_down,0,0,0.0,0.0,2026-07-26 20:11:44.337235
scroll,1018,652,none,scrolled_down,0,0,0.0,0.0,2026-07-26 20:11:44.370373
scroll,1018,652,none,scrolled_down,0,0,0.0,0.0,2026-07-26 20:11:44.403405
scroll,1018,652,none,scrolled_down,0,0,0.0,0.0,2026-07-26 20:11:44.419048
scroll,1018,652,none,scrolled_down,0,0,0.0,0.0,2026-07-26 20:11:44.433635
scroll,1018,652,none,scrolled_down,0,0,0.0,0.0,2026-07-26 20:11:44.455610
scroll,1018,652,none,scrolled_down,0,0,0.0,0.0,2026-07-26 20:11:44.469857
scroll,1018,652,none,scrolled_down,0,0,0.0,0.0,2026-07-26 20:11:44.502280
scroll,1018,652,none,scrolled_down,0,0,0.0,0.0,2026-07-26 20:11:45.039296
scroll,1018,652,none,scrolled_down,0,0,0.0,0.0,2026-07-26 20:11:45.046297
scroll,1018,652,none,scrolled_down,0,0,0.0,0.0,2026-07-26 20:11:45.053049
scroll,1018,652,none,scrolled_down,0,0,0.0,0.0,2026-07-26 20:11:45.059930
scroll,1018,652,none,scrolled_down,0,0,0.0,0.0,2026-07-26 20:11:45.067424
scroll,1018,652,none,scrolled_down,0,0,0.0,0.0,2026-07-26 20:11:45.074040
scroll,1018,652,none,scrolled_down,0,0,0.0,0.0,2026-07-26 20:11:45.080289
scroll,1018,652,none,scrolled_down,0,0,0.0,0.0,2026-07-26 20:11:45.087449
scroll,1018,652,none,scrolled_down,0,0,0.0,0.0,2026-07-26 20:11:45.094206
scroll,1018,652,none,scrolled_down,0,0,0.0,0.0,2026-07-26 20:11:45.100856
scroll,1018,652,none,scrolled_down,0,0,0.0,0.0,2026-07-26 20:11:45.108199
scroll,1018,652,none,scrolled_down,0,0,0.0,0.0,2026-07-26 20:11:45.114635
scroll,1018,652,none,scrolled_down,0,0,0.0,0.0,2026-07-26 20:11:45.121771
scroll,1018,652,none,scrolled_down,0,0,0.0,0.0,2026-07-26 20:11:45.128379
scroll,1018,652,none,scrolled_down,0,0,0.0,0.0,2026-07-26 20:11:45.177850
scroll,1018,652,none,scrolled_down,0,0,0.0,0.0,2026-07-26 20:11:45.181235
scroll,1018,652,none,scrolled_down,0,-1,0.0,0.0,2026-07-26 20:11:45.210381
idle,1009,643,none,idle_end,0,0,0.0,2.1162,2026-07-26 20:11:45.844646
movement,1009,643,none,moved,0,0,3.1687,0.0,2026-07-26 20:11:45.845034
movement,900,585,none,moved,0,0,2373.5901,0.0,2026-07-26 20:11:45.898843
movement,780,596,none,moved,0,0,2138.1552,0.0,2026-07-26 20:11:45.953908
movement,754,607,none,moved,0,0,0.0,0.0,2026-07-26 20:11:46.008651
movement,755,607,none,moved,0,0,0.0,0.0,2026-07-26 20:11:46.070238
movement,787,585,none,moved,0,0,39.0431,0.0,2026-07-26 20:11:46.523547
movement,883,504,none,moved,0,0,2875.3892,0.0,2026-07-26 20:11:46.578378
movement,1121,542,none,moved,0,0,5899.6564,0.0,2026-07-26 20:11:46.633212
movement,1316,682,none,moved,0,0,3489.4079,0.0,2026-07-26 20:11:46.688170
movement,1358,778,none,moved,0,0,1056.6518,0.0,2026-07-26 20:11:46.743014
movement,1340,785,none,moved,0,0,28.3144,0.0,2026-07-26 20:11:47.034162
movement,1296,815,none,moved,0,0,737.9401,0.0,2026-07-26 20:11:47.088819
movement,1274,841,none,moved,0,0,205.7241,0.0,2026-07-26 20:11:47.143572
movement,1272,844,none,moved,0,0,29.2247,0.0,2026-07-26 20:11:47.205419
movement,1251,879,none,moved,0,0,1466.7343,0.0,2026-07-26 20:11:47.260197
movement,1212,941,none,moved,0,0,1140.817,0.0,2026-07-26 20:11:47.315139
movement,1182,985,none,moved,0,0,1415.2504,0.0,2026-07-26 20:11:47.369798
movement,1163,1025,none,moved,0,0,484.0536,0.0,2026-07-26 20:11:47.424975
movement,1159,1033,none,moved,0,0,2.932,0.0,2026-07-26 20:11:47.799842
movement,1182,1047,none,moved,0,0,451.8329,0.0,2026-07-26 20:11:47.854536
movement,1189,1046,none,moved,0,0,47.9672,0.0,2026-07-26 20:11:47.923180
movement,1185,1046,none,moved,0,0,292.0926,0.0,2026-07-26 20:11:47.977825
movement,1125,1042,none,moved,0,0,1638.7549,0.0,2026-07-26 20:11:48.032648
movement,1043,1033,none,moved,0,0,1078.0883,0.0,2026-07-26 20:11:48.087569
movement,1009,1027,none,moved,0,0,292.6429,0.0,2026-07-26 20:11:48.142302
movement,1000,1025,none,moved,0,0,0.0,0.0,2026-07-26 20:11:48.193053
movement,998,1025,none,moved,0,0,0.0,0.0,2026-07-26 20:11:48.244855
movement,998,1025,none,moved,0,0,0.0,0.0,2026-07-26 20:11:48.313683
movement,1005,1023,none,moved,0,0,27.2625,0.0,2026-07-26 20:11:48.607364
movement,1103,996,none,moved,0,0,1825.4833,0.0,2026-07-26 20:11:48.662117
movement,1169,978,none,moved,0,0,744.4101,0.0,2026-07-26 20:11:48.716933
movement,1196,973,none,moved,0,0,435.1389,0.0,2026-07-26 20:11:48.771894
movement,1214,976,none,moved,0,0,330.4937,0.0,2026-07-26 20:11:48.826708
movement,1223,985,none,moved,0,0,327.6762,0.0,2026-07-26 20:11:48.881485
movement,1234,1002,none,moved,0,0,332.0264,0.0,2026-07-26 20:11:48.936397
movement,1247,1020,none,moved,0,0,526.6875,0.0,2026-07-26 20:11:48.991235
movement,1261,1038,none,moved,0,0,208.2447,0.0,2026-07-26 20:11:49.046259
movement,1265,1042,none,moved,0,0,47.9705,0.0,2026-07-26 20:11:49.108443
movement,1266,1039,none,moved,0,0,150.9666,0.0,2026-07-26 20:11:49.162885
movement,1266,1035,none,moved,0,0,73.1148,0.0,2026-07-26 20:11:49.224369
movement,1267,1033,none,moved,0,0,104.1589,0.0,2026-07-26 20:11:49.279163
click,1267,1032,left,pressed,0,0,0.0,0.0,2026-07-26 20:11:49.624260
click,1267,1032,left,released,0,0,0.0,0.0,2026-07-26 20:11:49.853010
movement,1263,1026,none,moved,0,0,8.1876,0.0,2026-07-26 20:11:50.200964
movement,1166,957,none,moved,0,0,2509.6917,0.0,2026-07-26 20:11:50.255813
movement,1012,913,none,moved,0,0,2874.4139,0.0,2026-07-26 20:11:50.310504
movement,904,907,none,moved,0,0,1474.1684,0.0,2026-07-26 20:11:50.365283
movement,855,908,none,moved,0,0,340.4265,0.0,2026-07-26 20:11:50.420226
movement,850,911,none,moved,0,0,24.0301,0.0,2026-07-26 20:11:50.496080
movement,851,907,none,moved,0,0,10.8374,0.0,2026-07-26 20:11:50.898926
movement,853,875,none,moved,0,0,145.3429,0.0,2026-07-26 20:11:50.953738
movement,853,873,none,moved,0,0,0.0,0.0,2026-07-26 20:11:51.015868
movement,852,877,none,moved,0,0,67.8344,0.0,2026-07-26 20:11:51.077740
movement,823,913,none,moved,0,0,1470.1896,0.0,2026-07-26 20:11:51.132244
movement,792,942,none,moved,0,0,329.9936,0.0,2026-07-26 20:11:51.186966
click,790,942,left,pressed,0,0,0.0,0.0,2026-07-26 20:11:51.449650
click,790,942,left,released,0,0,0.0,0.0,2026-07-26 20:11:51.667259
idle,790,942,none,idle_start,0,0,0.0,0.0,2026-07-26 20:11:52.848824
movement,584,987,none,moved,0,0,0.0,0.0,2026-07-26 20:17:00.982140
movement,603,879,none,moved,0,0,1845.6208,0.0,2026-07-26 20:17:01.035633
movement,619,823,none,moved,0,0,289.6219,0.0,2026-07-26 20:17:01.090423
movement,620,821,none,moved,0,0,0.0,0.0,2026-07-26 20:17:01.145193
movement,620,822,none,moved,0,0,0.0,0.0,2026-07-26 20:17:01.213716
movement,655,765,none,moved,0,0,2946.4943,0.0,2026-07-26 20:17:01.269261
movement,772,543,none,moved,0,0,3673.7925,0.0,2026-07-26 20:17:01.323550
movement,797,492,none,moved,0,0,149.2741,0.0,2026-07-26 20:17:01.378402
click,796,491,left,pressed,0,0,0.0,0.0,2026-07-26 20:17:01.683015
click,796,491,left,released,0,0,0.0,0.0,2026-07-26 20:17:01.898997
movement,793,499,none,moved,0,0,10.4378,0.0,2026-07-26 20:17:02.244968
movement,741,663,none,moved,0,0,3259.1519,0.0,2026-07-26 20:17:02.298946
movement,679,795,none,moved,0,0,2195.2843,0.0,2026-07-26 20:17:02.353970
movement,636,858,none,moved,0,0,1079.004,0.0,2026-07-26 20:17:02.409042
movement,604,887,none,moved,0,0,478.872,0.0,2026-07-26 20:17:02.464154
movement,598,896,none,moved,0,0,75.0189,0.0,2026-07-26 20:17:02.518479
movement,600,895,none,moved,0,0,48.4303,0.0,2026-07-26 20:17:02.587095
movement,615,908,none,moved,0,0,691.308,0.0,2026-07-26 20:17:02.642151
movement,645,928,none,moved,0,0,509.0473,0.0,2026-07-26 20:17:02.696740
movement,666,937,none,moved,0,0,463.9715,0.0,2026-07-26 20:17:02.751347
idle,674,937,none,idle_start,0,0,0.0,0.0,2026-07-26 20:17:04.645504
idle,677,937,none,idle_end,0,0,0.0,0.918,2026-07-26 20:17:05.563507
movement,677,937,none,moved,0,0,1.0747,0.0,2026-07-26 20:17:05.564707
movement,727,953,none,moved,0,0,920.1217,0.0,2026-07-26 20:17:05.617354
movement,741,959,none,moved,0,0,152.2654,0.0,2026-07-26 20:17:05.672164
movement,742,959,none,moved,0,0,0.0,0.0,2026-07-26 20:17:05.740831
movement,742,960,none,moved,0,0,1.8491,0.0,2026-07-26 20:17:06.281651
movement,741,964,none,moved,0,0,443.8417,0.0,2026-07-26 20:17:06.334559
movement,801,961,none,moved,0,0,2476.9225,0.0,2026-07-26 20:17:06.389361
movement,1031,961,none,moved,0,0,4603.2059,0.0,2026-07-26 20:17:06.444074
movement,1202,977,none,moved,0,0,2323.2153,0.0,2026-07-26 20:17:06.498803
movement,1257,987,none,moved,0,0,72.7294,0.0,2026-07-26 20:17:06.560587
movement,1262,989,none,moved,0,0,20.9516,0.0,2026-07-26 20:17:06.817623
movement,1341,1043,none,moved,0,0,1637.6686,0.0,2026-07-26 20:17:06.872220
movement,1379,1067,none,moved,0,0,142.1027,0.0,2026-07-26 20:17:06.927376
movement,1381,1071,none,moved,0,0,49.237,0.0,2026-07-26 20:17:06.982282
movement,1380,1073,none,moved,0,0,48.4997,0.0,2026-07-26 20:17:07.043781
movement,1378,1074,none,moved,0,0,16.3283,0.0,2026-07-26 20:17:07.132545
movement,1377,1075,none,moved,0,0,0.0,0.0,2026-07-26 20:17:07.188934
movement,1376,1076,none,moved,0,0,0.0,0.0,2026-07-26 20:17:07.290454
movement,1377,1071,none,moved,0,0,210.6182,0.0,2026-07-26 20:17:07.345206
movement,1382,1062,none,moved,0,0,207.2262,0.0,2026-07-26 20:17:07.400104
click,1384,1058,left,pressed,0,0,0.0,0.0,2026-07-26 20:17:07.746370
click,1384,1058,left,released,0,0,0.0,0.0,2026-07-26 20:17:07.962203
movement,1379,1052,none,moved,0,0,6.8846,0.0,2026-07-26 20:17:08.575684
movement,1222,915,none,moved,0,0,7111.115,0.0,2026-07-26 20:17:08.630567
movement,885,751,none,moved,0,0,5708.4156,0.0,2026-07-26 20:17:08.686300
movement,570,733,none,moved,0,0,4743.0479,0.0,2026-07-26 20:17:08.740466
movement,467,745,none,moved,0,0,446.6595,0.0,2026-07-26 20:17:08.795532
movement,462,735,none,moved,0,0,50.2531,0.0,2026-07-26 20:17:09.049331
movement,400,602,none,moved,0,0,2727.288,0.0,2026-07-26 20:17:09.103723
movement,366,462,none,moved,0,0,2492.9657,0.0,2026-07-26 20:17:09.158620
movement,352,361,none,moved,0,0,1265.8146,0.0,2026-07-26 20:17:09.213440
movement,335,310,none,moved,0,0,767.9264,0.0,2026-07-26 20:17:09.268566
movement,314,287,none,moved,0,0,329.3563,0.0,2026-07-26 20:17:09.323244
movement,310,285,none,moved,0,0,79.4963,0.0,2026-07-26 20:17:09.378038
movement,304,284,none,moved,0,0,279.5457,0.0,2026-07-26 20:17:09.433084
movement,277,271,none,moved,0,0,1101.2883,0.0,2026-07-26 20:17:09.487623
movement,223,259,none,moved,0,0,1018.3527,0.0,2026-07-26 20:17:09.542709
movement,154,262,none,moved,0,0,733.6804,0.0,2026-07-26 20:17:09.597518
movement,139,262,none,moved,0,0,147.614,0.0,2026-07-26 20:17:09.652241
movement,141,264,none,moved,0,0,47.8769,0.0,2026-07-26 20:17:09.721125
movement,142,266,none,moved,0,0,0.0,0.0,2026-07-26 20:17:09.817222
movement,141,264,none,moved,0,0,209.111,0.0,2026-07-26 20:17:09.871714
movement,141,261,none,moved,0,0,71.5507,0.0,2026-07-26 20:17:09.926717
movement,136,261,none,moved,0,0,11.8623,0.0,2026-07-26 20:17:10.348217
movement,93,263,none,moved,0,0,291.433,0.0,2026-07-26 20:17:10.402848
movement,86,262,none,moved,0,0,0.0,0.0,2026-07-26 20:17:10.465596
movement,88,262,none,moved,0,0,0.0,0.0,2026-07-26 20:17:10.519413
movement,91,262,none,moved,0,0,0.8606,0.0,2026-07-26 20:17:11.688326
movement,92,262,none,moved,0,0,38.9432,0.0,2026-07-26 20:17:11.742908
movement,94,261,none,moved,0,0,0.0,0.0,2026-07-26 20:17:11.811144
movement,98,260,none,moved,0,0,47.1201,0.0,2026-07-26 20:17:11.880271
movement,112,255,none,moved,0,0,343.5565,0.0,2026-07-26 20:17:11.934315
movement,117,254,none,moved,0,0,73.5391,0.0,2026-07-26 20:17:11.989176
movement,117,253,none,moved,0,0,9.1111,0.0,2026-07-26 20:17:12.098931
movement,123,254,none,moved,0,0,20.6505,0.0,2026-07-26 20:17:12.412266
movement,198,289,none,moved,0,0,1776.3531,0.0,2026-07-26 20:17:12.467101
movement,257,314,none,moved,0,0,732.5263,0.0,2026-07-26 20:17:12.522135
movement,295,328,none,moved,0,0,469.9055,0.0,2026-07-26 20:17:12.576833
movement,307,334,none,moved,0,0,211.2664,0.0,2026-07-26 20:17:12.628552
movement,316,342,none,moved,0,0,103.3813,0.0,2026-07-26 20:17:12.687678
movement,320,348,none,moved,0,0,145.9142,0.0,2026-07-26 20:17:12.741406
movement,322,349,none,moved,0,0,62.8339,0.0,2026-07-26 20:17:12.805014
movement,333,356,none,moved,0,0,133.5781,0.0,2026-07-26 20:17:12.864552
movement,373,380,none,moved,0,0,126.7433,0.0,2026-07-26 20:17:12.930400
movement,378,381,none,moved,0,0,0.0,0.0,2026-07-26 20:17:12.988126
movement,379,378,none,moved,0,0,22.8178,0.0,2026-07-26 20:17:13.079943
movement,381,374,none,moved,0,0,0.0,0.0,2026-07-26 20:17:13.145910
movement,382,372,none,moved,0,0,0.0,0.0,2026-07-26 20:17:13.221448
movement,382,370,none,moved,0,0,36.7129,0.0,2026-07-26 20:17:13.283021
movement,382,370,none,moved,0,0,0.0,0.0,2026-07-26 20:17:13.897461
movement,381,362,none,moved,0,0,104.9235,0.0,2026-07-26 20:17:13.959030
movement,381,361,none,moved,0,0,0.0,0.0,2026-07-26 20:17:14.075910
movement,380,363,none,moved,0,0,41.255,0.0,2026-07-26 20:17:14.151215
movement,380,363,none,moved,0,0,0.0,0.0,2026-07-26 20:17:14.871889
movement,393,372,none,moved,0,0,48.3215,0.0,2026-07-26 20:17:14.939741
movement,394,373,none,moved,0,0,0.0,0.0,2026-07-26 20:17:15.008338
movement,394,371,none,moved,0,0,24.3966,0.0,2026-07-26 20:17:15.097088
movement,394,369,none,moved,0,0,125.608,0.0,2026-07-26 20:17:15.153073
movement,387,363,none,moved,0,0,342.4401,0.0,2026-07-26 20:17:15.206775
movement,376,356,none,moved,0,0,143.449,0.0,2026-07-26 20:17:15.261823
movement,374,356,none,moved,0,0,0.0,0.0,2026-07-26 20:17:15.330662
movement,374,358,none,moved,0,0,24.4328,0.0,2026-07-26 20:17:15.419249
movement,375,360,none,moved,0,0,3.1123,0.0,2026-07-26 20:17:16.144555
movement,393,384,none,moved,0,0,459.9013,0.0,2026-07-26 20:17:16.199212
movement,398,392,none,moved,0,0,72.4517,0.0,2026-07-26 20:17:16.254186
movement,399,398,none,moved,0,0,138.6959,0.0,2026-07-26 20:17:16.309418
movement,400,405,none,moved,0,0,150.1666,0.0,2026-07-26 20:17:16.363828
movement,400,409,none,moved,0,0,147.6088,0.0,2026-07-26 20:17:16.418508
click,400,410,left,pressed,0,0,0.0,0.0,2026-07-26 20:17:16.725726
click,400,410,left,released,0,0,0.0,0.0,2026-07-26 20:17:16.952442
movement,394,408,none,moved,0,0,8.4832,0.0,2026-07-26 20:17:17.191688
movement,308,367,none,moved,0,0,1886.1238,0.0,2026-07-26 20:17:17.246672
movement,208,315,none,moved,0,0,1853.5773,0.0,2026-07-26 20:17:17.301515
movement,142,274,none,moved,0,0,1011.8404,0.0,2026-07-26 20:17:17.356200
movement,114,257,none,moved,0,0,554.6997,0.0,2026-07-26 20:17:17.411108
movement,88,244,none,moved,0,0,682.4134,0.0,2026-07-26 20:17:17.466199
movement,63,229,none,moved,0,0,217.0084,0.0,2026-07-26 20:17:17.528531
movement,36,220,none,moved,0,0,489.9181,0.0,2026-07-26 20:17:17.582606
movement,31,218,none,moved,0,0,0.0,0.0,2026-07-26 20:17:17.670893
movement,37,225,none,moved,0,0,199.4164,0.0,2026-07-26 20:17:17.727073
movement,44,232,none,moved,0,0,205.6456,0.0,2026-07-26 20:17:17.781505
movement,50,239,none,moved,0,0,205.1619,0.0,2026-07-26 20:17:17.836375
movement,57,247,none,moved,0,0,333.7514,0.0,2026-07-26 20:17:17.891415
movement,63,254,none,moved,0,0,99.135,0.0,2026-07-26 20:17:17.950612
movement,65,256,none,moved,0,0,45.6747,0.0,2026-07-26 20:17:18.016124
movement,65,257,none,moved,0,0,14.9456,0.0,2026-07-26 20:17:18.083021
movement,65,257,none,moved,0,0,0.0,0.0,2026-07-26 20:17:18.144667
movement,65,258,none,moved,0,0,1.4885,0.0,2026-07-26 20:17:18.816483
movement,70,280,none,moved,0,0,326.0246,0.0,2026-07-26 20:17:18.871034
movement,77,297,none,moved,0,0,327.8137,0.0,2026-07-26 20:17:18.925596
movement,81,307,none,moved,0,0,204.3491,0.0,2026-07-26 20:17:18.980658
movement,83,314,none,moved,0,0,0.0,0.0,2026-07-26 20:17:19.035436
movement,84,318,none,moved,0,0,48.9577,0.0,2026-07-26 20:17:19.090229
click,84,318,left,pressed,0,0,0.0,0.0,2026-07-26 20:17:19.398976
click,84,318,left,released,0,0,0.0,0.0,2026-07-26 20:17:19.621706
movement,86,318,none,moved,0,0,2.2503,0.0,2026-07-26 20:17:19.979014
movement,105,317,none,moved,0,0,163.9873,0.0,2026-07-26 20:17:20.032643
movement,124,314,none,moved,0,0,145.4437,0.0,2026-07-26 20:17:20.088729
movement,135,313,none,moved,0,0,183.6877,0.0,2026-07-26 20:17:20.144475
movement,138,312,none,moved,0,0,0.0,0.0,2026-07-26 20:17:20.199075
movement,140,312,none,moved,0,0,0.0,0.0,2026-07-26 20:17:20.260689
movement,143,312,none,moved,0,0,0.0,0.0,2026-07-26 20:17:20.315082
movement,145,309,none,moved,0,0,73.2144,0.0,2026-07-26 20:17:20.376756
movement,153,300,none,moved,0,0,204.0468,0.0,2026-07-26 20:17:20.431892
movement,158,289,none,moved,0,0,151.1951,0.0,2026-07-26 20:17:20.486486
movement,159,285,none,moved,0,0,73.3629,0.0,2026-07-26 20:17:20.541167
movement,160,281,none,moved,0,0,27.1594,0.0,2026-07-26 20:17:20.626467
movement,160,280,none,moved,0,0,0.0,0.0,2026-07-26 20:17:20.698948
movement,160,281,none,moved,0,0,1.7163,0.0,2026-07-26 20:17:21.281598
movement,164,314,none,moved,0,0,463.2747,0.0,2026-07-26 20:17:21.335582
movement,168,337,none,moved,0,0,320.6958,0.0,2026-07-26 20:17:21.390556
movement,169,346,none,moved,0,0,146.3419,0.0,2026-07-26 20:17:21.445428
movement,169,351,none,moved,0,0,73.2591,0.0,2026-07-26 20:17:21.507463
click,169,351,left,pressed,0,0,0.0,0.0,2026-07-26 20:17:21.814157
click,169,351,left,released,0,0,0.0,0.0,2026-07-26 20:17:22.034009
movement,172,346,none,moved,0,0,8.519,0.0,2026-07-26 20:17:22.191928
movement,210,279,none,moved,0,0,1424.8941,0.0,2026-07-26 20:17:22.246819
movement,234,214,none,moved,0,0,1119.5061,0.0,2026-07-26 20:17:22.301577
movement,236,202,none,moved,0,0,0.0,0.0,2026-07-26 20:17:22.356353
movement,238,201,none,moved,0,0,36.0611,0.0,2026-07-26 20:17:22.411593
movement,268,186,none,moved,0,0,1059.0083,0.0,2026-07-26 20:17:22.466584
movement,328,158,none,moved,0,0,1104.7544,0.0,2026-07-26 20:17:22.521228
movement,368,144,none,moved,0,0,329.4141,0.0,2026-07-26 20:17:22.576228
movement,372,143,none,moved,0,0,0.0,0.0,2026-07-26 20:17:22.679290
movement,369,141,none,moved,0,0,68.6437,0.0,2026-07-26 20:17:22.747734
movement,368,137,none,moved,0,0,149.8983,0.0,2026-07-26 20:17:22.802441
click,367,134,left,pressed,0,0,0.0,0.0,2026-07-26 20:17:23.056966
click,367,134,left,released,0,0,0.0,0.0,2026-07-26 20:17:23.286349
movement,367,135,none,moved,0,0,1.044,0.0,2026-07-26 20:17:23.801417
movement,378,159,none,moved,0,0,328.9866,0.0,2026-07-26 20:17:23.855472
movement,383,180,none,moved,0,0,423.6243,0.0,2026-07-26 20:17:23.910458
movement,386,189,none,moved,0,0,0.0,0.0,2026-07-26 20:17:23.972147
movement,387,189,none,moved,0,0,0.0,0.0,2026-07-26 20:17:24.048879
click,387,189,left,pressed,0,0,0.0,0.0,2026-07-26 20:17:24.301696
click,387,189,left,released,0,0,0.0,0.0,2026-07-26 20:17:24.530756
movement,389,189,none,moved,0,0,2.5803,0.0,2026-07-26 20:17:24.843030
movement,400,187,none,moved,0,0,142.3583,0.0,2026-07-26 20:17:24.897991
movement,402,186,none,moved,0,0,41.4374,0.0,2026-07-26 20:17:24.952684
movement,402,185,none,moved,0,0,0.0,0.0,2026-07-26 20:17:25.007637
movement,407,184,none,moved,0,0,289.5719,0.0,2026-07-26 20:17:25.062539
movement,428,175,none,moved,0,0,332.4383,0.0,2026-07-26 20:17:25.117376
movement,435,171,none,moved,0,0,51.5347,0.0,2026-07-26 20:17:25.186019
movement,435,171,none,moved,0,0,0.0,0.0,2026-07-26 20:17:25.247663
movement,432,171,none,moved,0,0,145.8483,0.0,2026-07-26 20:17:25.302560
movement,429,171,none,moved,0,0,48.5283,0.0,2026-07-26 20:17:25.371201
movement,428,171,none,moved,0,0,0.0,0.0,2026-07-26 20:17:25.460274
movement,428,168,none,moved,0,0,47.8027,0.0,2026-07-26 20:17:25.529115
movement,429,163,none,moved,0,0,0.0,0.0,2026-07-26 20:17:25.583767
movement,430,158,none,moved,0,0,138.2115,0.0,2026-07-26 20:17:25.639231
movement,430,154,none,moved,0,0,71.8043,0.0,2026-07-26 20:17:25.693750
movement,431,152,none,moved,0,0,41.3361,0.0,2026-07-26 20:17:25.776077
movement,432,151,none,moved,0,0,36.7348,0.0,2026-07-26 20:17:25.851249
movement,432,148,none,moved,0,0,35.9351,0.0,2026-07-26 20:17:25.920336
movement,433,146,none,moved,0,0,0.0,0.0,2026-07-26 20:17:25.981806
movement,435,144,none,moved,0,0,48.746,0.0,2026-07-26 20:17:26.036492
movement,437,142,none,moved,0,0,27.6823,0.0,2026-07-26 20:17:26.120920
movement,439,141,none,moved,0,0,51.6235,0.0,2026-07-26 20:17:26.173717
movement,440,140,none,moved,0,0,48.4286,0.0,2026-07-26 20:17:26.242192
movement,441,141,none,moved,0,0,1.7143,0.0,2026-07-26 20:17:27.067161
movement,452,183,none,moved,0,0,613.6384,0.0,2026-07-26 20:17:27.121982
movement,458,206,none,moved,0,0,147.479,0.0,2026-07-26 20:17:27.176612
movement,459,210,none,moved,0,0,0.0,0.0,2026-07-26 20:17:27.280045
click,459,206,left,pressed,0,0,0.0,0.0,2026-07-26 20:17:27.556046
click,459,206,left,released,0,0,0.0,0.0,2026-07-26 20:17:27.780270
click,459,206,left,pressed,0,0,0.0,0.0,2026-07-26 20:17:28.291289
click,459,206,left,released,0,0,0.0,0.0,2026-07-26 20:17:28.481899
click,459,206,left,pressed,0,0,0.0,0.0,2026-07-26 20:17:28.547868
click,459,206,left,released,0,0,0.0,0.0,2026-07-26 20:17:28.667691
click,459,206,left,pressed,0,0,0.0,0.0,2026-07-26 20:17:28.734998
click,459,206,left,released,0,0,0.0,0.0,2026-07-26 20:17:28.892656
idle,459,206,none,idle_start,0,0,0.0,0.0,2026-07-26 20:17:29.298652
click,459,206,left,pressed,0,0,0.0,0.0,2026-07-26 20:17:29.326113
click,459,206,left,released,0,0,0.0,0.0,2026-07-26 20:17:29.485871
click,459,206,left,pressed,0,0,0.0,0.0,2026-07-26 20:17:29.546776
idle,461,207,none,idle_end,0,0,0.0,0.3879,2026-07-26 20:17:29.686577
movement,461,207,none,moved,0,0,0.9425,0.0,2026-07-26 20:17:29.687382
movement,494,241,none,moved,0,0,996.8555,0.0,2026-07-26 20:17:29.741362
movement,517,266,none,moved,0,0,611.0895,0.0,2026-07-26 20:17:29.796231
movement,527,282,none,moved,0,0,220.8026,0.0,2026-07-26 20:17:29.851029
movement,537,301,none,moved,0,0,536.8398,0.0,2026-07-26 20:17:29.905811
movement,549,331,none,moved,0,0,465.1104,0.0,2026-07-26 20:17:29.960706
movement,552,336,none,moved,0,0,0.0,0.0,2026-07-26 20:17:30.063548
movement,551,332,none,moved,0,0,298.2404,0.0,2026-07-26 20:17:30.118540
click,551,330,left,released,0,0,0.0,0.0,2026-07-26 20:17:30.145942
click,551,330,left,pressed,0,0,0.0,0.0,2026-07-26 20:17:30.561582
click,551,330,left,released,0,0,0.0,0.0,2026-07-26 20:17:30.729954
click,551,330,left,pressed,0,0,0.0,0.0,2026-07-26 20:17:30.798768
click,551,330,left,released,0,0,0.0,0.0,2026-07-26 20:17:30.955380
movement,545,330,none,moved,0,0,3.8304,0.0,2026-07-26 20:17:31.698698
movement,471,340,none,moved,0,0,1273.0363,0.0,2026-07-26 20:17:31.753080
movement,446,349,none,moved,0,0,162.1238,0.0,2026-07-26 20:17:31.807742
movement,448,349,none,moved,0,0,145.202,0.0,2026-07-26 20:17:31.862531
scroll,451,349,none,scrolled_down,0,-1,0.0,0.0,2026-07-26 20:17:32.176274
scroll,451,349,none,scrolled_down,0,-1,0.0,0.0,2026-07-26 20:17:32.183753
scroll,451,349,none,scrolled_down,0,-1,0.0,0.0,2026-07-26 20:17:32.189745
scroll,451,349,none,scrolled_down,0,-1,0.0,0.0,2026-07-26 20:17:32.196809
scroll,451,349,none,scrolled_down,0,-1,0.0,0.0,2026-07-26 20:17:32.203667
scroll,451,349,none,scrolled_down,0,-1,0.0,0.0,2026-07-26 20:17:32.210365
scroll,451,349,none,scrolled_down,0,-1,0.0,0.0,2026-07-26 20:17:32.219898
scroll,451,349,none,scrolled_down,0,-1,0.0,0.0,2026-07-26 20:17:32.224338
scroll,451,349,none,scrolled_down,0,-1,0.0,0.0,2026-07-26 20:17:32.230732
scroll,451,349,none,scrolled_down,0,-1,0.0,0.0,2026-07-26 20:17:32.238369
scroll,451,349,none,scrolled_down,0,-1,0.0,0.0,2026-07-26 20:17:32.244639
scroll,451,349,none,scrolled_down,0,-1,0.0,0.0,2026-07-26 20:17:32.251479
scroll,451,349,none,scrolled_down,0,-1,0.0,0.0,2026-07-26 20:17:32.258238
scroll,451,349,none,scrolled_down,0,-1,0.0,0.0,2026-07-26 20:17:32.265344
scroll,451,349,none,scrolled_down,0,-1,0.0,0.0,2026-07-26 20:17:32.272024
scroll,451,349,none,scrolled_down,0,-1,0.0,0.0,2026-07-26 20:17:32.278834
scroll,451,349,none,scrolled_down,0,-1,0.0,0.0,2026-07-26 20:17:32.294615
scroll,451,349,none,scrolled_down,0,-1,0.0,0.0,2026-07-26 20:17:32.297952
scroll,451,349,none,scrolled_down,0,-1,0.0,0.0,2026-07-26 20:17:32.302523
scroll,451,349,none,scrolled_down,0,-1,0.0,0.0,2026-07-26 20:17:32.306292
scroll,451,349,none,scrolled_down,0,-1,0.0,0.0,2026-07-26 20:17:32.322983
scroll,451,349,none,scrolled_down,0,-1,0.0,0.0,2026-07-26 20:17:32.325575
scroll,451,349,none,scrolled_down,0,-1,0.0,0.0,2026-07-26 20:17:32.329881
scroll,451,349,none,scrolled_down,0,-1,0.0,0.0,2026-07-26 20:17:32.334772
scroll,451,349,none,scrolled_down,0,-1,0.0,0.0,2026-07-26 20:17:32.341376
scroll,451,349,none,scrolled_down,0,-1,0.0,0.0,2026-07-26 20:17:32.356368
scroll,451,349,none,scrolled_down,0,-1,0.0,0.0,2026-07-26 20:17:32.358720
scroll,451,349,none,scrolled_down,0,-1,0.0,0.0,2026-07-26 20:17:32.362314
scroll,451,349,none,scrolled_down,0,-1,0.0,0.0,2026-07-26 20:17:32.377381
scroll,451,349,none,scrolled_down,0,-1,0.0,0.0,2026-07-26 20:17:32.380378
scroll,451,349,none,scrolled_down,0,-1,0.0,0.0,2026-07-26 20:17:32.385741
scroll,451,349,none,scrolled_down,0,-1,0.0,0.0,2026-07-26 20:17:32.389414
scroll,451,349,none,scrolled_down,0,0,0.0,0.0,2026-07-26 20:17:32.695747
scroll,451,349,none,scrolled_down,0,0,0.0,0.0,2026-07-26 20:17:32.703118
scroll,451,349,none,scrolled_down,0,0,0.0,0.0,2026-07-26 20:17:32.708790
scroll,451,349,none,scrolled_down,0,0,0.0,0.0,2026-07-26 20:17:32.715890
scroll,451,349,none,scrolled_down,0,0,0.0,0.0,2026-07-26 20:17:32.732557
scroll,451,349,none,scrolled_up,0,7,0.0,0.0,2026-07-26 20:17:32.962884
scroll,451,349,none,scrolled_up,0,1,0.0,0.0,2026-07-26 20:17:32.967576
scroll,451,349,none,scrolled_down,0,-1,0.0,0.0,2026-07-26 20:17:32.970433
scroll,451,349,none,scrolled_down,0,0,0.0,0.0,2026-07-26 20:17:32.977011
scroll,451,349,none,scrolled_down,0,0,0.0,0.0,2026-07-26 20:17:32.992358
scroll,451,349,none,scrolled_down,0,0,0.0,0.0,2026-07-26 20:17:33.017383
scroll,451,349,none,scrolled_down,0,0,0.0,0.0,2026-07-26 20:17:33.031280
scroll,451,349,none,scrolled_down,0,0,0.0,0.0,2026-07-26 20:17:33.069171
scroll,451,349,none,scrolled_down,0,0,0.0,0.0,2026-07-26 20:17:33.221534
scroll,451,349,none,scrolled_down,0,0,0.0,0.0,2026-07-26 20:17:33.238434
scroll,451,349,none,scrolled_down,0,0,0.0,0.0,2026-07-26 20:17:33.241888
scroll,451,349,none,scrolled_down,0,0,0.0,0.0,2026-07-26 20:17:33.245987
scroll,451,349,none,scrolled_down,0,0,0.0,0.0,2026-07-26 20:17:33.249176
scroll,451,349,none,scrolled_down,0,0,0.0,0.0,2026-07-26 20:17:33.255933
scroll,451,349,none,scrolled_down,0,0,0.0,0.0,2026-07-26 20:17:33.263155
scroll,451,349,none,scrolled_down,0,0,0.0,0.0,2026-07-26 20:17:33.269733
scroll,451,349,none,scrolled_down,0,0,0.0,0.0,2026-07-26 20:17:33.286984
scroll,451,349,none,scrolled_down,0,0,0.0,0.0,2026-07-26 20:17:33.289533
scroll,451,349,none,scrolled_down,0,0,0.0,0.0,2026-07-26 20:17:33.296670
scroll,451,349,none,scrolled_down,0,0,0.0,0.0,2026-07-26 20:17:33.304181
scroll,451,349,none,scrolled_down,0,0,0.0,0.0,2026-07-26 20:17:33.320460
scroll,451,349,none,scrolled_down,0,0,0.0,0.0,2026-07-26 20:17:33.327033
scroll,451,349,none,scrolled_down,0,0,0.0,0.0,2026-07-26 20:17:33.331070
scroll,451,349,none,scrolled_down,0,0,0.0,0.0,2026-07-26 20:17:33.347966
scroll,451,349,none,scrolled_down,0,0,0.0,0.0,2026-07-26 20:17:33.352839
scroll,451,349,none,scrolled_down,0,0,0.0,0.0,2026-07-26 20:17:33.355522
scroll,451,349,none,scrolled_down,0,0,0.0,0.0,2026-07-26 20:17:33.358571
scroll,451,349,none,scrolled_down,0,0,0.0,0.0,2026-07-26 20:17:33.366874
scroll,451,349,none,scrolled_down,0,0,0.0,0.0,2026-07-26 20:17:33.380584
scroll,451,349,none,scrolled_down,0,0,0.0,0.0,2026-07-26 20:17:33.387957
scroll,451,349,none,scrolled_down,0,0,0.0,0.0,2026-07-26 20:17:33.390199
scroll,451,349,none,scrolled_down,0,0,0.0,0.0,2026-07-26 20:17:33.392419
scroll,451,349,none,scrolled_down,0,0,0.0,0.0,2026-07-26 20:17:33.408165
scroll,451,349,none,scrolled_down,0,0,0.0,0.0,2026-07-26 20:17:33.412121
scroll,451,349,none,scrolled_down,0,0,0.0,0.0,2026-07-26 20:17:33.418920
scroll,451,349,none,scrolled_down,0,0,0.0,0.0,2026-07-26 20:17:33.421768
scroll,451,349,none,scrolled_down,0,0,0.0,0.0,2026-07-26 20:17:33.427361
scroll,451,349,none,scrolled_down,0,0,0.0,0.0,2026-07-26 20:17:33.445360
scroll,451,349,none,scrolled_down,0,0,0.0,0.0,2026-07-26 20:17:33.448248
scroll,451,349,none,scrolled_down,0,0,0.0,0.0,2026-07-26 20:17:33.450561
scroll,451,349,none,scrolled_down,0,0,0.0,0.0,2026-07-26 20:17:33.454556
scroll,451,349,none,scrolled_down,0,0,0.0,0.0,2026-07-26 20:17:33.463243
idle,451,349,none,idle_start,0,0,0.0,0.0,2026-07-26 20:17:33.534418
scroll,451,349,none,scrolled_up,0,1,0.0,0.0,2026-07-26 20:17:33.538251
scroll,451,349,none,scrolled_down,0,0,0.0,0.0,2026-07-26 20:17:33.543683
scroll,451,349,none,scrolled_down,0,0,0.0,0.0,2026-07-26 20:17:33.550237
scroll,451,349,none,scrolled_down,0,0,0.0,0.0,2026-07-26 20:17:33.561990
scroll,451,349,none,scrolled_down,0,0,0.0,0.0,2026-07-26 20:17:33.564100
scroll,451,349,none,scrolled_down,0,0,0.0,0.0,2026-07-26 20:17:33.572195
scroll,451,349,none,scrolled_down,0,0,0.0,0.0,2026-07-26 20:17:33.577534
scroll,451,349,none,scrolled_down,0,0,0.0,0.0,2026-07-26 20:17:33.584545
scroll,451,349,none,scrolled_down,0,0,0.0,0.0,2026-07-26 20:17:33.591599
scroll,451,349,none,scrolled_down,0,0,0.0,0.0,2026-07-26 20:17:33.598305
scroll,451,349,none,scrolled_down,0,0,0.0,0.0,2026-07-26 20:17:33.605850
scroll,451,349,none,scrolled_down,0,0,0.0,0.0,2026-07-26 20:17:33.612114
scroll,451,349,none,scrolled_down,0,0,0.0,0.0,2026-07-26 20:17:33.619127
scroll,451,349,none,scrolled_down,0,0,0.0,0.0,2026-07-26 20:17:33.626057
scroll,451,349,none,scrolled_down,0,0,0.0,0.0,2026-07-26 20:17:33.632485
scroll,451,349,none,scrolled_down,0,0,0.0,0.0,2026-07-26 20:17:33.639688
scroll,451,349,none,scrolled_down,0,0,0.0,0.0,2026-07-26 20:17:33.646357
scroll,451,349,none,scrolled_down,0,0,0.0,0.0,2026-07-26 20:17:33.653275
scroll,451,349,none,scrolled_down,0,0,0.0,0.0,2026-07-26 20:17:33.660490
scroll,451,349,none,scrolled_down,0,0,0.0,0.0,2026-07-26 20:17:33.666957
scroll,451,349,none,scrolled_down,0,0,0.0,0.0,2026-07-26 20:17:33.674093
scroll,451,349,none,scrolled_down,0,0,0.0,0.0,2026-07-26 20:17:33.681363
scroll,451,349,none,scrolled_down,0,0,0.0,0.0,2026-07-26 20:17:33.688046
scroll,451,349,none,scrolled_down,0,0,0.0,0.0,2026-07-26 20:17:33.708400
idle,450,343,none,idle_end,0,0,0.0,0.9329,2026-07-26 20:17:34.467308
movement,450,343,none,moved,0,0,2.3477,0.0,2026-07-26 20:17:34.467682
movement,341,188,none,moved,0,0,2269.2121,0.0,2026-07-26 20:17:34.522306
movement,242,115,none,moved,0,0,1807.6109,0.0,2026-07-26 20:17:34.577059
movement,188,83,none,moved,0,0,643.3495,0.0,2026-07-26 20:17:34.631868
movement,167,68,none,moved,0,0,331.1705,0.0,2026-07-26 20:17:34.686671
movement,159,55,none,moved,0,0,214.4019,0.0,2026-07-26 20:17:34.741706
movement,152,44,none,moved,0,0,327.139,0.0,2026-07-26 20:17:34.796414
movement,149,43,none,moved,0,0,48.5587,0.0,2026-07-26 20:17:34.858232
movement,148,46,none,moved,0,0,146.0361,0.0,2026-07-26 20:17:34.913076
movement,165,66,none,moved,0,0,823.6973,0.0,2026-07-26 20:17:34.968833
movement,216,108,none,moved,0,0,1276.4272,0.0,2026-07-26 20:17:35.022862
movement,299,131,none,moved,0,0,1768.6624,0.0,2026-07-26 20:17:35.077727
movement,415,142,none,moved,0,0,2212.419,0.0,2026-07-26 20:17:35.132387
movement,531,145,none,moved,0,0,1802.8088,0.0,2026-07-26 20:17:35.187716
movement,634,147,none,moved,0,0,1903.3739,0.0,2026-07-26 20:17:35.242262
movement,721,157,none,moved,0,0,1589.834,0.0,2026-07-26 20:17:35.297237
movement,790,169,none,moved,0,0,1021.5696,0.0,2026-07-26 20:17:35.352054
movement,841,177,none,moved,0,0,591.86,0.0,2026-07-26 20:17:35.406723
movement,861,182,none,moved,0,0,220.4989,0.0,2026-07-26 20:17:35.461413
movement,864,174,none,moved,0,0,436.0739,0.0,2026-07-26 20:17:35.516226
scroll,865,172,none,scrolled_down,0,0,0.0,0.0,2026-07-26 20:17:35.964613
scroll,865,172,none,scrolled_down,0,0,0.0,0.0,2026-07-26 20:17:35.969908
scroll,865,172,none,scrolled_down,0,0,0.0,0.0,2026-07-26 20:17:35.976582
scroll,865,172,none,scrolled_down,0,0,0.0,0.0,2026-07-26 20:17:35.987676
scroll,865,172,none,scrolled_down,0,0,0.0,0.0,2026-07-26 20:17:35.990230
scroll,865,172,none,scrolled_down,0,0,0.0,0.0,2026-07-26 20:17:35.996988
scroll,865,172,none,scrolled_down,0,0,0.0,0.0,2026-07-26 20:17:36.003965
scroll,865,172,none,scrolled_down,0,0,0.0,0.0,2026-07-26 20:17:36.014221
scroll,865,172,none,scrolled_down,0,0,0.0,0.0,2026-07-26 20:17:36.017494
scroll,865,172,none,scrolled_down,0,0,0.0,0.0,2026-07-26 20:17:36.037083
scroll,865,172,none,scrolled_down,0,0,0.0,0.0,2026-07-26 20:17:36.042099
scroll,865,172,none,scrolled_down,0,0,0.0,0.0,2026-07-26 20:17:36.045023
scroll,865,172,none,scrolled_down,0,0,0.0,0.0,2026-07-26 20:17:36.051818
scroll,865,172,none,scrolled_down,0,0,0.0,0.0,2026-07-26 20:17:36.062205
scroll,865,172,none,scrolled_down,0,0,0.0,0.0,2026-07-26 20:17:36.065190
scroll,865,172,none,scrolled_down,0,0,0.0,0.0,2026-07-26 20:17:36.072814
scroll,865,172,none,scrolled_down,0,0,0.0,0.0,2026-07-26 20:17:36.086357
movement,870,164,none,moved,0,0,6.2659,0.0,2026-07-26 20:17:37.028848
movement,957,80,none,moved,0,0,2271.9455,0.0,2026-07-26 20:17:37.084397
movement,1078,45,none,moved,0,0,3107.6839,0.0,2026-07-26 20:17:37.138464
movement,1175,64,none,moved,0,0,969.2795,0.0,2026-07-26 20:17:37.193367
movement,1189,89,none,moved,0,0,589.4188,0.0,2026-07-26 20:17:37.248132
movement,1155,151,none,moved,0,0,1882.7733,0.0,2026-07-26 20:17:37.303073
movement,1080,206,none,moved,0,0,1989.1997,0.0,2026-07-26 20:17:37.357838
movement,985,220,none,moved,0,0,1702.7521,0.0,2026-07-26 20:17:37.412961
movement,947,213,none,moved,0,0,150.3874,0.0,2026-07-26 20:17:37.467548
movement,972,186,none,moved,0,0,1540.7445,0.0,2026-07-26 20:17:37.522598
movement,1032,159,none,moved,0,0,1070.2684,0.0,2026-07-26 20:17:37.577401
movement,1066,166,none,moved,0,0,613.4912,0.0,2026-07-26 20:17:37.632197
movement,1090,195,none,moved,0,0,529.9172,0.0,2026-07-26 20:17:37.687105
movement,1100,205,none,moved,0,0,72.1415,0.0,2026-07-26 20:17:37.742261
movement,1101,204,none,moved,0,0,47.9705,0.0,2026-07-26 20:17:37.804153
click,1101,203,left,pressed,0,0,0.0,0.0,2026-07-26 20:17:38.203808
click,1101,203,left,released,0,0,0.0,0.0,2026-07-26 20:17:38.420491
click,1101,203,right,pressed,0,0,0.0,0.0,2026-07-26 20:17:38.905940
click,1101,203,right,released,0,0,0.0,0.0,2026-07-26 20:17:38.966384
idle,1101,203,none,idle_start,0,0,0.0,0.0,2026-07-26 20:17:39.545136
idle,1100,202,none,idle_end,0,0,0.0,0.4772,2026-07-26 20:17:40.022311
movement,1100,202,none,moved,0,0,0.6436,0.0,2026-07-26 20:17:40.022793
movement,1077,202,none,moved,0,0,709.7952,0.0,2026-07-26 20:17:40.076920
movement,1039,213,none,moved,0,0,583.4855,0.0,2026-07-26 20:17:40.131399
movement,1034,245,none,moved,0,0,947.4644,0.0,2026-07-26 20:17:40.186024
movement,1083,294,none,moved,0,0,973.4378,0.0,2026-07-26 20:17:40.241032
click,1101,300,left,pressed,0,0,0.0,0.0,2026-07-26 20:17:40.535200
click,1101,300,left,released,0,0,0.0,0.0,2026-07-26 20:17:40.753592
click,1101,300,left,pressed,0,0,0.0,0.0,2026-07-26 20:17:41.636686
click,1101,300,left,released,0,0,0.0,0.0,2026-07-26 20:17:41.869505
movement,1104,304,none,moved,0,0,3.003,0.0,2026-07-26 20:17:41.940305
click,1104,304,right,pressed,0,0,0.0,0.0,2026-07-26 20:17:43.031410
click,1104,304,right,released,0,0,0.0,0.0,2026-07-26 20:17:43.243377
idle,1104,304,none,idle_start,0,0,0.0,0.0,2026-07-26 20:17:43.549001
idle,1094,311,none,idle_end,0,0,0.0,0.5525,2026-07-26 20:17:44.101523
movement,1094,311,none,moved,0,0,5.648,0.0,2026-07-26 20:17:44.101798
movement,951,410,none,moved,0,0,3252.2669,0.0,2026-07-26 20:17:44.156392
movement,901,450,none,moved,0,0,207.3058,0.0,2026-07-26 20:17:44.211109
click,898,452,left,pressed,0,0,0.0,0.0,2026-07-26 20:17:44.549174
click,898,452,left,released,0,0,0.0,0.0,2026-07-26 20:17:44.765310
movement,902,445,none,moved,0,0,10.4995,0.0,2026-07-26 20:17:45.013434
movement,980,359,none,moved,0,0,2104.3101,0.0,2026-07-26 20:17:45.068518
movement,1073,282,none,moved,0,0,2838.5401,0.0,2026-07-26 20:17:45.123323
movement,1109,257,none,moved,0,0,145.1768,0.0,2026-07-26 20:17:45.178197
movement,1111,254,none,moved,0,0,51.673,0.0,2026-07-26 20:17:45.246758
movement,1111,252,none,moved,0,0,0.0,0.0,2026-07-26 20:17:45.308462
movement,1114,247,none,moved,0,0,143.4539,0.0,2026-07-26 20:17:45.363445
movement,1116,242,none,moved,0,0,53.0794,0.0,2026-07-26 20:17:45.421565
movement,1118,230,none,moved,0,0,0.0,0.0,2026-07-26 20:17:45.473045
movement,1117,222,none,moved,0,0,84.9058,0.0,2026-07-26 20:17:45.537856
movement,1113,214,none,moved,0,0,150.4359,0.0,2026-07-26 20:17:45.589524
movement,1111,208,none,moved,0,0,142.7945,0.0,2026-07-26 20:17:45.644536
movement,1109,207,none,moved,0,0,27.355,0.0,2026-07-26 20:17:45.709882
movement,1108,205,none,moved,0,0,41.4027,0.0,2026-07-26 20:17:45.774832
movement,1108,203,none,moved,0,0,40.3663,0.0,2026-07-26 20:17:45.834413
movement,1115,198,none,moved,0,0,142.7848,0.0,2026-07-26 20:17:45.891330
movement,1122,194,none,moved,0,0,144.0945,0.0,2026-07-26 20:17:45.946278
movement,1125,193,none,moved,0,0,36.2835,0.0,2026-07-26 20:17:46.014895
movement,1129,198,none,moved,0,0,8.7979,0.0,2026-07-26 20:17:46.777119
movement,1175,271,none,moved,0,0,1469.2383,0.0,2026-07-26 20:17:46.832031
movement,1195,346,none,moved,0,0,1330.2582,0.0,2026-07-26 20:17:46.886754
movement,1193,404,none,moved,0,0,1074.5705,0.0,2026-07-26 20:17:46.941606
movement,1187,423,none,moved,0,0,32.9781,0.0,2026-07-26 20:17:47.233655
movement,1165,522,none,moved,0,0,2516.7008,0.0,2026-07-26 20:17:47.288468
movement,1210,638,none,moved,0,0,1101.5724,0.0,2026-07-26 20:17:47.343470
movement,1218,650,none,moved,0,0,20.2301,0.0,2026-07-26 20:17:47.713680
movement,1167,703,none,moved,0,0,1256.8369,0.0,2026-07-26 20:17:47.768477
movement,1143,719,none,moved,0,0,187.3781,0.0,2026-07-26 20:17:47.824202
movement,1139,722,none,moved,0,0,205.6456,0.0,2026-07-26 20:17:47.878917
movement,1134,725,none,moved,0,0,71.6902,0.0,2026-07-26 20:17:47.933088
movement,1130,729,none,moved,0,0,208.0548,0.0,2026-07-26 20:17:47.988370
movement,1127,734,none,moved,0,0,205.0768,0.0,2026-07-26 20:17:48.042581
movement,1127,744,none,moved,0,0,292.7961,0.0,2026-07-26 20:17:48.097368
movement,1130,764,none,moved,0,0,452.4031,0.0,2026-07-26 20:17:48.152449
movement,1139,782,none,moved,0,0,339.9206,0.0,2026-07-26 20:17:48.207253
movement,1145,792,none,moved,0,0,0.0,0.0,2026-07-26 20:17:48.262015
movement,1151,797,none,moved,0,0,210.5136,0.0,2026-07-26 20:17:48.317214
movement,1152,794,none,moved,0,0,6.4325,0.0,2026-07-26 20:17:48.797019
movement,1155,778,none,moved,0,0,0.0,0.0,2026-07-26 20:17:48.851092
movement,1156,777,none,moved,0,0,10.5896,0.0,2026-07-26 20:17:48.953803
movement,1157,780,none,moved,0,0,3.8809,0.0,2026-07-26 20:17:49.760996
movement,1166,809,none,moved,0,0,595.4672,0.0,2026-07-26 20:17:49.815777
movement,1168,821,none,moved,0,0,215.1796,0.0,2026-07-26 20:17:49.870523
movement,1167,823,none,moved,0,0,74.103,0.0,2026-07-26 20:17:49.932245
click,1167,823,left,pressed,0,0,0.0,0.0,2026-07-26 20:17:50.189368
click,1167,823,left,released,0,0,0.0,0.0,2026-07-26 20:17:50.417386
movement,1167,823,none,moved,0,0,0.0,0.0,2026-07-26 20:17:50.658259
movement,1170,820,none,moved,0,0,11.897,0.0,2026-07-26 20:17:50.756025
movement,1175,807,none,moved,0,0,24.0103,0.0,2026-07-26 20:17:50.843945
movement,1179,804,none,moved,0,0,197.6226,0.0,2026-07-26 20:17:50.898490
movement,1212,790,none,moved,0,0,783.8632,0.0,2026-07-26 20:17:50.953098
movement,1235,781,none,moved,0,0,326.4558,0.0,2026-07-26 20:17:51.007963
movement,1237,780,none,moved,0,0,14.5879,0.0,2026-07-26 20:17:51.097112
movement,1237,780,none,moved,0,0,0.0,0.0,2026-07-26 20:17:51.186490
movement,1238,780,none,moved,0,0,36.7084,0.0,2026-07-26 20:17:51.261715
movement,1240,779,none,moved,0,0,0.0,0.0,2026-07-26 20:17:51.323520
movement,1240,777,none,moved,0,0,0.0,0.0,2026-07-26 20:17:51.378263
movement,1235,777,none,moved,0,0,148.1851,0.0,2026-07-26 20:17:51.433098
movement,1220,776,none,moved,0,0,279.5457,0.0,2026-07-26 20:17:51.488279
movement,1213,776,none,moved,0,0,36.3656,0.0,2026-07-26 20:17:51.556514
movement,1213,777,none,moved,0,0,7.6769,0.0,2026-07-26 20:17:51.686774
movement,1213,778,none,moved,0,0,1.8005,0.0,2026-07-26 20:17:52.290133
movement,1204,801,none,moved,0,0,332.344,0.0,2026-07-26 20:17:52.344973
movement,1201,815,none,moved,0,0,288.546,0.0,2026-07-26 20:17:52.399965
movement,1201,821,none,moved,0,0,143.0527,0.0,2026-07-26 20:17:52.454879
click,1201,824,left,pressed,0,0,0.0,0.0,2026-07-26 20:17:52.779147
click,1201,824,left,released,0,0,0.0,0.0,2026-07-26 20:17:53.009043
movement,1187,820,none,moved,0,0,19.4933,0.0,2026-07-26 20:17:53.247344
movement,876,739,none,moved,0,0,7152.0915,0.0,2026-07-26 20:17:53.302129
movement,588,805,none,moved,0,0,2366.7446,0.0,2026-07-26 20:17:53.357202
movement,567,810,none,moved,0,0,24.207,0.0,2026-07-26 20:17:53.692217
movement,530,732,none,moved,0,0,1346.7618,0.0,2026-07-26 20:17:53.746972
movement,510,688,none,moved,0,0,734.5798,0.0,2026-07-26 20:17:53.801782
movement,500,675,none,moved,0,0,142.069,0.0,2026-07-26 20:17:53.856769
movement,495,670,none,moved,0,0,145.8432,0.0,2026-07-26 20:17:53.911441
movement,478,665,none,moved,0,0,583.4133,0.0,2026-07-26 20:17:53.966247
movement,470,664,none,moved,0,0,0.0,0.0,2026-07-26 20:17:54.035236
movement,467,664,none,moved,0,0,146.9211,0.0,2026-07-26 20:17:54.089724
movement,449,660,none,moved,0,0,608.9281,0.0,2026-07-26 20:17:54.144593
movement,426,653,none,moved,0,0,273.387,0.0,2026-07-26 20:17:54.199774
movement,421,650,none,moved,0,0,29.2286,0.0,2026-07-26 20:17:54.267904
movement,421,648,none,moved,0,0,24.2774,0.0,2026-07-26 20:17:54.329750
movement,425,648,none,moved,0,0,7.751,0.0,2026-07-26 20:17:54.723656
movement,439,650,none,moved,0,0,24.0356,0.0,2026-07-26 20:17:54.811950
movement,440,652,none,moved,0,0,3.5644,0.0,2026-07-26 20:17:55.439285
movement,445,670,none,moved,0,0,287.616,0.0,2026-07-26 20:17:55.494079
movement,447,693,none,moved,0,0,615.6482,0.0,2026-07-26 20:17:55.548824
movement,448,707,none,moved,0,0,0.0,0.0,2026-07-26 20:17:55.603824
movement,448,708,none,moved,0,0,15.1317,0.0,2026-07-26 20:17:55.669915
click,448,710,left,pressed,0,0,0.0,0.0,2026-07-26 20:17:55.910998
click,448,710,left,released,0,0,0.0,0.0,2026-07-26 20:17:56.137137
movement,448,712,none,moved,0,0,2.4546,0.0,2026-07-26 20:17:56.485922
movement,439,735,none,moved,0,0,374.4747,0.0,2026-07-26 20:17:56.540549
movement,439,747,none,moved,0,0,0.0,0.0,2026-07-26 20:17:56.595359
movement,442,752,none,moved,0,0,117.0226,0.0,2026-07-26 20:17:56.648499
movement,449,762,none,moved,0,0,202.2518,0.0,2026-07-26 20:17:56.705047
movement,451,766,none,moved,0,0,71.9756,0.0,2026-07-26 20:17:56.759949
movement,451,769,none,moved,0,0,0.0,0.0,2026-07-26 20:17:56.814629
movement,452,776,none,moved,0,0,154.0494,0.0,2026-07-26 20:17:56.869592
movement,452,779,none,moved,0,0,48.8978,0.0,2026-07-26 20:17:56.924395
movement,452,781,none,moved,0,0,3.8153,0.0,2026-07-26 20:17:57.497496
movement,458,806,none,moved,0,0,452.4185,0.0,2026-07-26 20:17:57.552381
movement,462,822,none,moved,0,0,282.6372,0.0,2026-07-26 20:17:57.608214
movement,463,826,none,moved,0,0,28.5135,0.0,2026-07-26 20:17:57.683313
click,463,826,left,pressed,0,0,0.0,0.0,2026-07-26 20:17:57.962269
click,463,826,left,released,0,0,0.0,0.0,2026-07-26 20:17:58.176836
movement,457,825,none,moved,0,0,8.052,0.0,2026-07-26 20:17:58.438743
movement,356,782,none,moved,0,0,1866.8718,0.0,2026-07-26 20:17:58.493454
movement,287,752,none,moved,0,0,466.2427,0.0,2026-07-26 20:17:58.555973
movement,248,733,none,moved,0,0,146.6642,0.0,2026-07-26 20:17:58.610438
movement,243,728,none,moved,0,0,293.904,0.0,2026-07-26 20:17:58.665088
movement,241,726,none,moved,0,0,29.0956,0.0,2026-07-26 20:17:58.726881
movement,241,726,none,moved,0,0,0.0,0.0,2026-07-26 20:17:58.809361
movement,241,731,none,moved,0,0,137.2527,0.0,2026-07-26 20:17:58.865636
movement,239,753,none,moved,0,0,445.997,0.0,2026-07-26 20:17:58.919155
movement,235,764,none,moved,0,0,0.0,0.0,2026-07-26 20:17:58.973844
movement,235,766,none,moved,0,0,0.0,0.0,2026-07-26 20:17:59.076635
movement,235,768,none,moved,0,0,24.5726,0.0,2026-07-26 20:17:59.145200
movement,233,771,none,moved,0,0,0.0,0.0,2026-07-26 20:17:59.200224
movement,233,773,none,moved,0,0,1.4437,0.0,2026-07-26 20:17:59.913299
movement,239,789,none,moved,0,0,228.2805,0.0,2026-07-26 20:17:59.967528
movement,244,807,none,moved,0,0,437.0736,0.0,2026-07-26 20:18:00.022332
movement,249,826,none,moved,0,0,452.3299,0.0,2026-07-26 20:18:00.077045
movement,253,843,none,moved,0,0,151.9841,0.0,2026-07-26 20:18:00.131844
movement,255,856,none,moved,0,0,147.0241,0.0,2026-07-26 20:18:00.186950
click,255,856,left,pressed,0,0,0.0,0.0,2026-07-26 20:18:00.474991
click,255,856,left,released,0,0,0.0,0.0,2026-07-26 20:18:00.702909
movement,255,854,none,moved,0,0,2.2417,0.0,2026-07-26 20:18:01.079116
movement,229,828,none,moved,0,0,263.7809,0.0,2026-07-26 20:18:01.137643
movement,221,821,none,moved,0,0,150.6791,0.0,2026-07-26 20:18:01.188576
movement,219,818,none,moved,0,0,144.3177,0.0,2026-07-26 20:18:01.243575
movement,213,808,none,moved,0,0,282.6329,0.0,2026-07-26 20:18:01.307248
movement,207,793,none,moved,0,0,145.7368,0.0,2026-07-26 20:18:01.360093
movement,206,790,none,moved,0,0,0.0,0.0,2026-07-26 20:18:01.415014
movement,206,788,none,moved,0,0,0.0,0.0,2026-07-26 20:18:01.483808
movement,203,784,none,moved,0,0,207.3856,0.0,2026-07-26 20:18:01.538544
movement,201,779,none,moved,0,0,145.6861,0.0,2026-07-26 20:18:01.593208
movement,201,777,none,moved,0,0,18.2071,0.0,2026-07-26 20:18:01.689277
movement,201,778,none,moved,0,0,1.2401,0.0,2026-07-26 20:18:02.516207
movement,213,805,none,moved,0,0,516.6295,0.0,2026-07-26 20:18:02.570723
movement,218,821,none,moved,0,0,144.6162,0.0,2026-07-26 20:18:02.625482
movement,220,827,none,moved,0,0,73.1965,0.0,2026-07-26 20:18:02.680273
click,220,827,left,pressed,0,0,0.0,0.0,2026-07-26 20:18:02.968097
click,220,827,left,released,0,0,0.0,0.0,2026-07-26 20:18:03.188648
movement,215,826,none,moved,0,0,6.5868,0.0,2026-07-26 20:18:03.488676
movement,135,793,none,moved,0,0,1370.3867,0.0,2026-07-26 20:18:03.543450
movement,105,778,none,moved,0,0,323.6395,0.0,2026-07-26 20:18:03.598228
movement,99,772,none,moved,0,0,0.0,0.0,2026-07-26 20:18:03.653193
movement,95,767,none,moved,0,0,70.815,0.0,2026-07-26 20:18:03.708313
movement,94,767,none,moved,0,0,0.0,0.0,2026-07-26 20:18:03.759135
movement,94,767,none,moved,0,0,0.0,0.0,2026-07-26 20:18:04.398480
movement,98,783,none,moved,0,0,143.6898,0.0,2026-07-26 20:18:04.453568
movement,100,793,none,moved,0,0,147.5621,0.0,2026-07-26 20:18:04.508135
movement,103,802,none,moved,0,0,292.1944,0.0,2026-07-26 20:18:04.563162
movement,105,806,none,moved,0,0,24.2375,0.0,2026-07-26 20:18:04.652333
movement,106,807,none,moved,0,0,36.516,0.0,2026-07-26 20:18:04.727568
movement,106,808,none,moved,0,0,0.0,0.0,2026-07-26 20:18:04.789337
movement,105,808,none,moved,0,0,49.0241,0.0,2026-07-26 20:18:04.844051
movement,103,808,none,moved,0,0,48.175,0.0,2026-07-26 20:18:04.912916
movement,100,803,none,moved,0,0,149.0831,0.0,2026-07-26 20:18:04.967549
movement,94,788,none,moved,0,0,137.8572,0.0,2026-07-26 20:18:05.022867
movement,92,785,none,moved,0,0,0.0,0.0,2026-07-26 20:18:05.139251
movement,92,784,none,moved,0,0,6.0786,0.0,2026-07-26 20:18:05.303762
movement,93,785,none,moved,0,0,2.3275,0.0,2026-07-26 20:18:05.918414
movement,96,803,none,moved,0,0,426.1494,0.0,2026-07-26 20:18:05.973261
movement,93,822,none,moved,0,0,348.1218,0.0,2026-07-26 20:18:06.028055
movement,92,827,none,moved,0,0,0.0,0.0,2026-07-26 20:18:06.082816
movement,92,829,none,moved,0,0,36.3288,0.0,2026-07-26 20:18:06.137879
click,90,830,left,pressed,0,0,0.0,0.0,2026-07-26 20:18:06.436913
click,90,830,left,released,0,0,0.0,0.0,2026-07-26 20:18:06.658867
movement,92,829,none,moved,0,0,2.4563,0.0,2026-07-26 20:18:07.075601
movement,158,772,none,moved,0,0,1591.9831,0.0,2026-07-26 20:18:07.130644
movement,215,752,none,moved,0,0,752.8986,0.0,2026-07-26 20:18:07.185500
movement,241,762,none,moved,0,0,708.2557,0.0,2026-07-26 20:18:07.240556
movement,246,772,none,moved,0,0,0.0,0.0,2026-07-26 20:18:07.301973
click,244,772,right,pressed,0,0,0.0,0.0,2026-07-26 20:18:07.830000
click,244,772,right,released,0,0,0.0,0.0,2026-07-26 20:18:07.890382
movement,243,772,none,moved,0,0,0.6457,0.0,2026-07-26 20:18:08.864675
movement,229,785,none,moved,0,0,321.8514,0.0,2026-07-26 20:18:08.919518
movement,222,790,none,moved,0,0,0.0,0.0,2026-07-26 20:18:09.015473
click,222,790,left,pressed,0,0,0.0,0.0,2026-07-26 20:18:09.240603
click,222,790,left,released,0,0,0.0,0.0,2026-07-26 20:18:09.466088
idle,222,790,none,idle_start,0,0,0.0,0.0,2026-07-26 20:18:10.671457
idle,219,792,none,idle_end,0,0,0.0,3.3929,2026-07-26 20:18:14.064329
movement,219,792,none,moved,0,0,0.7141,0.0,2026-07-26 20:18:14.065301
movement,195,811,none,moved,0,0,647.96,0.0,2026-07-26 20:18:14.119177
movement,173,826,none,moved,0,0,435.6361,0.0,2026-07-26 20:18:14.174006
movement,146,833,none,moved,0,0,320.9263,0.0,2026-07-26 20:18:14.229030
movement,126,841,none,moved,0,0,332.993,0.0,2026-07-26 20:18:14.283673
movement,116,842,none,moved,0,0,143.0136,0.0,2026-07-26 20:18:14.338490
movement,114,840,none,moved,0,0,48.9229,0.0,2026-07-26 20:18:14.399907
movement,109,839,none,moved,0,0,144.2234,0.0,2026-07-26 20:18:14.455051
movement,98,838,none,moved,0,0,288.6949,0.0,2026-07-26 20:18:14.509807
movement,79,839,none,moved,0,0,286.7214,0.0,2026-07-26 20:18:14.564622
movement,61,845,none,moved,0,0,462.822,0.0,2026-07-26 20:18:14.619448
movement,46,847,none,moved,0,0,292.0621,0.0,2026-07-26 20:18:14.674167
movement,41,846,none,moved,0,0,0.0,0.0,2026-07-26 20:18:14.742674
movement,43,843,none,moved,0,0,2.3178,0.0,2026-07-26 20:18:15.401392
movement,48,852,none,moved,0,0,262.2647,0.0,2026-07-26 20:18:15.454598
movement,51,855,none,moved,0,0,47.1779,0.0,2026-07-26 20:18:15.517660
movement,52,853,none,moved,0,0,68.9376,0.0,2026-07-26 20:18:15.578805
movement,57,830,none,moved,0,0,757.0161,0.0,2026-07-26 20:18:15.633958
movement,64,799,none,moved,0,0,443.2163,0.0,2026-07-26 20:18:15.687792
movement,64,793,none,moved,0,0,19.6192,0.0,2026-07-26 20:18:15.787162
movement,64,788,none,moved,0,0,147.1634,0.0,2026-07-26 20:18:15.838364
movement,61,766,none,moved,0,0,464.5728,0.0,2026-07-26 20:18:15.893368
movement,57,754,none,moved,0,0,0.0,0.0,2026-07-26 20:18:15.948270
movement,57,751,none,moved,0,0,48.1191,0.0,2026-07-26 20:18:16.017328
movement,58,749,none,moved,0,0,24.4524,0.0,2026-07-26 20:18:16.085597
movement,58,744,none,moved,0,0,141.2985,0.0,2026-07-26 20:18:16.140457
movement,58,742,none,moved,0,0,0.0,0.0,2026-07-26 20:18:16.244429
movement,60,741,none,moved,0,0,55.374,0.0,2026-07-26 20:18:16.298912
movement,61,739,none,moved,0,0,0.0,0.0,2026-07-26 20:18:16.360354
movement,62,732,none,moved,0,0,145.7469,0.0,2026-07-26 20:18:16.414394
movement,64,727,none,moved,0,0,71.6069,0.0,2026-07-26 20:18:16.469821
movement,63,723,none,moved,0,0,33.052,0.0,2026-07-26 20:18:16.547920
movement,62,722,none,moved,0,0,29.564,0.0,2026-07-26 20:18:16.628282
click,62,722,left,pressed,0,0,0.0,0.0,2026-07-26 20:18:16.925963
click,62,722,left,released,0,0,0.0,0.0,2026-07-26 20:18:17.148743
idle,62,722,none,idle_start,0,0,0.0,0.0,2026-07-26 20:18:18.198814
idle,74,724,none,idle_end,0,0,0.0,1.2942,2026-07-26 20:18:19.493144
movement,74,724,none,moved,0,0,4.2466,0.0,2026-07-26 20:18:19.493582
movement,279,842,none,moved,0,0,4673.98,0.0,2026-07-26 20:18:19.548031
movement,372,924,none,moved,0,0,1448.6596,0.0,2026-07-26 20:18:19.602785
movement,399,966,none,moved,0,0,823.8897,0.0,2026-07-26 20:18:19.657467
movement,390,997,none,moved,0,0,700.0073,0.0,2026-07-26 20:18:19.712734
movement,365,1027,none,moved,0,0,418.7829,0.0,2026-07-26 20:18:19.767129
movement,359,1031,none,moved,0,0,0.0,0.0,2026-07-26 20:18:19.836215
movement,360,1026,none,moved,0,0,70.0463,0.0,2026-07-26 20:18:19.898105
movement,376,1011,none,moved,0,0,924.3383,0.0,2026-07-26 20:18:19.952618
movement,426,974,none,moved,0,0,1140.3008,0.0,2026-07-26 20:18:20.007104
movement,462,949,none,moved,0,0,401.1254,0.0,2026-07-26 20:18:20.062680
movement,475,941,none,moved,0,0,48.5671,0.0,2026-07-26 20:18:20.124381
movement,475,941,none,moved,0,0,0.0,0.0,2026-07-26 20:18:20.268532
movement,469,943,none,moved,0,0,12.8534,0.0,2026-07-26 20:18:20.823906
movement,413,1002,none,moved,0,0,503.4046,0.0,2026-07-26 20:18:20.879732
movement,403,1007,none,moved,0,0,107.6797,0.0,2026-07-26 20:18:20.941438
movement,404,1006,none,moved,0,0,79.4511,0.0,2026-07-26 20:18:21.003015
movement,406,1004,none,moved,0,0,7.8968,0.0,2026-07-26 20:18:21.361186
movement,428,981,none,moved,0,0,638.1083,0.0,2026-07-26 20:18:21.415887
click,436,974,left,pressed,0,0,0.0,0.0,2026-07-26 20:18:21.762502
click,436,974,left,released,0,0,0.0,0.0,2026-07-26 20:18:21.988062
movement,530,774,none,moved,0,0,0.0,0.0,2026-07-26 20:22:33.776580
movement,528,675,none,moved,0,0,1818.7165,0.0,2026-07-26 20:22:33.831421
movement,496,614,none,moved,0,0,1552.0292,0.0,2026-07-26 20:22:33.886225
movement,446,543,none,moved,0,0,1600.3612,0.0,2026-07-26 20:22:33.940902
movement,385,503,none,moved,0,0,1168.8268,0.0,2026-07-26 20:22:33.995875
movement,332,511,none,moved,0,0,1186.4692,0.0,2026-07-26 20:22:34.051044
movement,310,532,none,moved,0,0,357.0544,0.0,2026-07-26 20:22:34.105753
movement,323,564,none,moved,0,0,1226.4072,0.0,2026-07-26 20:22:34.160650
movement,387,599,none,moved,0,0,1299.9049,0.0,2026-07-26 20:22:34.215482
click,493,585,left,pressed,0,0,0.0,0.0,2026-07-26 20:22:34.562998
click,493,585,left,released,0,0,0.0,0.0,2026-07-26 20:22:34.780964
idle,493,585,none,idle_start,0,0,0.0,0.0,2026-07-26 20:22:35.912081
idle,496,598,none,idle_end,0,0,0.0,0.3141,2026-07-26 20:22:36.226241
movement,496,598,none,moved,0,0,6.7969,0.0,2026-07-26 20:22:36.228363
movement,524,725,none,moved,0,0,2497.6258,0.0,2026-07-26 20:22:36.281169
movement,550,818,none,moved,0,0,977.0548,0.0,2026-07-26 20:22:36.335848
movement,560,834,none,moved,0,0,150.7387,0.0,2026-07-26 20:22:36.390739
movement,564,824,none,moved,0,0,15.5505,0.0,2026-07-26 20:22:36.831844
movement,633,717,none,moved,0,0,3082.9804,0.0,2026-07-26 20:22:36.886675
movement,698,621,none,moved,0,0,1608.7201,0.0,2026-07-26 20:22:36.941226
movement,732,554,none,moved,0,0,1147.2083,0.0,2026-07-26 20:22:36.996199
movement,742,521,none,moved,0,0,295.0618,0.0,2026-07-26 20:22:37.050815
movement,743,515,none,moved,0,0,37.0918,0.0,2026-07-26 20:22:37.112538
movement,745,517,none,moved,0,0,0.0,0.0,2026-07-26 20:22:37.181166
click,745,517,left,pressed,0,0,0.0,0.0,2026-07-26 20:22:37.701154
click,745,517,left,released,0,0,0.0,0.0,2026-07-26 20:22:37.929007
click,745,517,left,pressed,0,0,0.0,0.0,2026-07-26 20:22:38.188454
movement,747,521,none,moved,0,0,3.6634,0.0,2026-07-26 20:22:38.401919
movement,777,601,none,moved,0,0,1742.7752,0.0,2026-07-26 20:22:38.457452
movement,794,683,none,moved,0,0,1262.5639,0.0,2026-07-26 20:22:38.511810
movement,803,716,none,moved,0,0,205.8669,0.0,2026-07-26 20:22:38.566253
movement,803,718,none,moved,0,0,0.0,0.0,2026-07-26 20:22:38.669113
movement,803,717,none,moved,0,0,36.7699,0.0,2026-07-26 20:22:38.731069
movement,803,712,none,moved,0,0,134.2564,0.0,2026-07-26 20:22:38.786460
movement,802,674,none,moved,0,0,1149.4743,0.0,2026-07-26 20:22:38.841574
movement,796,608,none,moved,0,0,1107.2693,0.0,2026-07-26 20:22:38.895179
movement,793,568,none,moved,0,0,430.553,0.0,2026-07-26 20:22:38.951205
movement,793,554,none,moved,0,0,168.3986,0.0,2026-07-26 20:22:39.005100
movement,792,549,none,moved,0,0,124.4416,0.0,2026-07-26 20:22:39.061215
movement,789,539,none,moved,0,0,199.6907,0.0,2026-07-26 20:22:39.111218
movement,789,511,none,moved,0,0,475.365,0.0,2026-07-26 20:22:39.163297
movement,785,470,none,moved,0,0,708.9763,0.0,2026-07-26 20:22:39.218669
movement,784,422,none,moved,0,0,1066.7876,0.0,2026-07-26 20:22:39.272502
movement,780,354,none,moved,0,0,1790.9484,0.0,2026-07-26 20:22:39.327308
movement,778,280,none,moved,0,0,1298.3228,0.0,2026-07-26 20:22:39.382594
movement,774,225,none,moved,0,0,442.0175,0.0,2026-07-26 20:22:39.439620
movement,774,201,none,moved,0,0,277.8329,0.0,2026-07-26 20:22:39.494933
movement,774,197,none,moved,0,0,0.0,0.0,2026-07-26 20:22:39.556159
click,776,199,left,released,0,0,0.0,0.0,2026-07-26 20:22:39.615704
movement,775,205,none,moved,0,0,17.374,0.0,2026-07-26 20:22:39.938140
movement,759,287,none,moved,0,0,1404.0268,0.0,2026-07-26 20:22:39.991692
movement,763,352,none,moved,0,0,971.6432,0.0,2026-07-26 20:22:40.045027
idle,770,377,none,idle_start,0,0,0.0,0.0,2026-07-26 20:22:41.929571
idle,770,370,none,idle_end,0,0,0.0,1.66,2026-07-26 20:22:43.589564
movement,770,370,none,moved,0,0,1.9941,0.0,2026-07-26 20:22:43.592524
movement,747,281,none,moved,0,0,1742.1185,0.0,2026-07-26 20:22:43.643782
movement,698,234,none,moved,0,0,1087.7871,0.0,2026-07-26 20:22:43.698609
movement,665,226,none,moved,0,0,387.238,0.0,2026-07-26 20:22:43.754397
movement,661,226,none,moved,0,0,0.0,0.0,2026-07-26 20:22:43.816438
movement,661,229,none,moved,0,0,6.3924,0.0,2026-07-26 20:22:44.294171
movement,662,264,none,moved,0,0,482.2409,0.0,2026-07-26 20:22:44.345657
idle,663,270,none,idle_start,0,0,0.0,0.0,2026-07-26 20:22:45.996162
click,663,270,left,pressed,0,0,0.0,0.0,2026-07-26 20:22:46.746030
click,663,270,left,released,0,0,0.0,0.0,2026-07-26 20:22:46.933769
click,663,270,left,pressed,0,0,0.0,0.0,2026-07-26 20:22:47.005519
click,663,270,left,released,0,0,0.0,0.0,2026-07-26 20:22:47.162526
click,663,270,left,pressed,0,0,0.0,0.0,2026-07-26 20:22:47.781585
click,663,270,left,released,0,0,0.0,0.0,2026-07-26 20:22:48.006285
idle,668,280,none,idle_end,0,0,0.0,2.7228,2026-07-26 20:22:48.719006
movement,668,280,none,moved,0,0,2.581,0.0,2026-07-26 20:22:48.719420
movement,803,466,none,moved,0,0,5295.0256,0.0,2026-07-26 20:22:48.773629
movement,1003,621,none,moved,0,0,3163.7933,0.0,2026-07-26 20:22:48.828764
movement,1100,663,none,moved,0,0,628.8795,0.0,2026-07-26 20:22:48.883227
movement,1120,661,none,moved,0,0,32.8221,0.0,2026-07-26 20:22:49.326932
movement,1330,790,none,moved,0,0,4393.5761,0.0,2026-07-26 20:22:49.382310
movement,1483,906,none,moved,0,0,1739.0114,0.0,2026-07-26 20:22:49.436811
movement,1504,919,none,moved,0,0,71.0285,0.0,2026-07-26 20:22:49.498858
movement,1504,915,none,moved,0,0,0.0,0.0,2026-07-26 20:22:50.034444
movement,1474,916,none,moved,0,0,712.5172,0.0,2026-07-26 20:22:50.089509
movement,1420,916,none,moved,0,0,984.9748,0.0,2026-07-26 20:22:50.144662
movement,1351,915,none,moved,0,0,1129.931,0.0,2026-07-26 20:22:50.199024
movement,1303,908,none,moved,0,0,645.8749,0.0,2026-07-26 20:22:50.253776
movement,1268,889,none,moved,0,0,609.8956,0.0,2026-07-26 20:22:50.309071
movement,1247,870,none,moved,0,0,413.7296,0.0,2026-07-26 20:22:50.363802
movement,1222,849,none,moved,0,0,678.7119,0.0,2026-07-26 20:22:50.419530
movement,1183,813,none,moved,0,0,855.1431,0.0,2026-07-26 20:22:50.474904
movement,1132,744,none,moved,0,0,2479.3505,0.0,2026-07-26 20:22:50.528598
movement,1097,667,none,moved,0,0,1447.2079,0.0,2026-07-26 20:22:50.582989
movement,1087,648,none,moved,0,0,72.4305,0.0,2026-07-26 20:22:50.637908
movement,1078,656,none,moved,0,0,10.8839,0.0,2026-07-26 20:22:51.751064
movement,989,798,none,moved,0,0,2430.8213,0.0,2026-07-26 20:22:51.806113
movement,979,871,none,moved,0,0,1054.7341,0.0,2026-07-26 20:22:51.860807
movement,1073,880,none,moved,0,0,2607.3755,0.0,2026-07-26 20:22:51.915518
movement,1406,809,none,moved,0,0,7884.4896,0.0,2026-07-26 20:22:51.970349
movement,1813,694,none,moved,0,0,6566.023,0.0,2026-07-26 20:22:52.025102
movement,1923,643,none,moved,0,0,325.1993,0.0,2026-07-26 20:22:52.080129
movement,1918,640,none,moved,0,0,72.9838,0.0,2026-07-26 20:22:52.135061
movement,1913,639,none,moved,0,0,148.036,0.0,2026-07-26 20:22:52.189839
movement,1908,630,none,moved,0,0,12.8814,0.0,2026-07-26 20:22:52.963338
movement,1802,508,none,moved,0,0,2480.1845,0.0,2026-07-26 20:22:53.019568
movement,1649,392,none,moved,0,0,6110.7589,0.0,2026-07-26 20:22:53.072826
movement,1499,339,none,moved,0,0,2503.2283,0.0,2026-07-26 20:22:53.128290
movement,1346,347,none,moved,0,0,2991.6255,0.0,2026-07-26 20:22:53.182209
movement,1239,372,none,moved,0,0,1168.3288,0.0,2026-07-26 20:22:53.237444
movement,1230,372,none,moved,0,0,28.8124,0.0,2026-07-26 20:22:53.306403
movement,1235,382,none,moved,0,0,16.7832,0.0,2026-07-26 20:22:54.023938
movement,1317,658,none,moved,0,0,6318.54,0.0,2026-07-26 20:22:54.078455
movement,1392,941,none,moved,0,0,4192.6097,0.0,2026-07-26 20:22:54.132756
movement,1440,1093,none,moved,0,0,2561.9138,0.0,2026-07-26 20:22:54.187519
movement,1464,1086,none,moved,0,0,459.3916,0.0,2026-07-26 20:22:54.242453
movement,1469,1060,none,moved,0,0,2.9236,0.0,2026-07-26 20:22:54.632542
movement,1430,1050,none,moved,0,0,895.883,0.0,2026-07-26 20:22:54.687226
movement,1388,1045,none,moved,0,0,714.7027,0.0,2026-07-26 20:22:54.742471
movement,1370,1040,none,moved,0,0,144.2382,0.0,2026-07-26 20:22:54.797306
movement,1370,1038,none,moved,0,0,0.0,0.0,2026-07-26 20:22:54.865818
movement,1371,1037,none,moved,0,0,0.0,0.0,2026-07-26 20:22:54.955036
movement,1373,1037,none,moved,0,0,28.6385,0.0,2026-07-26 20:22:55.030637
movement,1374,1037,none,moved,0,0,0.0,0.0,2026-07-26 20:22:55.091817
movement,1377,1037,none,moved,0,0,48.4891,0.0,2026-07-26 20:22:55.153746
movement,1387,1038,none,moved,0,0,146.9108,0.0,2026-07-26 20:22:55.208814
movement,1397,1040,none,moved,0,0,149.1255,0.0,2026-07-26 20:22:55.263889
movement,1399,1042,none,moved,0,0,33.3228,0.0,2026-07-26 20:22:55.328452
click,1400,1042,left,pressed,0,0,0.0,0.0,2026-07-26 20:22:55.618378
click,1400,1042,left,released,0,0,0.0,0.0,2026-07-26 20:22:55.845377
movement,1388,1036,none,moved,0,0,13.9474,0.0,2026-07-26 20:22:56.293943
movement,1175,910,none,moved,0,0,4615.4417,0.0,2026-07-26 20:22:56.348845
movement,957,796,none,moved,0,0,3902.6718,0.0,2026-07-26 20:22:56.403973
movement,823,744,none,moved,0,0,1371.8552,0.0,2026-07-26 20:22:56.458667
scroll,805,737,none,scrolled_down,0,-1,0.0,0.0,2026-07-26 20:22:56.833288
scroll,805,737,none,scrolled_down,0,-1,0.0,0.0,2026-07-26 20:22:56.841754
scroll,805,737,none,scrolled_down,0,-1,0.0,0.0,2026-07-26 20:22:56.850612
scroll,805,737,none,scrolled_down,0,-1,0.0,0.0,2026-07-26 20:22:56.870134
scroll,805,737,none,scrolled_down,0,-1,0.0,0.0,2026-07-26 20:22:56.902917
scroll,805,737,none,scrolled_down,0,-1,0.0,0.0,2026-07-26 20:22:56.909407
scroll,805,737,none,scrolled_down,0,-1,0.0,0.0,2026-07-26 20:22:56.922557
scroll,805,737,none,scrolled_down,0,-1,0.0,0.0,2026-07-26 20:22:56.923541
scroll,805,737,none,scrolled_down,0,-1,0.0,0.0,2026-07-26 20:22:56.940725
scroll,805,737,none,scrolled_down,0,-1,0.0,0.0,2026-07-26 20:22:56.956936
scroll,805,737,none,scrolled_down,0,-1,0.0,0.0,2026-07-26 20:22:56.960029
scroll,805,737,none,scrolled_down,0,-1,0.0,0.0,2026-07-26 20:22:57.541193
scroll,805,737,none,scrolled_down,0,-1,0.0,0.0,2026-07-26 20:22:57.548771
scroll,805,737,none,scrolled_down,0,-1,0.0,0.0,2026-07-26 20:22:57.567323
scroll,805,737,none,scrolled_down,0,-1,0.0,0.0,2026-07-26 20:22:57.576058
scroll,805,737,none,scrolled_down,0,-1,0.0,0.0,2026-07-26 20:22:57.578682
scroll,805,737,none,scrolled_down,0,-1,0.0,0.0,2026-07-26 20:22:57.598101
scroll,805,737,none,scrolled_down,0,-1,0.0,0.0,2026-07-26 20:22:57.601251
scroll,805,737,none,scrolled_down,0,0,0.0,0.0,2026-07-26 20:22:57.665072
scroll,805,737,none,scrolled_down,0,0,0.0,0.0,2026-07-26 20:22:57.675298
scroll,805,737,none,scrolled_down,0,0,0.0,0.0,2026-07-26 20:22:57.691040
scroll,805,737,none,scrolled_up,0,1,0.0,0.0,2026-07-26 20:22:58.065169
scroll,805,737,none,scrolled_down,0,0,0.0,0.0,2026-07-26 20:22:58.077085
scroll,805,737,none,scrolled_up,0,1,0.0,0.0,2026-07-26 20:22:58.085878
scroll,805,737,none,scrolled_down,0,0,0.0,0.0,2026-07-26 20:22:58.092078
scroll,805,737,none,scrolled_down,0,0,0.0,0.0,2026-07-26 20:22:58.099773
idle,805,737,none,idle_start,0,0,0.0,0.0,2026-07-26 20:22:58.100621
scroll,805,737,none,scrolled_down,0,0,0.0,0.0,2026-07-26 20:22:58.106375
scroll,805,737,none,scrolled_down,0,0,0.0,0.0,2026-07-26 20:22:58.114034
scroll,805,737,none,scrolled_down,0,0,0.0,0.0,2026-07-26 20:22:58.136076
scroll,805,737,none,scrolled_down,0,0,0.0,0.0,2026-07-26 20:22:58.141780
scroll,805,737,none,scrolled_up,0,1,0.0,0.0,2026-07-26 20:22:58.161956
scroll,805,737,none,scrolled_down,0,0,0.0,0.0,2026-07-26 20:22:58.190024
scroll,805,737,none,scrolled_down,0,0,0.0,0.0,2026-07-26 20:22:58.193058
scroll,805,737,none,scrolled_down,0,0,0.0,0.0,2026-07-26 20:22:58.195152
scroll,805,737,none,scrolled_down,0,0,0.0,0.0,2026-07-26 20:22:58.204813
scroll,805,737,none,scrolled_down,0,0,0.0,0.0,2026-07-26 20:22:58.206891
scroll,805,737,none,scrolled_down,0,0,0.0,0.0,2026-07-26 20:22:58.229072
scroll,805,737,none,scrolled_down,0,0,0.0,0.0,2026-07-26 20:22:58.260312
scroll,805,737,none,scrolled_down,0,0,0.0,0.0,2026-07-26 20:22:58.290266
scroll,805,737,none,scrolled_down,0,0,0.0,0.0,2026-07-26 20:22:58.322761
scroll,805,737,none,scrolled_down,0,0,0.0,0.0,2026-07-26 20:22:59.238860
scroll,805,737,none,scrolled_up,0,1,0.0,0.0,2026-07-26 20:22:59.386378
scroll,805,737,none,scrolled_down,0,0,0.0,0.0,2026-07-26 20:22:59.389564
scroll,805,737,none,scrolled_down,0,0,0.0,0.0,2026-07-26 20:22:59.429511
scroll,805,737,none,scrolled_down,0,0,0.0,0.0,2026-07-26 20:23:01.366631
scroll,805,737,none,scrolled_down,0,0,0.0,0.0,2026-07-26 20:23:01.373287
scroll,805,737,none,scrolled_down,0,0,0.0,0.0,2026-07-26 20:23:01.380438
scroll,805,737,none,scrolled_down,0,0,0.0,0.0,2026-07-26 20:23:01.387027
scroll,805,737,none,scrolled_down,0,0,0.0,0.0,2026-07-26 20:23:01.393830
scroll,805,737,none,scrolled_down,0,0,0.0,0.0,2026-07-26 20:23:01.400986
scroll,805,737,none,scrolled_down,0,0,0.0,0.0,2026-07-26 20:23:01.407833
scroll,805,737,none,scrolled_down,0,0,0.0,0.0,2026-07-26 20:23:01.423261
scroll,805,737,none,scrolled_down,0,0,0.0,0.0,2026-07-26 20:23:01.426134
scroll,805,737,none,scrolled_down,0,0,0.0,0.0,2026-07-26 20:23:01.440357
scroll,805,737,none,scrolled_down,0,0,0.0,0.0,2026-07-26 20:23:01.442797
scroll,805,737,none,scrolled_down,0,0,0.0,0.0,2026-07-26 20:23:01.444432
scroll,805,737,none,scrolled_down,0,0,0.0,0.0,2026-07-26 20:23:01.448842
scroll,805,737,none,scrolled_down,0,0,0.0,0.0,2026-07-26 20:23:01.455709
scroll,805,737,none,scrolled_down,0,0,0.0,0.0,2026-07-26 20:23:01.472938
scroll,805,737,none,scrolled_down,0,0,0.0,0.0,2026-07-26 20:23:01.475037
scroll,805,737,none,scrolled_down,0,0,0.0,0.0,2026-07-26 20:23:01.477720
scroll,805,737,none,scrolled_down,0,0,0.0,0.0,2026-07-26 20:23:01.483298
scroll,805,737,none,scrolled_down,0,0,0.0,0.0,2026-07-26 20:23:01.490191
scroll,805,737,none,scrolled_down,0,0,0.0,0.0,2026-07-26 20:23:01.496764
scroll,805,737,none,scrolled_down,0,0,0.0,0.0,2026-07-26 20:23:01.504297
scroll,805,737,none,scrolled_down,0,0,0.0,0.0,2026-07-26 20:23:01.511047
scroll,805,737,none,scrolled_down,0,0,0.0,0.0,2026-07-26 20:23:01.517937
scroll,805,737,none,scrolled_down,0,0,0.0,0.0,2026-07-26 20:23:01.524747
scroll,805,737,none,scrolled_down,0,0,0.0,0.0,2026-07-26 20:23:01.531897
scroll,805,737,none,scrolled_down,0,0,0.0,0.0,2026-07-26 20:23:01.538036
scroll,805,737,none,scrolled_down,0,-1,0.0,0.0,2026-07-26 20:23:01.607250
scroll,805,737,none,scrolled_down,0,-1,0.0,0.0,2026-07-26 20:23:01.647749
idle,805,735,none,idle_end,0,0,0.0,4.3818,2026-07-26 20:23:02.482440
movement,805,735,none,moved,0,0,0.3343,0.0,2026-07-26 20:23:02.482773
movement,787,697,none,moved,0,0,946.1802,0.0,2026-07-26 20:23:02.537199
movement,780,657,none,moved,0,0,728.4054,0.0,2026-07-26 20:23:02.592160
movement,782,645,none,moved,0,0,139.6658,0.0,2026-07-26 20:23:02.647626
movement,785,643,none,moved,0,0,156.2891,0.0,2026-07-26 20:23:02.704229
click,789,642,left,pressed,0,0,0.0,0.0,2026-07-26 20:23:02.988931
click,789,642,left,released,0,0,0.0,0.0,2026-07-26 20:23:03.159777
click,789,642,right,pressed,0,0,0.0,0.0,2026-07-26 20:23:04.093348
click,789,642,right,released,0,0,0.0,0.0,2026-07-26 20:23:04.203013
idle,789,642,none,idle_start,0,0,0.0,0.0,2026-07-26 20:23:04.518110
idle,780,642,none,idle_end,0,0,0.0,0.4681,2026-07-26 20:23:04.986183
movement,780,642,none,moved,0,0,3.99,0.0,2026-07-26 20:23:04.986691
movement,653,660,none,moved,0,0,2467.7151,0.0,2026-07-26 20:23:05.040397
movement,603,666,none,moved,0,0,311.4621,0.0,2026-07-26 20:23:05.095162
click,600,664,left,pressed,0,0,0.0,0.0,2026-07-26 20:23:05.341622
click,600,664,left,released,0,0,0.0,0.0,2026-07-26 20:23:05.556874
click,600,664,left,pressed,0,0,0.0,0.0,2026-07-26 20:23:06.296426
click,600,664,left,released,0,0,0.0,0.0,2026-07-26 20:23:06.441723
idle,600,664,none,idle_start,0,0,0.0,0.0,2026-07-26 20:23:07.050156
scroll,600,664,none,scrolled_down,0,-1,0.0,0.0,2026-07-26 20:23:07.516802
scroll,600,664,none,scrolled_down,0,-1,0.0,0.0,2026-07-26 20:23:07.523610
scroll,600,664,none,scrolled_down,0,-1,0.0,0.0,2026-07-26 20:23:07.532733
scroll,600,664,none,scrolled_down,0,-1,0.0,0.0,2026-07-26 20:23:07.560955
scroll,600,664,none,scrolled_down,0,-1,0.0,0.0,2026-07-26 20:23:07.566268
scroll,600,664,none,scrolled_down,0,-1,0.0,0.0,2026-07-26 20:23:07.592190
scroll,600,664,none,scrolled_down,0,-1,0.0,0.0,2026-07-26 20:23:07.593302
scroll,600,664,none,scrolled_down,0,0,0.0,0.0,2026-07-26 20:23:07.680975
scroll,600,664,none,scrolled_down,0,0,0.0,0.0,2026-07-26 20:23:07.722671
scroll,600,664,none,scrolled_down,0,0,0.0,0.0,2026-07-26 20:23:07.783903
scroll,600,664,none,scrolled_down,0,0,0.0,0.0,2026-07-26 20:23:07.790294
scroll,600,664,none,scrolled_down,0,0,0.0,0.0,2026-07-26 20:23:07.797366
scroll,600,664,none,scrolled_down,0,0,0.0,0.0,2026-07-26 20:23:07.804004
scroll,600,664,none,scrolled_down,0,0,0.0,0.0,2026-07-26 20:23:07.811039
scroll,600,664,none,scrolled_down,0,0,0.0,0.0,2026-07-26 20:23:07.817678
scroll,600,664,none,scrolled_down,0,0,0.0,0.0,2026-07-26 20:23:07.824610
scroll,600,664,none,scrolled_down,0,0,0.0,0.0,2026-07-26 20:23:07.831621
scroll,600,664,none,scrolled_down,0,0,0.0,0.0,2026-07-26 20:23:07.842662
scroll,600,664,none,scrolled_down,0,0,0.0,0.0,2026-07-26 20:23:07.862035
scroll,600,664,none,scrolled_down,0,0,0.0,0.0,2026-07-26 20:23:07.875364
scroll,600,664,none,scrolled_down,0,0,0.0,0.0,2026-07-26 20:23:07.883469
scroll,600,664,none,scrolled_down,0,0,0.0,0.0,2026-07-26 20:23:07.886166
scroll,600,664,none,scrolled_down,0,0,0.0,0.0,2026-07-26 20:23:07.893050
scroll,600,664,none,scrolled_down,0,0,0.0,0.0,2026-07-26 20:23:07.900296
scroll,600,664,none,scrolled_down,0,0,0.0,0.0,2026-07-26 20:23:07.906856
scroll,600,664,none,scrolled_down,0,0,0.0,0.0,2026-07-26 20:23:07.993623
scroll,600,664,none,scrolled_down,0,-1,0.0,0.0,2026-07-26 20:23:08.971323
scroll,600,664,none,scrolled_down,0,-1,0.0,0.0,2026-07-26 20:23:08.992344
scroll,600,664,none,scrolled_down,0,-1,0.0,0.0,2026-07-26 20:23:09.006289
scroll,600,664,none,scrolled_down,0,-1,0.0,0.0,2026-07-26 20:23:09.021255
scroll,600,664,none,scrolled_down,0,-1,0.0,0.0,2026-07-26 20:23:09.036523
scroll,600,664,none,scrolled_down,0,-1,0.0,0.0,2026-07-26 20:23:13.001086
scroll,600,664,none,scrolled_down,0,-1,0.0,0.0,2026-07-26 20:23:13.006194
scroll,600,664,none,scrolled_down,0,-1,0.0,0.0,2026-07-26 20:23:13.022341
scroll,600,664,none,scrolled_down,0,-1,0.0,0.0,2026-07-26 20:23:13.042078
scroll,600,664,none,scrolled_down,0,-1,0.0,0.0,2026-07-26 20:23:13.048982
scroll,600,664,none,scrolled_down,0,-1,0.0,0.0,2026-07-26 20:23:13.057485
scroll,600,664,none,scrolled_down,0,-1,0.0,0.0,2026-07-26 20:23:13.060466
scroll,600,664,none,scrolled_down,0,-1,0.0,0.0,2026-07-26 20:23:13.067877
scroll,600,664,none,scrolled_down,0,-1,0.0,0.0,2026-07-26 20:23:13.074400
scroll,600,664,none,scrolled_down,0,-1,0.0,0.0,2026-07-26 20:23:13.081856
scroll,600,664,none,scrolled_down,0,-1,0.0,0.0,2026-07-26 20:23:13.088336
scroll,600,664,none,scrolled_down,0,-1,0.0,0.0,2026-07-26 20:23:13.095344
scroll,600,664,none,scrolled_down,0,-1,0.0,0.0,2026-07-26 20:23:13.109776
scroll,600,664,none,scrolled_down,0,-1,0.0,0.0,2026-07-26 20:23:13.115673
scroll,600,664,none,scrolled_down,0,-1,0.0,0.0,2026-07-26 20:23:13.187087
scroll,600,664,none,scrolled_down,0,-1,0.0,0.0,2026-07-26 20:23:13.198811
scroll,600,664,none,scrolled_down,0,-1,0.0,0.0,2026-07-26 20:23:13.206094
scroll,600,664,none,scrolled_down,0,-1,0.0,0.0,2026-07-26 20:23:13.218321
scroll,600,664,none,scrolled_down,0,-1,0.0,0.0,2026-07-26 20:23:13.228398
scroll,600,664,none,scrolled_down,0,-1,0.0,0.0,2026-07-26 20:23:13.231697
scroll,600,664,none,scrolled_down,0,-1,0.0,0.0,2026-07-26 20:23:13.241793
scroll,600,664,none,scrolled_down,0,-1,0.0,0.0,2026-07-26 20:23:13.247093
scroll,600,664,none,scrolled_down,0,-1,0.0,0.0,2026-07-26 20:23:13.254317
scroll,600,664,none,scrolled_down,0,-1,0.0,0.0,2026-07-26 20:23:13.259343
scroll,600,664,none,scrolled_down,0,-1,0.0,0.0,2026-07-26 20:23:13.267039
scroll,600,664,none,scrolled_down,0,-1,0.0,0.0,2026-07-26 20:23:13.274276
scroll,600,664,none,scrolled_down,0,-1,0.0,0.0,2026-07-26 20:23:13.280095
scroll,600,664,none,scrolled_down,0,-1,0.0,0.0,2026-07-26 20:23:13.288666
scroll,600,664,none,scrolled_down,0,-1,0.0,0.0,2026-07-26 20:23:13.294515
scroll,600,664,none,scrolled_down,0,-1,0.0,0.0,2026-07-26 20:23:13.300783
scroll,600,664,none,scrolled_down,0,-1,0.0,0.0,2026-07-26 20:23:13.307316
scroll,600,664,none,scrolled_down,0,-1,0.0,0.0,2026-07-26 20:23:13.314444
scroll,600,664,none,scrolled_down,0,-1,0.0,0.0,2026-07-26 20:23:13.321503
scroll,600,664,none,scrolled_down,0,-1,0.0,0.0,2026-07-26 20:23:13.328482
scroll,600,664,none,scrolled_down,0,-1,0.0,0.0,2026-07-26 20:23:13.335562
scroll,600,664,none,scrolled_down,0,-1,0.0,0.0,2026-07-26 20:23:13.342398
scroll,600,664,none,scrolled_down,0,-1,0.0,0.0,2026-07-26 20:23:13.348351
scroll,600,664,none,scrolled_down,0,-1,0.0,0.0,2026-07-26 20:23:13.355857
scroll,600,664,none,scrolled_down,0,-1,0.0,0.0,2026-07-26 20:23:13.362563
scroll,600,664,none,scrolled_down,0,-1,0.0,0.0,2026-07-26 20:23:13.369718
scroll,600,664,none,scrolled_down,0,-1,0.0,0.0,2026-07-26 20:23:13.376553
scroll,600,664,none,scrolled_down,0,-1,0.0,0.0,2026-07-26 20:23:13.382612
scroll,600,664,none,scrolled_down,0,-1,0.0,0.0,2026-07-26 20:23:13.390308
scroll,600,664,none,scrolled_down,0,-1,0.0,0.0,2026-07-26 20:23:13.396581
scroll,600,664,none,scrolled_down,0,-1,0.0,0.0,2026-07-26 20:23:13.403215
scroll,600,664,none,scrolled_down,0,-1,0.0,0.0,2026-07-26 20:23:13.410304
scroll,600,664,none,scrolled_down,0,-1,0.0,0.0,2026-07-26 20:23:13.417340
scroll,600,664,none,scrolled_down,0,-1,0.0,0.0,2026-07-26 20:23:13.423616
scroll,600,664,none,scrolled_down,0,-1,0.0,0.0,2026-07-26 20:23:13.437516
scroll,600,664,none,scrolled_down,0,-1,0.0,0.0,2026-07-26 20:23:13.446395
scroll,600,664,none,scrolled_down,0,-1,0.0,0.0,2026-07-26 20:23:13.452443
scroll,600,664,none,scrolled_down,0,-1,0.0,0.0,2026-07-26 20:23:13.457918
scroll,600,664,none,scrolled_down,0,-1,0.0,0.0,2026-07-26 20:23:13.464862
scroll,600,664,none,scrolled_down,0,-1,0.0,0.0,2026-07-26 20:23:13.471666
scroll,600,664,none,scrolled_down,0,-1,0.0,0.0,2026-07-26 20:23:13.478551
scroll,600,664,none,scrolled_down,0,-1,0.0,0.0,2026-07-26 20:23:13.587601
scroll,600,664,none,scrolled_down,0,-1,0.0,0.0,2026-07-26 20:23:13.605597
scroll,600,664,none,scrolled_down,0,-1,0.0,0.0,2026-07-26 20:23:13.609229
scroll,600,664,none,scrolled_down,0,-1,0.0,0.0,2026-07-26 20:23:13.615530
scroll,600,664,none,scrolled_down,0,-1,0.0,0.0,2026-07-26 20:23:13.629083
scroll,600,664,none,scrolled_down,0,-1,0.0,0.0,2026-07-26 20:23:13.636479
scroll,600,664,none,scrolled_down,0,-1,0.0,0.0,2026-07-26 20:23:13.643104
scroll,600,664,none,scrolled_down,0,-1,0.0,0.0,2026-07-26 20:23:13.658586
scroll,600,664,none,scrolled_down,0,-1,0.0,0.0,2026-07-26 20:23:13.826855
scroll,600,664,none,scrolled_down,0,-1,0.0,0.0,2026-07-26 20:23:13.829572
scroll,600,664,none,scrolled_down,0,-1,0.0,0.0,2026-07-26 20:23:13.831822
scroll,600,664,none,scrolled_down,0,-1,0.0,0.0,2026-07-26 20:23:14.383989
scroll,600,664,none,scrolled_down,0,-1,0.0,0.0,2026-07-26 20:23:14.390759
scroll,600,664,none,scrolled_down,0,-1,0.0,0.0,2026-07-26 20:23:14.397896
scroll,600,664,none,scrolled_down,0,-1,0.0,0.0,2026-07-26 20:23:14.405099
scroll,600,664,none,scrolled_down,0,-1,0.0,0.0,2026-07-26 20:23:14.411616
scroll,600,664,none,scrolled_down,0,-1,0.0,0.0,2026-07-26 20:23:14.418302
scroll,600,664,none,scrolled_down,0,-1,0.0,0.0,2026-07-26 20:23:14.425346
scroll,600,664,none,scrolled_down,0,-1,0.0,0.0,2026-07-26 20:23:14.432168
scroll,600,664,none,scrolled_down,0,-1,0.0,0.0,2026-07-26 20:23:14.438883
scroll,600,664,none,scrolled_down,0,-1,0.0,0.0,2026-07-26 20:23:14.455768
scroll,600,664,none,scrolled_down,0,-1,0.0,0.0,2026-07-26 20:23:14.457280
scroll,600,664,none,scrolled_down,0,-1,0.0,0.0,2026-07-26 20:23:14.459142
scroll,600,664,none,scrolled_down,0,-1,0.0,0.0,2026-07-26 20:23:14.466160
scroll,600,664,none,scrolled_down,0,-1,0.0,0.0,2026-07-26 20:23:14.473042
scroll,600,664,none,scrolled_down,0,-1,0.0,0.0,2026-07-26 20:23:14.489135
scroll,600,664,none,scrolled_down,0,-1,0.0,0.0,2026-07-26 20:23:14.493488
scroll,600,664,none,scrolled_down,0,-1,0.0,0.0,2026-07-26 20:23:14.501626
scroll,600,664,none,scrolled_down,0,-1,0.0,0.0,2026-07-26 20:23:14.520396
scroll,600,664,none,scrolled_down,0,-1,0.0,0.0,2026-07-26 20:23:14.522128
scroll,600,664,none,scrolled_down,0,-1,0.0,0.0,2026-07-26 20:23:14.523272
scroll,600,664,none,scrolled_down,0,-1,0.0,0.0,2026-07-26 20:23:14.527953
scroll,600,664,none,scrolled_down,0,-1,0.0,0.0,2026-07-26 20:23:14.562163
scroll,600,664,none,scrolled_down,0,-1,0.0,0.0,2026-07-26 20:23:14.563728
scroll,600,664,none,scrolled_down,0,-1,0.0,0.0,2026-07-26 20:23:14.661816
scroll,600,664,none,scrolled_down,0,-1,0.0,0.0,2026-07-26 20:23:14.775368
scroll,600,664,none,scrolled_down,0,-1,0.0,0.0,2026-07-26 20:23:14.789349
scroll,600,664,none,scrolled_down,0,-1,0.0,0.0,2026-07-26 20:23:14.803091
scroll,600,664,none,scrolled_down,0,-1,0.0,0.0,2026-07-26 20:23:14.808835
scroll,600,664,none,scrolled_down,0,-1,0.0,0.0,2026-07-26 20:23:14.816139
scroll,600,664,none,scrolled_down,0,-1,0.0,0.0,2026-07-26 20:23:14.822535
scroll,600,664,none,scrolled_down,0,-1,0.0,0.0,2026-07-26 20:23:14.829584
scroll,600,664,none,scrolled_down,0,-1,0.0,0.0,2026-07-26 20:23:14.836870
scroll,600,664,none,scrolled_down,0,-1,0.0,0.0,2026-07-26 20:23:14.842964
scroll,600,664,none,scrolled_down,0,-1,0.0,0.0,2026-07-26 20:23:14.850780
scroll,600,664,none,scrolled_down,0,-1,0.0,0.0,2026-07-26 20:23:14.856838
scroll,600,664,none,scrolled_down,0,-1,0.0,0.0,2026-07-26 20:23:14.863927
scroll,600,664,none,scrolled_down,0,-1,0.0,0.0,2026-07-26 20:23:14.870479
scroll,600,664,none,scrolled_down,0,-1,0.0,0.0,2026-07-26 20:23:14.877469
scroll,600,664,none,scrolled_down,0,-1,0.0,0.0,2026-07-26 20:23:14.884331
scroll,600,664,none,scrolled_down,0,-1,0.0,0.0,2026-07-26 20:23:14.891082
scroll,600,664,none,scrolled_down,0,-1,0.0,0.0,2026-07-26 20:23:14.898719
scroll,600,664,none,scrolled_down,0,-1,0.0,0.0,2026-07-26 20:23:14.904645
scroll,600,664,none,scrolled_down,0,-1,0.0,0.0,2026-07-26 20:23:14.911839
scroll,600,664,none,scrolled_down,0,-1,0.0,0.0,2026-07-26 20:23:14.918623
scroll,600,664,none,scrolled_down,0,-1,0.0,0.0,2026-07-26 20:23:14.925489
scroll,600,664,none,scrolled_down,0,-1,0.0,0.0,2026-07-26 20:23:14.932640
scroll,600,664,none,scrolled_down,0,-1,0.0,0.0,2026-07-26 20:23:14.939198
scroll,600,664,none,scrolled_down,0,-1,0.0,0.0,2026-07-26 20:23:14.946373
scroll,600,664,none,scrolled_down,0,-1,0.0,0.0,2026-07-26 20:23:14.952916
scroll,600,664,none,scrolled_down,0,-1,0.0,0.0,2026-07-26 20:23:14.966814
idle,611,664,none,idle_end,0,0,0.0,8.3311,2026-07-26 20:23:15.381236
movement,611,664,none,moved,0,0,1.0717,0.0,2026-07-26 20:23:15.390972
movement,804,662,none,moved,0,0,4018.9693,0.0,2026-07-26 20:23:15.436029
movement,990,654,none,moved,0,0,2601.2084,0.0,2026-07-26 20:23:15.490870
movement,1107,662,none,moved,0,0,1434.7254,0.0,2026-07-26 20:23:15.545585
movement,1164,677,none,moved,0,0,457.0802,0.0,2026-07-26 20:23:15.600531
movement,1184,689,none,moved,0,0,516.7177,0.0,2026-07-26 20:23:15.655265
movement,1199,706,none,moved,0,0,520.5417,0.0,2026-07-26 20:23:15.710261
movement,1223,713,none,moved,0,0,290.0625,0.0,2026-07-26 20:23:15.765182
movement,1236,710,none,moved,0,0,27.0233,0.0,2026-07-26 20:23:15.865478
movement,1223,622,none,moved,0,0,2395.5615,0.0,2026-07-26 20:23:15.915978
movement,1204,573,none,moved,0,0,107.5002,0.0,2026-07-26 20:23:15.977951
movement,1203,570,none,moved,0,0,68.7735,0.0,2026-07-26 20:23:16.046359
movement,1204,573,none,moved,0,0,69.114,0.0,2026-07-26 20:23:16.115076
movement,1204,574,none,moved,0,0,29.4581,0.0,2026-07-26 20:23:16.176936
movement,1205,577,none,moved,0,0,3.5203,0.0,2026-07-26 20:23:16.614371
movement,1215,593,none,moved,0,0,336.8199,0.0,2026-07-26 20:23:16.669717
movement,1220,600,none,moved,0,0,96.8447,0.0,2026-07-26 20:23:16.726855
movement,1221,602,none,moved,0,0,29.0857,0.0,2026-07-26 20:23:16.792909
movement,1221,602,none,moved,0,0,0.0,0.0,2026-07-26 20:23:16.936986
movement,1222,606,none,moved,0,0,4.3414,0.0,2026-07-26 20:23:17.685755
movement,1241,625,none,moved,0,0,418.2219,0.0,2026-07-26 20:23:17.739320
movement,1252,639,none,moved,0,0,435.2416,0.0,2026-07-26 20:23:17.794547
movement,1259,648,none,moved,0,0,0.0,0.0,2026-07-26 20:23:17.849313
movement,1260,652,none,moved,0,0,47.7624,0.0,2026-07-26 20:23:17.918473
movement,1260,651,none,moved,0,0,124.9197,0.0,2026-07-26 20:23:17.974000
click,1260,651,left,pressed,0,0,0.0,0.0,2026-07-26 20:23:18.189313
click,1260,651,left,released,0,0,0.0,0.0,2026-07-26 20:23:18.415888
movement,1260,649,none,moved,0,0,2.3894,0.0,2026-07-26 20:23:18.811027
movement,1284,620,none,moved,0,0,745.2301,0.0,2026-07-26 20:23:18.864193
movement,1308,605,none,moved,0,0,291.869,0.0,2026-07-26 20:23:18.919111
movement,1323,604,none,moved,0,0,154.1513,0.0,2026-07-26 20:23:18.973966
movement,1340,605,none,moved,0,0,50.0549,0.0,2026-07-26 20:23:19.062080
movement,1350,610,none,moved,0,0,202.0314,0.0,2026-07-26 20:23:19.114237
movement,1355,611,none,moved,0,0,4.5673,0.0,2026-07-26 20:23:19.594146
movement,1367,610,none,moved,0,0,142.7022,0.0,2026-07-26 20:23:19.648906
movement,1367,610,none,moved,0,0,0.0,0.0,2026-07-26 20:23:19.725077
movement,1366,613,none,moved,0,0,7.3339,0.0,2026-07-26 20:23:20.175002
movement,1366,668,none,moved,0,0,993.2048,0.0,2026-07-26 20:23:20.229861
movement,1372,696,none,moved,0,0,205.3679,0.0,2026-07-26 20:23:20.284716
movement,1375,703,none,moved,0,0,70.3468,0.0,2026-07-26 20:23:20.346502
movement,1376,705,none,moved,0,0,0.0,0.0,2026-07-26 20:23:20.510986
movement,1376,703,none,moved,0,0,5.7761,0.0,2026-07-26 20:23:20.863949
movement,1370,681,none,moved,0,0,491.4065,0.0,2026-07-26 20:23:20.918638
movement,1364,669,none,moved,0,0,0.0,0.0,2026-07-26 20:23:20.973477
movement,1363,666,none,moved,0,0,47.7151,0.0,2026-07-26 20:23:21.028613
movement,1362,666,none,moved,0,0,11.2134,0.0,2026-07-26 20:23:21.117789
click,1362,666,left,pressed,0,0,0.0,0.0,2026-07-26 20:23:21.382066
click,1362,666,left,released,0,0,0.0,0.0,2026-07-26 20:23:21.607227
movement,1364,666,none,moved,0,0,1.229,0.0,2026-07-26 20:23:22.745150
movement,1415,670,none,moved,0,0,1046.4084,0.0,2026-07-26 20:23:22.799778
movement,1442,669,none,moved,0,0,296.5954,0.0,2026-07-26 20:23:22.854450
movement,1449,666,none,moved,0,0,143.4833,0.0,2026-07-26 20:23:22.909469
movement,1454,661,none,moved,0,0,319.6247,0.0,2026-07-26 20:23:22.964238
movement,1476,643,none,moved,0,0,727.9756,0.0,2026-07-26 20:23:23.019205
movement,1503,626,none,moved,0,0,519.9154,0.0,2026-07-26 20:23:23.074265
movement,1512,619,none,moved,0,0,207.0526,0.0,2026-07-26 20:23:23.129235
movement,1514,615,none,moved,0,0,149.009,0.0,2026-07-26 20:23:23.183874
movement,1516,611,none,moved,0,0,49.2422,0.0,2026-07-26 20:23:23.245365
movement,1519,609,none,moved,0,0,144.3375,0.0,2026-07-26 20:23:23.300361
movement,1529,604,none,moved,0,0,288.3476,0.0,2026-07-26 20:23:23.355159
movement,1533,603,none,moved,0,0,36.319,0.0,2026-07-26 20:23:23.410225
movement,1535,603,none,moved,0,0,36.4424,0.0,2026-07-26 20:23:23.485558
movement,1534,603,none,moved,0,0,1.0948,0.0,2026-07-26 20:23:24.398983
movement,1521,603,none,moved,0,0,209.7914,0.0,2026-07-26 20:23:24.453511
movement,1504,602,none,moved,0,0,592.4075,0.0,2026-07-26 20:23:24.509002
movement,1484,599,none,moved,0,0,298.8886,0.0,2026-07-26 20:23:24.563213
movement,1476,598,none,moved,0,0,72.3942,0.0,2026-07-26 20:23:24.618187
movement,1475,596,none,moved,0,0,0.0,0.0,2026-07-26 20:23:24.673402
movement,1474,594,none,moved,0,0,0.0,0.0,2026-07-26 20:23:24.741695
movement,1473,594,none,moved,0,0,13.2782,0.0,2026-07-26 20:23:24.837646
movement,1473,596,none,moved,0,0,3.6836,0.0,2026-07-26 20:23:25.380592
movement,1477,627,none,moved,0,0,451.2916,0.0,2026-07-26 20:23:25.435283
movement,1479,645,none,moved,0,0,282.9783,0.0,2026-07-26 20:23:25.490589
movement,1479,658,none,moved,0,0,271.687,0.0,2026-07-26 20:23:25.545615
movement,1478,662,none,moved,0,0,72.7281,0.0,2026-07-26 20:23:25.607162
click,1478,664,left,pressed,0,0,0.0,0.0,2026-07-26 20:23:25.868778
click,1478,664,left,released,0,0,0.0,0.0,2026-07-26 20:23:26.117486
movement,1473,663,none,moved,0,0,6.8753,0.0,2026-07-26 20:23:26.355273
movement,1427,645,none,moved,0,0,783.5097,0.0,2026-07-26 20:23:26.410172
movement,1401,633,none,moved,0,0,458.6291,0.0,2026-07-26 20:23:26.464994
movement,1382,629,none,moved,0,0,286.0468,0.0,2026-07-26 20:23:26.519970
movement,1361,629,none,moved,0,0,448.269,0.0,2026-07-26 20:23:26.574937
movement,1349,624,none,moved,0,0,145.3832,0.0,2026-07-26 20:23:26.629763
movement,1343,619,none,moved,0,0,142.1268,0.0,2026-07-26 20:23:26.684983
movement,1338,615,none,moved,0,0,206.8576,0.0,2026-07-26 20:23:26.739336
movement,1335,612,none,moved,0,0,0.0,0.0,2026-07-26 20:23:26.794299
movement,1335,610,none,moved,0,0,20.4791,0.0,2026-07-26 20:23:26.877544
movement,1335,610,none,moved,0,0,0.0,0.0,2026-07-26 20:23:27.514353
movement,1332,618,none,moved,0,0,198.4756,0.0,2026-07-26 20:23:27.569765
movement,1329,643,none,moved,0,0,452.46,0.0,2026-07-26 20:23:27.623765
movement,1327,665,none,moved,0,0,146.1532,0.0,2026-07-26 20:23:27.678443
movement,1325,670,none,moved,0,0,34.325,0.0,2026-07-26 20:23:27.747376
click,1325,670,left,pressed,0,0,0.0,0.0,2026-07-26 20:23:28.005124
click,1325,670,left,released,0,0,0.0,0.0,2026-07-26 20:23:28.220923
movement,1320,670,none,moved,0,0,6.3714,0.0,2026-07-26 20:23:28.532136
movement,1275,655,none,moved,0,0,644.8535,0.0,2026-07-26 20:23:28.586659
movement,1225,646,none,moved,0,0,893.655,0.0,2026-07-26 20:23:28.641441
movement,1172,645,none,moved,0,0,1019.4489,0.0,2026-07-26 20:23:28.696369
movement,1138,648,none,moved,0,0,315.5703,0.0,2026-07-26 20:23:28.751482
movement,1128,647,none,moved,0,0,145.9548,0.0,2026-07-26 20:23:28.806048
movement,1123,647,none,moved,0,0,141.1653,0.0,2026-07-26 20:23:28.861077
movement,1103,647,none,moved,0,0,424.9118,0.0,2026-07-26 20:23:28.916153
movement,1091,647,none,moved,0,0,278.5525,0.0,2026-07-26 20:23:28.971255
movement,1085,641,none,moved,0,0,149.7431,0.0,2026-07-26 20:23:29.025679
movement,1082,636,none,moved,0,0,151.4353,0.0,2026-07-26 20:23:29.080333
movement,1081,633,none,moved,0,0,47.9969,0.0,2026-07-26 20:23:29.142817
movement,1081,633,none,moved,0,0,0.0,0.0,2026-07-26 20:23:29.231606
movement,1084,633,none,moved,0,0,0.0,0.0,2026-07-26 20:23:29.287235
movement,1107,629,none,moved,0,0,621.3106,0.0,2026-07-26 20:23:29.341117
movement,1130,625,none,moved,0,0,289.1028,0.0,2026-07-26 20:23:29.395750
movement,1136,624,none,moved,0,0,20.8542,0.0,2026-07-26 20:23:29.491710
movement,1136,627,none,moved,0,0,3.939,0.0,2026-07-26 20:23:30.253330
movement,1137,655,none,moved,0,0,451.5252,0.0,2026-07-26 20:23:30.308411
movement,1139,670,none,moved,0,0,150.3065,0.0,2026-07-26 20:23:30.363219
movement,1139,674,none,moved,0,0,0.0,0.0,2026-07-26 20:23:30.445152
click,1139,675,left,pressed,0,0,0.0,0.0,2026-07-26 20:23:30.699355
click,1139,675,left,released,0,0,0.0,0.0,2026-07-26 20:23:30.915826
movement,1137,675,none,moved,0,0,2.5281,0.0,2026-07-26 20:23:31.243005
movement,1093,645,none,moved,0,0,1084.4977,0.0,2026-07-26 20:23:31.297650
movement,1060,618,none,moved,0,0,545.2401,0.0,2026-07-26 20:23:31.352490
movement,1047,608,none,moved,0,0,130.3812,0.0,2026-07-26 20:23:31.411536
movement,1037,603,none,moved,0,0,0.0,0.0,2026-07-26 20:23:31.462210
movement,1033,602,none,moved,0,0,64.2687,0.0,2026-07-26 20:23:31.518768
movement,1026,603,none,moved,0,0,316.9005,0.0,2026-07-26 20:23:31.569010
movement,992,610,none,moved,0,0,571.7816,0.0,2026-07-26 20:23:31.620008
movement,956,606,none,moved,0,0,400.6404,0.0,2026-07-26 20:23:31.675645
movement,932,597,none,moved,0,0,261.2297,0.0,2026-07-26 20:23:31.731021
movement,929,592,none,moved,0,0,0.0,0.0,2026-07-26 20:23:31.825875
movement,930,592,none,moved,0,0,18.3431,0.0,2026-07-26 20:23:31.907833
movement,930,592,none,moved,0,0,0.0,0.0,2026-07-26 20:23:31.963152
movement,930,593,none,moved,0,0,18.3718,0.0,2026-07-26 20:23:32.017583
movement,930,595,none,moved,0,0,3.6946,0.0,2026-07-26 20:23:32.558919
movement,933,617,none,moved,0,0,468.412,0.0,2026-07-26 20:23:32.613243
movement,937,631,none,moved,0,0,300.8287,0.0,2026-07-26 20:23:32.668113
movement,938,635,none,moved,0,0,29.2878,0.0,2026-07-26 20:23:32.750747
click,938,636,left,pressed,0,0,0.0,0.0,2026-07-26 20:23:33.059630
click,938,636,left,released,0,0,0.0,0.0,2026-07-26 20:23:33.280061
movement,937,633,none,moved,0,0,3.8436,0.0,2026-07-26 20:23:33.621423
movement,908,576,none,moved,0,0,1134.81,0.0,2026-07-26 20:23:33.674387
movement,870,529,none,moved,0,0,736.7473,0.0,2026-07-26 20:23:33.731041
movement,851,505,none,moved,0,0,328.2496,0.0,2026-07-26 20:23:33.784201
movement,844,495,none,moved,0,0,0.0,0.0,2026-07-26 20:23:33.838965
movement,841,493,none,moved,0,0,36.2848,0.0,2026-07-26 20:23:33.894044
movement,840,493,none,moved,0,0,0.0,0.0,2026-07-26 20:23:33.969716
movement,838,491,none,moved,0,0,0.0,0.0,2026-07-26 20:23:34.038235
movement,838,491,none,moved,0,0,0.0,0.0,2026-07-26 20:23:34.140695
movement,838,493,none,moved,0,0,3.6282,0.0,2026-07-26 20:23:34.691943
movement,836,518,none,moved,0,0,434.1181,0.0,2026-07-26 20:23:34.746114
movement,836,536,none,moved,0,0,160.5414,0.0,2026-07-26 20:23:34.801070
movement,837,542,none,moved,0,0,28.9352,0.0,2026-07-26 20:23:34.876561
movement,837,544,none,moved,0,0,36.3175,0.0,2026-07-26 20:23:34.931602
click,837,544,left,pressed,0,0,0.0,0.0,2026-07-26 20:23:35.165946
click,837,544,left,released,0,0,0.0,0.0,2026-07-26 20:23:35.386243
movement,831,544,none,moved,0,0,7.25,0.0,2026-07-26 20:23:35.759185
movement,732,537,none,moved,0,0,2264.3354,0.0,2026-07-26 20:23:35.814130
movement,613,536,none,moved,0,0,1910.2422,0.0,2026-07-26 20:23:35.869024
movement,493,535,none,moved,0,0,2778.5243,0.0,2026-07-26 20:23:35.923688
movement,367,540,none,moved,0,0,1860.3191,0.0,2026-07-26 20:23:35.979294
movement,285,540,none,moved,0,0,1342.6929,0.0,2026-07-26 20:23:36.034374
movement,227,531,none,moved,0,0,737.757,0.0,2026-07-26 20:23:36.089031
movement,178,525,none,moved,0,0,698.9808,0.0,2026-07-26 20:23:36.143948
movement,142,525,none,moved,0,0,821.5595,0.0,2026-07-26 20:23:36.198157
movement,114,529,none,moved,0,0,460.3483,0.0,2026-07-26 20:23:36.253518
movement,101,532,none,moved,0,0,73.9267,0.0,2026-07-26 20:23:36.315045
movement,100,535,none,moved,0,0,155.5174,0.0,2026-07-26 20:23:36.369777
movement,96,540,none,moved,0,0,129.0833,0.0,2026-07-26 20:23:36.425608
movement,95,543,none,moved,0,0,0.0,0.0,2026-07-26 20:23:36.575512
movement,95,543,none,moved,0,0,0.0,0.0,2026-07-26 20:23:37.331634
movement,95,559,none,moved,0,0,163.7888,0.0,2026-07-26 20:23:37.385522
movement,94,575,none,moved,0,0,141.4223,0.0,2026-07-26 20:23:37.440588
movement,93,585,none,moved,0,0,202.7773,0.0,2026-07-26 20:23:37.495278
click,93,588,left,pressed,0,0,0.0,0.0,2026-07-26 20:23:37.947801
click,93,588,left,released,0,0,0.0,0.0,2026-07-26 20:23:38.173986
movement,99,587,none,moved,0,0,4.6046,0.0,2026-07-26 20:23:38.857439
movement,207,578,none,moved,0,0,2341.9655,0.0,2026-07-26 20:23:38.911757
movement,271,592,none,moved,0,0,725.5577,0.0,2026-07-26 20:23:38.966523
movement,285,598,none,moved,0,0,0.0,0.0,2026-07-26 20:23:39.022103
movement,286,599,none,moved,0,0,24.3216,0.0,2026-07-26 20:23:39.096389
movement,287,601,none,moved,0,0,71.5371,0.0,2026-07-26 20:23:39.165020
movement,290,603,none,moved,0,0,0.0,0.0,2026-07-26 20:23:39.233663
movement,292,603,none,moved,0,0,0.0,0.0,2026-07-26 20:23:39.302258
movement,296,603,none,moved,0,0,9.5473,0.0,2026-07-26 20:23:39.721232
movement,308,603,none,moved,0,0,0.0,0.0,2026-07-26 20:23:39.782472
movement,308,603,none,moved,0,0,0.0,0.0,2026-07-26 20:23:39.872483
movement,308,604,none,moved,0,0,1.2153,0.0,2026-07-26 20:23:40.701472
movement,312,622,none,moved,0,0,464.7356,0.0,2026-07-26 20:23:40.755961
movement,314,631,none,moved,0,0,288.9833,0.0,2026-07-26 20:23:40.811017
click,315,634,right,pressed,0,0,0.0,0.0,2026-07-26 20:23:41.078934
click,315,634,right,released,0,0,0.0,0.0,2026-07-26 20:23:41.140420
click,315,634,left,pressed,0,0,0.0,0.0,2026-07-26 20:23:41.942988
click,315,634,left,released,0,0,0.0,0.0,2026-07-26 20:23:42.169384
idle,315,634,none,idle_start,0,0,0.0,0.0,2026-07-26 20:23:42.567190
idle,302,633,none,idle_end,0,0,0.0,0.03,2026-07-26 20:23:42.597186
movement,302,633,none,moved,0,0,7.4434,0.0,2026-07-26 20:23:42.642654
movement,80,603,none,moved,0,0,2013.519,0.0,2026-07-26 20:23:42.652072
movement,33,603,none,moved,0,0,603.6989,0.0,2026-07-26 20:23:42.706782
movement,-5,607,none,moved,0,0,0.0,0.0,2026-07-26 20:23:42.761917
movement,-1,604,none,moved,0,0,197.6555,0.0,2026-07-26 20:23:42.816927
movement,-1,598,none,moved,0,0,207.3566,0.0,2026-07-26 20:23:42.871669
movement,-1,587,none,moved,0,0,331.7797,0.0,2026-07-26 20:23:42.926604
movement,0,579,none,moved,0,0,166.9143,0.0,2026-07-26 20:23:42.981193
movement,0,575,none,moved,0,0,47.8616,0.0,2026-07-26 20:23:43.043183
movement,1,575,none,moved,0,0,0.0,0.0,2026-07-26 20:23:43.111510
movement,8,576,none,moved,0,0,143.8919,0.0,2026-07-26 20:23:43.166304
movement,18,580,none,moved,0,0,138.9118,0.0,2026-07-26 20:23:43.221586
movement,22,583,none,moved,0,0,36.5303,0.0,2026-07-26 20:23:43.290501
click,23,584,left,pressed,0,0,0.0,0.0,2026-07-26 20:23:43.611483
click,23,584,left,released,0,0,0.0,0.0,2026-07-26 20:23:43.841196
movement,24,586,none,moved,0,0,2.7696,0.0,2026-07-26 20:23:44.146137
movement,34,611,none,moved,0,0,471.4422,0.0,2026-07-26 20:23:44.201233
movement,44,637,none,moved,0,0,417.8537,0.0,2026-07-26 20:23:44.256483
movement,44,639,none,moved,0,0,24.3071,0.0,2026-07-26 20:23:44.318712
click,44,639,left,pressed,0,0,0.0,0.0,2026-07-26 20:23:44.558575
click,44,639,left,released,0,0,0.0,0.0,2026-07-26 20:23:44.775674
movement,56,638,none,moved,0,0,16.2954,0.0,2026-07-26 20:23:45.057668
movement,205,639,none,moved,0,0,3107.6976,0.0,2026-07-26 20:23:45.112516
movement,364,667,none,moved,0,0,1997.2494,0.0,2026-07-26 20:23:45.167081
movement,434,688,none,moved,0,0,588.2163,0.0,2026-07-26 20:23:45.221918
movement,461,702,none,moved,0,0,441.236,0.0,2026-07-26 20:23:45.276908
movement,494,701,none,moved,0,0,29.613,0.0,2026-07-26 20:23:45.628725
movement,568,699,none,moved,0,0,834.6597,0.0,2026-07-26 20:23:45.683441
movement,606,700,none,moved,0,0,289.8621,0.0,2026-07-26 20:23:45.737832
movement,612,701,none,moved,0,0,28.5397,0.0,2026-07-26 20:23:45.821230
movement,614,706,none,moved,0,0,139.9081,0.0,2026-07-26 20:23:45.876136
movement,615,709,none,moved,0,0,12.2418,0.0,2026-07-26 20:23:46.005889
movement,610,714,none,moved,0,0,367.4338,0.0,2026-07-26 20:23:46.061072
movement,600,723,none,moved,0,0,207.1104,0.0,2026-07-26 20:23:46.115205
click,600,723,left,pressed,0,0,0.0,0.0,2026-07-26 20:23:46.440699
click,600,723,left,released,0,0,0.0,0.0,2026-07-26 20:23:46.663316
movement,600,727,none,moved,0,0,4.8373,0.0,2026-07-26 20:23:46.956046
movement,595,760,none,moved,0,0,462.6122,0.0,2026-07-26 20:23:47.009888
movement,596,776,none,moved,0,0,152.7646,0.0,2026-07-26 20:23:47.064706
movement,596,777,none,moved,0,0,0.0,0.0,2026-07-26 20:23:47.147283
click,596,777,left,pressed,0,0,0.0,0.0,2026-07-26 20:23:47.398206
click,596,777,left,released,0,0,0.0,0.0,2026-07-26 20:23:47.614170
movement,603,772,none,moved,0,0,8.8248,0.0,2026-07-26 20:23:48.122067
movement,655,728,none,moved,0,0,179.741,0.0,2026-07-26 20:23:48.225007
movement,806,687,none,moved,0,0,1038.8553,0.0,2026-07-26 20:23:48.279679
movement,882,688,none,moved,0,0,1451.4732,0.0,2026-07-26 20:23:48.334785
movement,935,706,none,moved,0,0,674.2208,0.0,2026-07-26 20:23:48.389758
movement,967,721,none,moved,0,0,463.6634,0.0,2026-07-26 20:23:48.444581
movement,982,728,none,moved,0,0,145.4437,0.0,2026-07-26 20:23:48.499234
movement,989,729,none,moved,0,0,137.8254,0.0,2026-07-26 20:23:48.554476
movement,1047,735,none,moved,0,0,1387.2805,0.0,2026-07-26 20:23:48.610056
movement,1170,720,none,moved,0,0,3172.3401,0.0,2026-07-26 20:23:48.663701
movement,1181,716,none,moved,0,0,2.7001,0.0,2026-07-26 20:23:49.041791
movement,1170,716,none,moved,0,0,436.4672,0.0,2026-07-26 20:23:49.096784
movement,1157,717,none,moved,0,0,0.0,0.0,2026-07-26 20:23:49.151600
movement,1156,718,none,moved,0,0,24.076,0.0,2026-07-26 20:23:49.206821
click,1156,718,left,pressed,0,0,0.0,0.0,2026-07-26 20:23:49.597891
click,1156,718,left,released,0,0,0.0,0.0,2026-07-26 20:23:49.813800
click,1156,718,left,pressed,0,0,0.0,0.0,2026-07-26 20:23:50.281466
click,1156,718,left,released,0,0,0.0,0.0,2026-07-26 20:23:50.510600
idle,1156,718,none,idle_start,0,0,0.0,0.0,2026-07-26 20:23:50.728459
idle,1156,718,none,idle_end,0,0,0.0,0.0234,2026-07-26 20:23:50.751841
movement,1156,718,none,moved,0,0,0.0,0.0,2026-07-26 20:23:50.752228
movement,1156,730,none,moved,0,0,311.5778,0.0,2026-07-26 20:23:50.806461
movement,1158,739,none,moved,0,0,208.4423,0.0,2026-07-26 20:23:50.861587
movement,1160,745,none,moved,0,0,72.1824,0.0,2026-07-26 20:23:50.916318
movement,1161,748,none,moved,0,0,46.635,0.0,2026-07-26 20:23:50.971838
movement,1161,750,none,moved,0,0,10.4687,0.0,2026-07-26 20:23:51.108020
movement,1163,753,none,moved,0,0,67.4886,0.0,2026-07-26 20:23:51.177181
movement,1166,757,none,moved,0,0,79.391,0.0,2026-07-26 20:23:51.238237
movement,1173,771,none,moved,0,0,99.4858,0.0,2026-07-26 20:23:51.293902
movement,1174,773,none,moved,0,0,0.0,0.0,2026-07-26 20:23:51.417180
click,1175,773,left,pressed,0,0,0.0,0.0,2026-07-26 20:23:51.722338
click,1175,773,left,released,0,0,0.0,0.0,2026-07-26 20:23:51.945504
movement,1181,772,none,moved,0,0,5.6878,0.0,2026-07-26 20:23:52.500202
movement,1254,753,none,moved,0,0,994.01,0.0,2026-07-26 20:23:52.555398
movement,1274,747,none,moved,0,0,128.0,0.0,2026-07-26 20:23:52.610781
click,1274,747,left,pressed,0,0,0.0,0.0,2026-07-26 20:23:53.056357
click,1274,747,left,released,0,0,0.0,0.0,2026-07-26 20:23:53.286747
movement,1274,749,none,moved,0,0,1.9768,0.0,2026-07-26 20:23:53.622520
movement,1252,801,none,moved,0,0,1215.987,0.0,2026-07-26 20:23:53.677635
movement,1221,844,none,moved,0,0,130.6213,0.0,2026-07-26 20:23:53.757917
movement,1203,871,none,moved,0,0,137.401,0.0,2026-07-26 20:23:53.814836
movement,1203,872,none,moved,0,0,0.0,0.0,2026-07-26 20:23:53.869403
click,1203,872,left,pressed,0,0,0.0,0.0,2026-07-26 20:23:54.178994
click,1203,872,left,released,0,0,0.0,0.0,2026-07-26 20:23:54.396870
movement,1210,869,none,moved,0,0,7.5182,0.0,2026-07-26 20:23:54.897909
movement,1326,830,none,moved,0,0,1650.3746,0.0,2026-07-26 20:23:54.952623
movement,1351,822,none,moved,0,0,139.9968,0.0,2026-07-26 20:23:55.007860
movement,1352,822,none,moved,0,0,0.0,0.0,2026-07-26 20:23:55.083145
movement,1351,822,none,moved,0,0,0.0,0.0,2026-07-26 20:23:55.186167
movement,1351,822,none,moved,0,0,0.0,0.0,2026-07-26 20:23:55.261283
movement,1365,816,none,moved,0,0,827.9395,0.0,2026-07-26 20:23:55.316397
movement,1410,795,none,moved,0,0,827.109,0.0,2026-07-26 20:23:55.371300
movement,1435,774,none,moved,0,0,330.5053,0.0,2026-07-26 20:23:55.425874
movement,1437,765,none,moved,0,0,144.6212,0.0,2026-07-26 20:23:55.480918
movement,1433,762,none,moved,0,0,153.6488,0.0,2026-07-26 20:23:55.535754
movement,1417,761,none,moved,0,0,292.4898,0.0,2026-07-26 20:23:55.590873
movement,1405,762,none,moved,0,0,166.3416,0.0,2026-07-26 20:23:55.645601
movement,1402,762,none,moved,0,0,0.0,0.0,2026-07-26 20:23:55.700674
movement,1398,761,none,moved,0,0,67.7871,0.0,2026-07-26 20:23:55.769388
movement,1395,761,none,moved,0,0,0.0,0.0,2026-07-26 20:23:55.851997
movement,1388,761,none,moved,0,0,16.8641,0.0,2026-07-26 20:23:56.267084
movement,1323,766,none,moved,0,0,1055.1894,0.0,2026-07-26 20:23:56.321545
movement,1268,771,none,moved,0,0,948.2131,0.0,2026-07-26 20:23:56.377266
movement,1241,773,none,moved,0,0,461.2166,0.0,2026-07-26 20:23:56.431147
movement,1234,774,none,moved,0,0,0.0,0.0,2026-07-26 20:23:56.485796
movement,1234,774,none,moved,0,0,0.0,0.0,2026-07-26 20:23:56.596634
movement,1234,773,none,moved,0,0,36.8655,0.0,2026-07-26 20:23:56.671437
movement,1234,770,none,moved,0,0,75.9865,0.0,2026-07-26 20:23:56.732962
movement,1235,767,none,moved,0,0,88.0039,0.0,2026-07-26 20:23:56.783598
movement,1238,765,none,moved,0,0,0.0,0.0,2026-07-26 20:23:56.857029
movement,1240,763,none,moved,0,0,28.5119,0.0,2026-07-26 20:23:56.939531
click,1242,762,left,pressed,0,0,0.0,0.0,2026-07-26 20:23:57.238524
click,1242,762,left,released,0,0,0.0,0.0,2026-07-26 20:23:57.455356
movement,1242,765,none,moved,0,0,3.7936,0.0,2026-07-26 20:23:57.756917
movement,1238,804,none,moved,0,0,603.649,0.0,2026-07-26 20:23:57.811485
movement,1238,821,none,moved,0,0,0.0,0.0,2026-07-26 20:23:57.866106
movement,1238,823,none,moved,0,0,0.0,0.0,2026-07-26 20:23:57.934873
click,1239,823,left,pressed,0,0,0.0,0.0,2026-07-26 20:23:58.194531
click,1239,823,left,released,0,0,0.0,0.0,2026-07-26 20:23:58.421533
movement,1231,822,none,moved,0,0,12.4359,0.0,2026-07-26 20:23:58.624804
movement,1097,795,none,moved,0,0,2369.3863,0.0,2026-07-26 20:23:58.679424
movement,980,776,none,moved,0,0,1475.3611,0.0,2026-07-26 20:23:58.734236
movement,938,774,none,moved,0,0,305.1069,0.0,2026-07-26 20:23:58.788631
movement,923,774,none,moved,0,0,147.2667,0.0,2026-07-26 20:23:58.844038
movement,920,774,none,moved,0,0,73.4143,0.0,2026-07-26 20:23:58.898922
movement,912,774,none,moved,0,0,318.2687,0.0,2026-07-26 20:23:58.953985
movement,906,775,none,moved,0,0,0.0,0.0,2026-07-26 20:23:59.022611
movement,906,774,none,moved,0,0,0.0,0.0,2026-07-26 20:23:59.091886
movement,907,769,none,moved,0,0,69.2779,0.0,2026-07-26 20:23:59.160603
movement,909,766,none,moved,0,0,41.1271,0.0,2026-07-26 20:23:59.242720
click,910,765,left,pressed,0,0,0.0,0.0,2026-07-26 20:23:59.546041
click,910,765,left,released,0,0,0.0,0.0,2026-07-26 20:23:59.763714
movement,910,771,none,moved,0,0,7.1202,0.0,2026-07-26 20:24:00.098590
movement,910,812,none,moved,0,0,455.6715,0.0,2026-07-26 20:24:00.153062
movement,910,818,none,moved,0,0,0.0,0.0,2026-07-26 20:24:00.249335
click,910,817,left,pressed,0,0,0.0,0.0,2026-07-26 20:24:00.517666
click,910,817,left,released,0,0,0.0,0.0,2026-07-26 20:24:00.746915
movement,901,817,none,moved,0,0,12.0192,0.0,2026-07-26 20:24:01.029579
movement,791,813,none,moved,0,0,2287.3078,0.0,2026-07-26 20:24:01.084034
movement,680,798,none,moved,0,0,1424.1582,0.0,2026-07-26 20:24:01.139185
movement,643,789,none,moved,0,0,4.456,0.0,2026-07-26 20:24:01.635837
movement,652,763,none,moved,0,0,291.4103,0.0,2026-07-26 20:24:01.690414
movement,654,755,none,moved,0,0,71.3123,0.0,2026-07-26 20:24:01.745086
movement,656,754,none,moved,0,0,48.9617,0.0,2026-07-26 20:24:01.806742
movement,657,751,none,moved,0,0,48.7149,0.0,2026-07-26 20:24:01.874699
movement,657,750,none,moved,0,0,0.0,0.0,2026-07-26 20:24:01.943207
click,657,750,left,pressed,0,0,0.0,0.0,2026-07-26 20:24:02.194989
click,657,750,left,released,0,0,0.0,0.0,2026-07-26 20:24:02.412760
movement,657,751,none,moved,0,0,1.4153,0.0,2026-07-26 20:24:02.649768
movement,656,782,none,moved,0,0,440.0697,0.0,2026-07-26 20:24:02.704547
movement,656,799,none,moved,0,0,145.7722,0.0,2026-07-26 20:24:02.759705
movement,657,802,none,moved,0,0,14.487,0.0,2026-07-26 20:24:02.862887
movement,658,803,none,moved,0,0,74.5826,0.0,2026-07-26 20:24:02.923947
click,658,803,left,pressed,0,0,0.0,0.0,2026-07-26 20:24:03.204582
click,658,803,left,released,0,0,0.0,0.0,2026-07-26 20:24:03.422330
movement,654,803,none,moved,0,0,5.3707,0.0,2026-07-26 20:24:03.668728
movement,562,784,none,moved,0,0,1793.4134,0.0,2026-07-26 20:24:03.722930
movement,503,774,none,moved,0,0,528.9131,0.0,2026-07-26 20:24:03.777456
movement,482,766,none,moved,0,0,438.0828,0.0,2026-07-26 20:24:03.832517
movement,474,763,none,moved,0,0,0.0,0.0,2026-07-26 20:24:03.894802
movement,474,762,none,moved,0,0,18.4252,0.0,2026-07-26 20:24:03.949065
movement,474,762,none,moved,0,0,0.0,0.0,2026-07-26 20:24:04.031243
movement,492,761,none,moved,0,0,721.9609,0.0,2026-07-26 20:24:04.085920
movement,607,753,none,moved,0,0,2235.9651,0.0,2026-07-26 20:24:04.140859
movement,668,753,none,moved,0,0,289.6719,0.0,2026-07-26 20:24:04.195902
movement,673,753,none,moved,0,0,3.8352,0.0,2026-07-26 20:24:04.497679
click,674,752,left,pressed,0,0,0.0,0.0,2026-07-26 20:24:04.858606
click,674,752,left,released,0,0,0.0,0.0,2026-07-26 20:24:05.073851
movement,674,756,none,moved,0,0,5.2914,0.0,2026-07-26 20:24:05.281061
movement,672,784,none,moved,0,0,200.172,0.0,2026-07-26 20:24:05.337277
movement,672,795,none,moved,0,0,0.0,0.0,2026-07-26 20:24:05.389299
movement,673,798,none,moved,0,0,0.0,0.0,2026-07-26 20:24:05.458511
movement,674,800,none,moved,0,0,35.4323,0.0,2026-07-26 20:24:05.527660
click,674,800,left,pressed,0,0,0.0,0.0,2026-07-26 20:24:05.762069
click,674,800,left,released,0,0,0.0,0.0,2026-07-26 20:24:05.983668
movement,669,800,none,moved,0,0,7.5081,0.0,2026-07-26 20:24:06.193609
movement,595,785,none,moved,0,0,1483.0857,0.0,2026-07-26 20:24:06.248413
movement,533,766,none,moved,0,0,1048.4007,0.0,2026-07-26 20:24:06.303318
movement,504,764,none,moved,0,0,81.9841,0.0,2026-07-26 20:24:06.363870
movement,487,765,none,moved,0,0,152.7312,0.0,2026-07-26 20:24:06.419861
movement,483,765,none,moved,0,0,0.0,0.0,2026-07-26 20:24:06.488540
movement,478,764,none,moved,0,0,151.7092,0.0,2026-07-26 20:24:06.543329
movement,465,762,none,moved,0,0,143.4539,0.0,2026-07-26 20:24:06.598500
movement,461,761,none,moved,0,0,69.2383,0.0,2026-07-26 20:24:06.667159
movement,459,758,none,moved,0,0,36.6219,0.0,2026-07-26 20:24:06.742241
click,459,757,left,pressed,0,0,0.0,0.0,2026-07-26 20:24:07.003425
click,459,757,left,released,0,0,0.0,0.0,2026-07-26 20:24:07.228640
movement,459,761,none,moved,0,0,6.3209,0.0,2026-07-26 20:24:07.381964
movement,454,787,none,moved,0,0,279.7788,0.0,2026-07-26 20:24:07.436999
movement,452,795,none,moved,0,0,0.0,0.0,2026-07-26 20:24:07.492222
movement,452,797,none,moved,0,0,14.4129,0.0,2026-07-26 20:24:07.568369
click,452,797,left,pressed,0,0,0.0,0.0,2026-07-26 20:24:07.864610
movement,453,797,none,moved,0,0,1.6438,0.0,2026-07-26 20:24:08.203767
movement,470,810,none,moved,0,0,420.6092,0.0,2026-07-26 20:24:08.258063
movement,480,817,none,moved,0,0,148.0987,0.0,2026-07-26 20:24:08.312889
movement,482,818,none,moved,0,0,40.8924,0.0,2026-07-26 20:24:08.381838
click,482,818,left,released,0,0,0.0,0.0,2026-07-26 20:24:08.422903
click,482,818,left,pressed,0,0,0.0,0.0,2026-07-26 20:24:08.674617
click,482,818,left,released,0,0,0.0,0.0,2026-07-26 20:24:08.895268
movement,477,817,none,moved,0,0,5.8154,0.0,2026-07-26 20:24:09.272037
movement,414,793,none,moved,0,0,979.7825,0.0,2026-07-26 20:24:09.327966
movement,392,780,none,moved,0,0,205.0626,0.0,2026-07-26 20:24:09.382274
movement,387,777,none,moved,0,0,99.9552,0.0,2026-07-26 20:24:09.437658
movement,385,773,none,moved,0,0,207.7269,0.0,2026-07-26 20:24:09.492059
movement,384,767,none,moved,0,0,0.0,0.0,2026-07-26 20:24:09.546381
movement,384,762,none,moved,0,0,0.0,0.0,2026-07-26 20:24:09.608532
movement,384,760,none,moved,0,0,24.3995,0.0,2026-07-26 20:24:09.684000
click,385,760,left,pressed,0,0,0.0,0.0,2026-07-26 20:24:09.943606
click,385,760,left,released,0,0,0.0,0.0,2026-07-26 20:24:10.171587
movement,385,761,none,moved,0,0,1.5698,0.0,2026-07-26 20:24:10.341352
movement,384,788,none,moved,0,0,443.1071,0.0,2026-07-26 20:24:10.395111
movement,384,809,none,moved,0,0,450.3064,0.0,2026-07-26 20:24:10.450123
movement,385,825,none,moved,0,0,132.1957,0.0,2026-07-26 20:24:10.505309
movement,385,837,none,moved,0,0,144.0352,0.0,2026-07-26 20:24:10.559927
movement,387,843,none,moved,0,0,73.592,0.0,2026-07-26 20:24:10.614386
movement,389,843,none,moved,0,0,46.9183,0.0,2026-07-26 20:24:10.683702
click,391,843,left,pressed,0,0,0.0,0.0,2026-07-26 20:24:10.942956
click,391,843,left,released,0,0,0.0,0.0,2026-07-26 20:24:11.164893
movement,406,843,none,moved,0,0,20.8102,0.0,2026-07-26 20:24:11.411140
movement,650,863,none,moved,0,0,3985.8616,0.0,2026-07-26 20:24:11.465880
movement,765,908,none,moved,0,0,1686.6898,0.0,2026-07-26 20:24:11.521149
movement,827,933,none,moved,0,0,688.6096,0.0,2026-07-26 20:24:11.576279
movement,852,927,none,moved,0,0,54.6671,0.0,2026-07-26 20:24:11.843382
movement,1124,994,none,moved,0,0,6269.8231,0.0,2026-07-26 20:24:11.896997
movement,1243,1014,none,moved,0,0,627.6242,0.0,2026-07-26 20:24:11.952539
click,1250,1009,left,pressed,0,0,0.0,0.0,2026-07-26 20:24:12.392962
click,1250,1009,left,released,0,0,0.0,0.0,2026-07-26 20:24:12.613809
movement,1255,1009,none,moved,0,0,5.7159,0.0,2026-07-26 20:24:12.840615
movement,1281,1013,none,moved,0,0,302.4557,0.0,2026-07-26 20:24:12.895973
movement,1282,1013,none,moved,0,0,0.0,0.0,2026-07-26 20:24:12.957676
movement,1282,1017,none,moved,0,0,9.784,0.0,2026-07-26 20:24:13.414133
movement,1279,1048,none,moved,0,0,445.5043,0.0,2026-07-26 20:24:13.468695
movement,1278,1055,none,moved,0,0,74.1528,0.0,2026-07-26 20:24:13.523890
movement,1279,1055,none,moved,0,0,36.2512,0.0,2026-07-26 20:24:13.578959
click,1279,1055,left,pressed,0,0,0.0,0.0,2026-07-26 20:24:13.825352
click,1279,1055,left,released,0,0,0.0,0.0,2026-07-26 20:24:14.047566
movement,1272,1050,none,moved,0,0,6.6235,0.0,2026-07-26 20:24:14.877726
movement,1145,984,none,moved,0,0,3171.5815,0.0,2026-07-26 20:24:14.932464
movement,998,923,none,moved,0,0,2562.9044,0.0,2026-07-26 20:24:14.987097
movement,957,905,none,moved,0,0,141.6803,0.0,2026-07-26 20:24:15.042265
movement,956,907,none,moved,0,0,73.4734,0.0,2026-07-26 20:24:15.104335
movement,957,908,none,moved,0,0,35.4353,0.0,2026-07-26 20:24:15.166632
idle,957,908,none,idle_start,0,0,0.0,0.0,2026-07-26 20:24:17.024808
idle,953,907,none,idle_end,0,0,0.0,2.1902,2026-07-26 20:24:19.215002
movement,953,907,none,moved,0,0,1.0185,0.0,2026-07-26 20:24:19.215608
movement,883,877,none,moved,0,0,1644.3324,0.0,2026-07-26 20:24:19.269614
movement,799,845,none,moved,0,0,1703.4966,0.0,2026-07-26 20:24:19.324120
movement,739,832,none,moved,0,0,919.9493,0.0,2026-07-26 20:24:19.378738
movement,709,825,none,moved,0,0,445.265,0.0,2026-07-26 20:24:19.434723
movement,705,820,none,moved,0,0,33.2162,0.0,2026-07-26 20:24:19.504882
movement,711,803,none,moved,0,0,628.0825,0.0,2026-07-26 20:24:19.558382
movement,732,742,none,moved,0,0,1334.3077,0.0,2026-07-26 20:24:19.612055
movement,756,626,none,moved,0,0,2673.1735,0.0,2026-07-26 20:24:19.667577
movement,761,551,none,moved,0,0,752.2336,0.0,2026-07-26 20:24:19.721929
movement,757,514,none,moved,0,0,638.6572,0.0,2026-07-26 20:24:19.776442
movement,751,504,none,moved,0,0,146.2653,0.0,2026-07-26 20:24:19.831725
movement,750,501,none,moved,0,0,0.0,0.0,2026-07-26 20:24:19.961985
click,750,501,left,pressed,0,0,0.0,0.0,2026-07-26 20:24:20.302974
click,750,501,left,released,0,0,0.0,0.0,2026-07-26 20:24:20.529531
movement,748,506,none,moved,0,0,7.1284,0.0,2026-07-26 20:24:20.717434
movement,720,590,none,moved,0,0,1726.6655,0.0,2026-07-26 20:24:20.769313
movement,682,707,none,moved,0,0,2075.5986,0.0,2026-07-26 20:24:20.820204
movement,655,808,none,moved,0,0,2118.3567,0.0,2026-07-26 20:24:20.875117
movement,642,887,none,moved,0,0,1067.4469,0.0,2026-07-26 20:24:20.930023
movement,639,913,none,moved,0,0,158.809,0.0,2026-07-26 20:24:20.984808
movement,638,915,none,moved,0,0,9.0429,0.0,2026-07-26 20:24:21.109411
movement,638,915,none,moved,0,0,0.0,0.0,2026-07-26 20:24:21.170568
movement,633,922,none,moved,0,0,144.6861,0.0,2026-07-26 20:24:21.225886
movement,629,929,none,moved,0,0,8.0029,0.0,2026-07-26 20:24:21.824669
movement,614,961,none,moved,0,0,322.0169,0.0,2026-07-26 20:24:21.875486
movement,611,970,none,moved,0,0,70.912,0.0,2026-07-26 20:24:21.934955
click,610,967,left,pressed,0,0,0.0,0.0,2026-07-26 20:24:22.233551
click,610,967,left,released,0,0,0.0,0.0,2026-07-26 20:24:22.461643
idle,610,967,none,idle_start,0,0,0.0,0.0,2026-07-26 20:24:23.531860
movement,1026,821,none,moved,0,0,0.0,0.0,2026-07-26 21:25:50.174432
movement,844,885,none,moved,0,0,5089.1555,0.0,2026-07-26 21:25:50.228820
movement,714,1021,none,moved,0,0,2678.1322,0.0,2026-07-26 21:25:50.284101
movement,694,1078,none,moved,0,0,293.1235,0.0,2026-07-26 21:25:50.338417
movement,740,1056,none,moved,0,0,2195.5109,0.0,2026-07-26 21:25:50.393297
movement,922,889,none,moved,0,0,4066.0433,0.0,2026-07-26 21:25:50.448189
movement,987,782,none,moved,0,0,1502.8873,0.0,2026-07-26 21:25:50.502942
movement,975,733,none,moved,0,0,1142.1296,0.0,2026-07-26 21:25:50.557894
movement,924,702,none,moved,0,0,1042.3392,0.0,2026-07-26 21:25:50.612747
movement,889,681,none,moved,0,0,651.4231,0.0,2026-07-26 21:25:50.667368
movement,876,666,none,moved,0,0,143.0234,0.0,2026-07-26 21:25:50.722451
click,873,656,left,pressed,0,0,0.0,0.0,2026-07-26 21:25:51.034832
click,873,656,left,released,0,0,0.0,0.0,2026-07-26 21:25:51.260052
movement,872,652,none,moved,0,0,4.6368,0.0,2026-07-26 21:25:51.659457
movement,859,614,none,moved,0,0,629.7421,0.0,2026-07-26 21:25:51.714031
movement,845,585,none,moved,0,0,154.88,0.0,2026-07-26 21:25:51.768802
movement,838,574,none,moved,0,0,323.539,0.0,2026-07-26 21:25:51.823521
movement,832,568,none,moved,0,0,204.7865,0.0,2026-07-26 21:25:51.878289
movement,827,563,none,moved,0,0,144.2234,0.0,2026-07-26 21:25:51.933118
movement,823,559,none,moved,0,0,68.995,0.0,2026-07-26 21:25:51.987786
movement,822,564,none,moved,0,0,15.1156,0.0,2026-07-26 21:25:52.403984
movement,816,616,none,moved,0,0,293.4824,0.0,2026-07-26 21:25:52.458853
movement,816,618,none,moved,0,0,145.7418,0.0,2026-07-26 21:25:52.513656
movement,816,580,none,moved,0,0,1181.5773,0.0,2026-07-26 21:25:52.568513
movement,816,525,none,moved,0,0,1029.3131,0.0,2026-07-26 21:25:52.623395
movement,826,493,none,moved,0,0,6.3783,0.0,2026-07-26 21:25:53.911851
movement,825,603,none,moved,0,0,2454.6006,0.0,2026-07-26 21:25:53.966569
movement,819,714,none,moved,0,0,1159.6085,0.0,2026-07-26 21:25:54.021353
movement,819,742,none,moved,0,0,264.1166,0.0,2026-07-26 21:25:54.076894
movement,820,748,none,moved,0,0,141.5703,0.0,2026-07-26 21:25:54.131205
movement,820,769,none,moved,0,0,1045.3094,0.0,2026-07-26 21:25:54.185817
movement,813,837,none,moved,0,0,1910.1528,0.0,2026-07-26 21:25:54.240656
movement,808,892,none,moved,0,0,138.9164,0.0,2026-07-26 21:25:54.295787
movement,810,893,none,moved,0,0,68.3645,0.0,2026-07-26 21:25:54.364062
movement,880,891,none,moved,0,0,2710.3226,0.0,2026-07-26 21:25:54.418902
movement,1048,949,none,moved,0,0,2480.9728,0.0,2026-07-26 21:25:54.473633
movement,1110,990,none,moved,0,0,609.4054,0.0,2026-07-26 21:25:54.528902
movement,1127,991,none,moved,0,0,25.6634,0.0,2026-07-26 21:25:54.875094
movement,1206,994,none,moved,0,0,663.5297,0.0,2026-07-26 21:25:54.930701
movement,1218,992,none,moved,0,0,68.1078,0.0,2026-07-26 21:25:54.998807
movement,1232,991,none,moved,0,0,727.521,0.0,2026-07-26 21:25:55.053328
movement,1301,992,none,moved,0,0,1023.6073,0.0,2026-07-26 21:25:55.108125
movement,1354,1012,none,moved,0,0,641.7208,0.0,2026-07-26 21:25:55.162852
movement,1363,1029,none,moved,0,0,150.2419,0.0,2026-07-26 21:25:55.217767
movement,1363,1042,none,moved,0,0,149.2688,0.0,2026-07-26 21:25:55.272427
movement,1362,1049,none,moved,0,0,72.9939,0.0,2026-07-26 21:25:55.334460
movement,1360,1056,none,moved,0,0,323.0153,0.0,2026-07-26 21:25:55.389235
movement,1356,1061,none,moved,0,0,142.9893,0.0,2026-07-26 21:25:55.444100
movement,1356,1063,none,moved,0,0,36.1108,0.0,2026-07-26 21:25:55.498987
movement,1356,1063,none,moved,0,0,0.0,0.0,2026-07-26 21:25:55.581311
movement,1357,1063,none,moved,0,0,36.4814,0.0,2026-07-26 21:25:55.635901
movement,1360,1063,none,moved,0,0,72.3717,0.0,2026-07-26 21:25:55.697862
movement,1364,1062,none,moved,0,0,150.896,0.0,2026-07-26 21:25:55.752295
movement,1370,1062,none,moved,0,0,71.8498,0.0,2026-07-26 21:25:55.807502
movement,1372,1062,none,moved,0,0,29.1297,0.0,2026-07-26 21:25:55.875726
idle,1372,1061,none,idle_start,0,0,0.0,0.0,2026-07-26 21:25:57.586991
idle,1376,1061,none,idle_end,0,0,0.0,0.9529,2026-07-26 21:25:58.539859
movement,1376,1061,none,moved,0,0,1.5212,0.0,2026-07-26 21:25:58.540110
movement,1404,1063,none,moved,0,0,144.2779,0.0,2026-07-26 21:25:58.594638
movement,1405,1064,none,moved,0,0,0.0,0.0,2026-07-26 21:25:58.677003
movement,1404,1064,none,moved,0,0,24.2734,0.0,2026-07-26 21:25:58.745444
movement,1403,1064,none,moved,0,0,13.2567,0.0,2026-07-26 21:25:58.820877
click,1403,1064,left,pressed,0,0,0.0,0.0,2026-07-26 21:25:59.113872
click,1403,1064,left,released,0,0,0.0,0.0,2026-07-26 21:25:59.340279
idle,1403,1064,none,idle_start,0,0,0.0,0.0,2026-07-26 21:26:00.608799
idle,1404,1056,none,idle_end,0,0,0.0,0.2948,2026-07-26 21:26:00.903615
movement,1404,1056,none,moved,0,0,3.871,0.0,2026-07-26 21:26:00.904434
movement,1429,932,none,moved,0,0,2463.15,0.0,2026-07-26 21:26:00.958012
movement,1431,851,none,moved,0,0,435.2244,0.0,2026-07-26 21:26:01.024126
movement,1409,730,none,moved,0,0,512.1504,0.0,2026-07-26 21:26:01.074361
movement,1406,727,none,moved,0,0,71.362,0.0,2026-07-26 21:26:01.136398
movement,1375,754,none,moved,0,0,1899.2177,0.0,2026-07-26 21:26:01.191027
movement,1349,757,none,moved,0,0,85.8008,0.0,2026-07-26 21:26:01.496059
movement,998,809,none,moved,0,0,3578.8021,0.0,2026-07-26 21:26:01.550531
movement,947,807,none,moved,0,0,656.6635,0.0,2026-07-26 21:26:01.605393
movement,927,793,none,moved,0,0,203.215,0.0,2026-07-26 21:26:01.660422
movement,899,789,none,moved,0,0,697.0293,0.0,2026-07-26 21:26:01.715374
movement,852,790,none,moved,0,0,285.2686,0.0,2026-07-26 21:26:01.770055
movement,849,790,none,moved,0,0,10.4821,0.0,2026-07-26 21:26:01.879345
movement,794,759,none,moved,0,0,358.899,0.0,2026-07-26 21:26:01.934539
movement,769,750,none,moved,0,0,432.0235,0.0,2026-07-26 21:26:01.989703
movement,754,746,none,moved,0,0,142.5422,0.0,2026-07-26 21:26:02.044006
movement,739,740,none,moved,0,0,327.6991,0.0,2026-07-26 21:26:02.098676
movement,712,731,none,moved,0,0,645.3638,0.0,2026-07-26 21:26:02.153601
movement,691,719,none,moved,0,0,207.2479,0.0,2026-07-26 21:26:02.208300
movement,687,718,none,moved,0,0,29.2052,0.0,2026-07-26 21:26:02.270106
movement,687,718,none,moved,0,0,0.0,0.0,2026-07-26 21:26:02.345821
movement,690,719,none,moved,0,0,107.1661,0.0,2026-07-26 21:26:02.407204
movement,692,723,none,moved,0,0,143.209,0.0,2026-07-26 21:26:02.462067
movement,694,727,none,moved,0,0,0.0,0.0,2026-07-26 21:26:02.530563
movement,694,728,none,moved,0,0,0.0,0.0,2026-07-26 21:26:02.612765
movement,694,728,none,moved,0,0,0.0,0.0,2026-07-26 21:26:02.715633
movement,696,728,none,moved,0,0,1.6926,0.0,2026-07-26 21:26:03.326874
movement,705,738,none,moved,0,0,153.0489,0.0,2026-07-26 21:26:03.381305
movement,710,742,none,moved,0,0,0.0,0.0,2026-07-26 21:26:03.436072
movement,721,750,none,moved,0,0,470.6058,0.0,2026-07-26 21:26:03.490897
movement,735,757,none,moved,0,0,333.1113,0.0,2026-07-26 21:26:03.545667
movement,737,759,none,moved,0,0,0.0,0.0,2026-07-26 21:26:03.641821
movement,725,754,none,moved,0,0,33.4886,0.0,2026-07-26 21:26:04.030263
movement,534,656,none,moved,0,0,4228.4711,0.0,2026-07-26 21:26:04.085051
movement,330,582,none,moved,0,0,3228.2641,0.0,2026-07-26 21:26:04.140147
movement,246,560,none,moved,0,0,1023.0143,0.0,2026-07-26 21:26:04.194787
movement,228,558,none,moved,0,0,155.6386,0.0,2026-07-26 21:26:04.249803
movement,228,560,none,moved,0,0,48.5727,0.0,2026-07-26 21:26:04.304909
movement,228,560,none,moved,0,0,0.0,0.0,2026-07-26 21:26:04.393660
movement,228,559,none,moved,0,0,48.8847,0.0,2026-07-26 21:26:04.462126
movement,228,558,none,moved,0,0,0.0,0.0,2026-07-26 21:26:04.523859
movement,263,549,none,moved,0,0,1863.7308,0.0,2026-07-26 21:26:04.578341
movement,560,471,none,moved,0,0,7686.6996,0.0,2026-07-26 21:26:04.633004
movement,989,354,none,moved,0,0,6675.6437,0.0,2026-07-26 21:26:04.687726
movement,1117,318,none,moved,0,0,1116.8835,0.0,2026-07-26 21:26:04.742576
scroll,1117,318,none,scrolled_down,0,0,0.0,0.0,2026-07-26 21:26:05.022880
scroll,1117,318,none,scrolled_down,0,0,0.0,0.0,2026-07-26 21:26:05.029789
scroll,1117,318,none,scrolled_down,0,0,0.0,0.0,2026-07-26 21:26:05.036471
scroll,1117,318,none,scrolled_down,0,0,0.0,0.0,2026-07-26 21:26:05.043347
scroll,1117,318,none,scrolled_down,0,0,0.0,0.0,2026-07-26 21:26:05.050096
scroll,1117,318,none,scrolled_down,0,0,0.0,0.0,2026-07-26 21:26:05.057034
scroll,1117,318,none,scrolled_up,0,1,0.0,0.0,2026-07-26 21:26:05.110570
scroll,1117,318,none,scrolled_up,0,1,0.0,0.0,2026-07-26 21:26:05.166355
scroll,1117,318,none,scrolled_up,0,2,0.0,0.0,2026-07-26 21:26:05.172032
scroll,1117,318,none,scrolled_down,0,0,0.0,0.0,2026-07-26 21:26:05.183589
scroll,1117,318,none,scrolled_down,0,0,0.0,0.0,2026-07-26 21:26:05.195276
scroll,1117,318,none,scrolled_down,0,0,0.0,0.0,2026-07-26 21:26:05.224979
scroll,1117,318,none,scrolled_down,0,0,0.0,0.0,2026-07-26 21:26:05.226112
scroll,1117,318,none,scrolled_down,0,0,0.0,0.0,2026-07-26 21:26:05.259070
scroll,1117,318,none,scrolled_down,0,0,0.0,0.0,2026-07-26 21:26:05.289543
idle,1117,318,none,idle_start,0,0,0.0,0.0,2026-07-26 21:26:06.723633
scroll,1117,318,none,scrolled_down,0,-1,0.0,0.0,2026-07-26 21:26:08.079975
scroll,1117,318,none,scrolled_down,0,-1,0.0,0.0,2026-07-26 21:26:08.133636
scroll,1117,318,none,scrolled_down,0,-1,0.0,0.0,2026-07-26 21:26:08.197555
scroll,1117,318,none,scrolled_down,0,-1,0.0,0.0,2026-07-26 21:26:08.226275
scroll,1117,318,none,scrolled_down,0,-2,0.0,0.0,2026-07-26 21:26:08.282576
scroll,1117,318,none,scrolled_down,0,-1,0.0,0.0,2026-07-26 21:26:08.346010
scroll,1117,318,none,scrolled_down,0,-1,0.0,0.0,2026-07-26 21:26:08.531256
scroll,1117,318,none,scrolled_down,0,-1,0.0,0.0,2026-07-26 21:26:08.539273
scroll,1117,318,none,scrolled_down,0,-1,0.0,0.0,2026-07-26 21:26:09.504462
scroll,1117,318,none,scrolled_down,0,-1,0.0,0.0,2026-07-26 21:26:09.510504
scroll,1117,318,none,scrolled_down,0,-1,0.0,0.0,2026-07-26 21:26:09.517997
scroll,1117,318,none,scrolled_down,0,-1,0.0,0.0,2026-07-26 21:26:09.524526
scroll,1117,318,none,scrolled_down,0,-1,0.0,0.0,2026-07-26 21:26:09.531860
scroll,1117,318,none,scrolled_down,0,-1,0.0,0.0,2026-07-26 21:26:09.538566
scroll,1117,318,none,scrolled_down,0,-1,0.0,0.0,2026-07-26 21:26:09.546371
scroll,1117,318,none,scrolled_down,0,-1,0.0,0.0,2026-07-26 21:26:09.552136
scroll,1117,318,none,scrolled_down,0,-1,0.0,0.0,2026-07-26 21:26:09.558538
scroll,1117,318,none,scrolled_down,0,-1,0.0,0.0,2026-07-26 21:26:09.566063
scroll,1117,318,none,scrolled_down,0,-1,0.0,0.0,2026-07-26 21:26:09.583249
scroll,1117,318,none,scrolled_down,0,-1,0.0,0.0,2026-07-26 21:26:09.586195
scroll,1117,318,none,scrolled_down,0,-1,0.0,0.0,2026-07-26 21:26:09.591063
scroll,1117,318,none,scrolled_down,0,-1,0.0,0.0,2026-07-26 21:26:09.593664
scroll,1117,318,none,scrolled_down,0,-1,0.0,0.0,2026-07-26 21:26:09.600096
scroll,1117,318,none,scrolled_down,0,-1,0.0,0.0,2026-07-26 21:26:09.612968
scroll,1117,318,none,scrolled_down,0,-1,0.0,0.0,2026-07-26 21:26:09.624823
scroll,1117,318,none,scrolled_down,0,-1,0.0,0.0,2026-07-26 21:26:09.627798
scroll,1117,318,none,scrolled_down,0,-1,0.0,0.0,2026-07-26 21:26:09.643009
scroll,1117,318,none,scrolled_down,0,-1,0.0,0.0,2026-07-26 21:26:09.646919
scroll,1117,318,none,scrolled_down,0,-1,0.0,0.0,2026-07-26 21:26:09.648472
scroll,1117,318,none,scrolled_down,0,0,0.0,0.0,2026-07-26 21:26:09.743579
scroll,1117,318,none,scrolled_down,0,0,0.0,0.0,2026-07-26 21:26:09.784688
idle,1128,319,none,idle_end,0,0,0.0,3.5828,2026-07-26 21:26:10.306450
movement,1128,319,none,moved,0,0,1.9852,0.0,2026-07-26 21:26:10.306798
movement,1216,339,none,moved,0,0,582.4894,0.0,2026-07-26 21:26:10.377546
movement,1337,373,none,moved,0,0,314.6088,0.0,2026-07-26 21:26:10.445340
movement,1420,395,none,moved,0,0,701.2781,0.0,2026-07-26 21:26:10.499362
movement,1451,411,none,moved,0,0,289.9823,0.0,2026-07-26 21:26:10.553168
movement,1469,439,none,moved,0,0,1561.2839,0.0,2026-07-26 21:26:10.608394
movement,1483,491,none,moved,0,0,318.2958,0.0,2026-07-26 21:26:10.673715
movement,1465,541,none,moved,0,0,137.701,0.0,2026-07-26 21:26:10.731945
movement,1415,542,none,moved,0,0,740.9907,0.0,2026-07-26 21:26:10.786029
movement,1401,542,none,moved,0,0,73.2732,0.0,2026-07-26 21:26:10.840822
movement,1398,542,none,moved,0,0,64.4702,0.0,2026-07-26 21:26:10.902583
movement,1392,544,none,moved,0,0,14.3392,0.0,2026-07-26 21:26:11.285911
movement,1316,569,none,moved,0,0,1413.7235,0.0,2026-07-26 21:26:11.340146
movement,1280,576,none,moved,0,0,300.387,0.0,2026-07-26 21:26:11.394947
click,1278,576,left,pressed,0,0,0.0,0.0,2026-07-26 21:26:11.743584
click,1278,576,left,released,0,0,0.0,0.0,2026-07-26 21:26:11.959816
movement,1278,577,none,moved,0,0,0.8521,0.0,2026-07-26 21:26:12.589264
movement,1278,578,none,moved,0,0,0.0,0.0,2026-07-26 21:26:12.657897
movement,1278,581,none,moved,0,0,48.7835,0.0,2026-07-26 21:26:12.726478
movement,1278,588,none,moved,0,0,149.3485,0.0,2026-07-26 21:26:12.781202
movement,1278,595,none,moved,0,0,71.8535,0.0,2026-07-26 21:26:12.836275
click,1278,597,left,pressed,0,0,0.0,0.0,2026-07-26 21:26:13.611426
click,1278,597,left,released,0,0,0.0,0.0,2026-07-26 21:26:13.830476
movement,1278,599,none,moved,0,0,1.6315,0.0,2026-07-26 21:26:14.103187
movement,1276,620,none,moved,0,0,438.8112,0.0,2026-07-26 21:26:14.157843
movement,1275,643,none,moved,0,0,299.743,0.0,2026-07-26 21:26:14.212415
movement,1275,647,none,moved,0,0,0.0,0.0,2026-07-26 21:26:14.280868
movement,1275,651,none,moved,0,0,24.2471,0.0,2026-07-26 21:26:14.369953
click,1275,652,left,pressed,0,0,0.0,0.0,2026-07-26 21:26:14.664668
click,1275,652,left,released,0,0,0.0,0.0,2026-07-26 21:26:14.885383
movement,1282,650,none,moved,0,0,10.0305,0.0,2026-07-26 21:26:15.109371
movement,1328,634,none,moved,0,0,0.0,0.0,2026-07-26 21:26:15.163869
movement,1345,631,none,moved,0,0,1079.5009,0.0,2026-07-26 21:26:15.218716
movement,1383,624,none,moved,0,0,148.3344,0.0,2026-07-26 21:26:15.273611
movement,1394,622,none,moved,0,0,413.4138,0.0,2026-07-26 21:26:15.329212
movement,1409,619,none,moved,0,0,146.0107,0.0,2026-07-26 21:26:15.383411
movement,1433,616,none,moved,0,0,146.0565,0.0,2026-07-26 21:26:15.438221
movement,1438,614,none,moved,0,0,41.505,0.0,2026-07-26 21:26:15.506451
movement,1439,611,none,moved,0,0,149.0619,0.0,2026-07-26 21:26:15.561335
movement,1436,608,none,moved,0,0,141.0893,0.0,2026-07-26 21:26:15.616363
movement,1429,604,none,moved,0,0,204.9493,0.0,2026-07-26 21:26:15.671225
movement,1425,603,none,moved,0,0,157.9954,0.0,2026-07-26 21:26:15.725867
movement,1423,602,none,moved,0,0,36.4234,0.0,2026-07-26 21:26:15.794514
movement,1422,601,none,moved,0,0,18.7867,0.0,2026-07-26 21:26:15.869791
click,1422,600,left,pressed,0,0,0.0,0.0,2026-07-26 21:26:16.183711
click,1422,600,left,released,0,0,0.0,0.0,2026-07-26 21:26:16.408704
movement,1422,600,none,moved,0,0,0.0,0.0,2026-07-26 21:26:16.631888
movement,1426,618,none,moved,0,0,296.543,0.0,2026-07-26 21:26:16.686446
movement,1426,629,none,moved,0,0,287.3205,0.0,2026-07-26 21:26:16.741417
movement,1424,636,none,moved,0,0,0.0,0.0,2026-07-26 21:26:16.796220
click,1425,638,left,pressed,0,0,0.0,0.0,2026-07-26 21:26:17.112634
click,1425,638,left,released,0,0,0.0,0.0,2026-07-26 21:26:17.340321
movement,1426,637,none,moved,0,0,1.4398,0.0,2026-07-26 21:26:17.813656
movement,1452,616,none,moved,0,0,651.3472,0.0,2026-07-26 21:26:17.868317
movement,1516,612,none,moved,0,0,1351.3498,0.0,2026-07-26 21:26:17.923049
movement,1589,631,none,moved,0,0,1493.8193,0.0,2026-07-26 21:26:17.978075
movement,1644,662,none,moved,0,0,615.784,0.0,2026-07-26 21:26:18.032771
movement,1654,665,none,moved,0,0,72.8658,0.0,2026-07-26 21:26:18.094539
movement,1654,664,none,moved,0,0,3.2367,0.0,2026-07-26 21:26:18.403498
movement,1651,652,none,moved,0,0,36.4098,0.0,2026-07-26 21:26:18.479142
movement,1651,651,none,moved,0,0,8.7567,0.0,2026-07-26 21:26:18.627096
movement,1651,649,none,moved,0,0,76.2019,0.0,2026-07-26 21:26:18.677407
movement,1648,643,none,moved,0,0,209.2437,0.0,2026-07-26 21:26:18.732220
movement,1645,634,none,moved,0,0,154.1117,0.0,2026-07-26 21:26:18.787234
movement,1643,632,none,moved,0,0,41.3883,0.0,2026-07-26 21:26:18.869008
click,1643,632,left,pressed,0,0,0.0,0.0,2026-07-26 21:26:19.163846
click,1643,632,left,released,0,0,0.0,0.0,2026-07-26 21:26:19.383985
movement,1642,632,none,moved,0,0,1.2348,0.0,2026-07-26 21:26:19.678859
movement,1568,650,none,moved,0,0,2169.6373,0.0,2026-07-26 21:26:19.733740
movement,1499,660,none,moved,0,0,461.7264,0.0,2026-07-26 21:26:19.788348
movement,1493,661,none,moved,0,0,0.0,0.0,2026-07-26 21:26:19.898061
click,1495,661,left,pressed,0,0,0.0,0.0,2026-07-26 21:26:20.217445
click,1495,661,left,released,0,0,0.0,0.0,2026-07-26 21:26:20.435110
movement,1497,660,none,moved,0,0,2.9656,0.0,2026-07-26 21:26:20.700276
movement,1546,640,none,moved,0,0,789.3419,0.0,2026-07-26 21:26:20.756040
movement,1586,620,none,moved,0,0,493.2252,0.0,2026-07-26 21:26:20.811305
movement,1596,603,none,moved,0,0,193.4122,0.0,2026-07-26 21:26:20.870211
movement,1584,586,none,moved,0,0,723.9547,0.0,2026-07-26 21:26:20.920541
movement,1553,562,none,moved,0,0,665.5843,0.0,2026-07-26 21:26:20.975319
movement,1532,541,none,moved,0,0,323.6953,0.0,2026-07-26 21:26:21.030231
movement,1519,531,none,moved,0,0,211.1506,0.0,2026-07-26 21:26:21.084929
movement,1516,527,none,moved,0,0,41.5204,0.0,2026-07-26 21:26:21.167340
movement,1516,526,none,moved,0,0,48.7234,0.0,2026-07-26 21:26:21.222170
movement,1518,524,none,moved,0,0,34.4576,0.0,2026-07-26 21:26:21.311038
movement,1519,523,none,moved,0,0,0.0,0.0,2026-07-26 21:26:21.379592
movement,1521,520,none,moved,0,0,20.8087,0.0,2026-07-26 21:26:21.475707
click,1521,520,left,pressed,0,0,0.0,0.0,2026-07-26 21:26:21.769405
click,1521,520,left,released,0,0,0.0,0.0,2026-07-26 21:26:21.987392
movement,1521,517,none,moved,0,0,2.8575,0.0,2026-07-26 21:26:22.525581
movement,1512,504,none,moved,0,0,101.7382,0.0,2026-07-26 21:26:22.587136
movement,1512,504,none,moved,0,0,0.0,0.0,2026-07-26 21:26:22.717247
click,1512,504,left,pressed,0,0,0.0,0.0,2026-07-26 21:26:22.980631
click,1512,504,left,released,0,0,0.0,0.0,2026-07-26 21:26:23.196342
movement,1512,505,none,moved,0,0,1.5554,0.0,2026-07-26 21:26:23.387344
movement,1509,529,none,moved,0,0,461.5015,0.0,2026-07-26 21:26:23.442067
movement,1507,538,none,moved,0,0,146.2653,0.0,2026-07-26 21:26:23.496915
movement,1507,542,none,moved,0,0,29.1077,0.0,2026-07-26 21:26:23.565018
movement,1507,545,none,moved,0,0,129.9029,0.0,2026-07-26 21:26:23.620482
movement,1509,549,none,moved,0,0,47.9097,0.0,2026-07-26 21:26:23.688898
click,1511,550,left,pressed,0,0,0.0,0.0,2026-07-26 21:26:23.979962
click,1511,550,left,released,0,0,0.0,0.0,2026-07-26 21:26:24.212861
click,1511,550,right,pressed,0,0,0.0,0.0,2026-07-26 21:26:25.285067
idle,1511,550,none,idle_start,0,0,0.0,0.0,2026-07-26 21:26:25.403723
click,1511,550,right,released,0,0,0.0,0.0,2026-07-26 21:26:25.482795
idle,1503,549,none,idle_end,0,0,0.0,0.827,2026-07-26 21:26:26.230774
movement,1503,549,none,moved,0,0,3.206,0.0,2026-07-26 21:26:26.231241
movement,1395,533,none,moved,0,0,1480.9873,0.0,2026-07-26 21:26:26.285206
movement,1344,537,none,moved,0,0,755.2116,0.0,2026-07-26 21:26:26.340105
movement,1318,547,none,moved,0,0,317.3535,0.0,2026-07-26 21:26:26.395003
movement,1302,560,none,moved,0,0,526.0097,0.0,2026-07-26 21:26:26.449693
movement,1292,568,none,moved,0,0,207.7124,0.0,2026-07-26 21:26:26.504541
movement,1285,569,none,moved,0,0,149.8769,0.0,2026-07-26 21:26:26.559467
movement,1270,536,none,moved,0,0,1020.0938,0.0,2026-07-26 21:26:26.614327
movement,1267,444,none,moved,0,0,1750.9705,0.0,2026-07-26 21:26:26.669155
movement,1273,371,none,moved,0,0,1070.8397,0.0,2026-07-26 21:26:26.723946
movement,1282,334,none,moved,0,0,459.01,0.0,2026-07-26 21:26:26.779001
movement,1287,316,none,moved,0,0,326.3763,0.0,2026-07-26 21:26:26.833788
movement,1289,315,none,moved,0,0,5.719,0.0,2026-07-26 21:26:27.203967
movement,1289,351,none,moved,0,0,582.2188,0.0,2026-07-26 21:26:27.258719
movement,1288,367,none,moved,0,0,293.9761,0.0,2026-07-26 21:26:27.313529
movement,1287,369,none,moved,0,0,7.2903,0.0,2026-07-26 21:26:27.498556
movement,1284,369,none,moved,0,0,146.6437,0.0,2026-07-26 21:26:27.553391
movement,1271,357,none,moved,0,0,461.63,0.0,2026-07-26 21:26:27.608176
movement,1238,350,none,moved,0,0,438.8878,0.0,2026-07-26 21:26:27.662998
movement,1226,346,none,moved,0,0,9.5359,0.0,2026-07-26 21:26:28.989472
movement,1142,324,none,moved,0,0,510.1112,0.0,2026-07-26 21:26:29.044446
movement,1056,314,none,moved,0,0,2390.468,0.0,2026-07-26 21:26:29.099389
click,1019,310,left,pressed,0,0,0.0,0.0,2026-07-26 21:26:29.391365
click,1019,310,left,released,0,0,0.0,0.0,2026-07-26 21:26:29.610667
click,1019,310,left,pressed,0,0,0.0,0.0,2026-07-26 21:26:29.989932
movement,1005,310,none,moved,0,0,13.2459,0.0,2026-07-26 21:26:30.176807
movement,814,310,none,moved,0,0,2545.4092,0.0,2026-07-26 21:26:30.228056
movement,704,323,none,moved,0,0,1062.752,0.0,2026-07-26 21:26:30.279214
movement,643,338,none,moved,0,0,632.8146,0.0,2026-07-26 21:26:30.333460
movement,630,344,none,moved,0,0,147.9994,0.0,2026-07-26 21:26:30.389677
movement,630,344,none,moved,0,0,0.0,0.0,2026-07-26 21:26:30.442749
movement,668,361,none,moved,0,0,1914.4648,0.0,2026-07-26 21:26:30.499271
movement,959,438,none,moved,0,0,7102.6042,0.0,2026-07-26 21:26:30.553530
click,1059,473,left,released,0,0,0.0,0.0,2026-07-26 21:26:30.714021
movement,1063,475,none,moved,0,0,23.8558,0.0,2026-07-26 21:26:30.781504
movement,1086,485,none,moved,0,0,209.0225,0.0,2026-07-26 21:26:30.833777
movement,1090,488,none,moved,0,0,148.0308,0.0,2026-07-26 21:26:30.888652
movement,1137,503,none,moved,0,0,1813.756,0.0,2026-07-26 21:26:30.943660
movement,1222,531,none,moved,0,0,438.4443,0.0,2026-07-26 21:26:31.000929
movement,1231,537,none,moved,0,0,7.7547,0.0,2026-07-26 21:26:31.562130
movement,1244,579,none,moved,0,0,1391.657,0.0,2026-07-26 21:26:31.616916
movement,1254,597,none,moved,0,0,213.7737,0.0,2026-07-26 21:26:31.674450
click,1304,651,left,pressed,0,0,0.0,0.0,2026-07-26 21:26:31.947207
click,1304,651,left,released,0,0,0.0,0.0,2026-07-26 21:26:32.172273
movement,1304,647,none,moved,0,0,5.0589,0.0,2026-07-26 21:26:32.511017
movement,1292,622,none,moved,0,0,147.6868,0.0,2026-07-26 21:26:32.565840
movement,1289,619,none,moved,0,0,0.0,0.0,2026-07-26 21:26:32.716525
movement,1289,619,none,moved,0,0,0.0,0.0,2026-07-26 21:26:32.785712
movement,1291,619,none,moved,0,0,16.4294,0.0,2026-07-26 21:26:32.847321
movement,1291,620,none,moved,0,0,0.0,0.0,2026-07-26 21:26:32.901554
movement,1291,624,none,moved,0,0,152.9651,0.0,2026-07-26 21:26:32.956374
movement,1290,629,none,moved,0,0,139.2069,0.0,2026-07-26 21:26:33.011858
movement,1290,633,none,moved,0,0,20.8107,0.0,2026-07-26 21:26:33.107344
click,1290,633,left,released,0,0,0.0,0.0,2026-07-26 21:26:34.204907
idle,1290,633,none,idle_start,0,0,0.0,0.0,2026-07-26 21:26:34.710235
idle,1290,634,none,idle_end,0,0,0.0,0.1403,2026-07-26 21:26:34.850529
movement,1290,634,none,moved,0,0,0.5737,0.0,2026-07-26 21:26:34.851605
movement,1280,660,none,moved,0,0,471.1575,0.0,2026-07-26 21:26:34.905344
movement,1277,674,none,moved,0,0,150.6142,0.0,2026-07-26 21:26:34.959834
movement,1278,678,none,moved,0,0,139.6984,0.0,2026-07-26 21:26:35.014821
click,1278,678,left,pressed,0,0,0.0,0.0,2026-07-26 21:26:35.294965
click,1278,678,left,released,0,0,0.0,0.0,2026-07-26 21:26:35.516940
movement,1258,675,none,moved,0,0,19.1199,0.0,2026-07-26 21:26:36.072562
movement,1060,639,none,moved,0,0,1522.2908,0.0,2026-07-26 21:26:36.127190
movement,1033,634,none,moved,0,0,298.304,0.0,2026-07-26 21:26:36.181933
movement,1021,631,none,moved,0,0,0.0,0.0,2026-07-26 21:26:36.236863
movement,1019,630,none,moved,0,0,0.0,0.0,2026-07-26 21:26:36.339589
movement,1019,629,none,moved,0,0,16.5263,0.0,2026-07-26 21:26:36.400103
movement,1012,623,none,moved,0,0,327.6533,0.0,2026-07-26 21:26:36.456336
movement,998,611,none,moved,0,0,201.887,0.0,2026-07-26 21:26:36.511003
movement,994,608,none,moved,0,0,0.0,0.0,2026-07-26 21:26:36.593204
movement,994,610,none,moved,0,0,0.0,0.0,2026-07-26 21:26:36.655056
movement,1073,634,none,moved,0,0,26411.5644,0.0,2026-07-26 21:26:36.706990
movement,1332,688,none,moved,0,0,6046.4282,0.0,2026-07-26 21:26:36.759457
movement,1571,741,none,moved,0,0,3208.7136,0.0,2026-07-26 21:26:36.814470
movement,1634,753,none,moved,0,0,393.5664,0.0,2026-07-26 21:26:36.888024
movement,1784,768,none,moved,0,0,12.7032,0.0,2026-07-26 21:26:37.290273
movement,1821,761,none,moved,0,0,320.9372,0.0,2026-07-26 21:26:37.345317
movement,1834,754,none,moved,0,0,145.5193,0.0,2026-07-26 21:26:37.399904
movement,1848,740,none,moved,0,0,634.6943,0.0,2026-07-26 21:26:37.454685
movement,1861,722,none,moved,0,0,145.3177,0.0,2026-07-26 21:26:37.509609
movement,1862,716,none,moved,0,0,146.3521,0.0,2026-07-26 21:26:37.564373
movement,1863,710,none,moved,0,0,147.365,0.0,2026-07-26 21:26:37.619152
movement,1843,693,none,moved,0,0,827.2861,0.0,2026-07-26 21:26:37.674007
movement,1778,668,none,moved,0,0,1586.4657,0.0,2026-07-26 21:26:37.729231
movement,1685,657,none,moved,0,0,1464.4405,0.0,2026-07-26 21:26:37.783795
movement,1604,662,none,moved,0,0,1649.2138,0.0,2026-07-26 21:26:37.838561
movement,1527,675,none,moved,0,0,1031.3029,0.0,2026-07-26 21:26:37.893397
movement,1493,686,none,moved,0,0,433.2513,0.0,2026-07-26 21:26:37.948582
movement,1484,691,none,moved,0,0,0.0,0.0,2026-07-26 21:26:38.003054
movement,1481,695,none,moved,0,0,101.836,0.0,2026-07-26 21:26:38.064902
movement,1480,700,none,moved,0,0,128.988,0.0,2026-07-26 21:26:38.120673
movement,1484,706,none,moved,0,0,523.4244,0.0,2026-07-26 21:26:38.174509
movement,1563,755,none,moved,0,0,3136.2638,0.0,2026-07-26 21:26:38.229421
movement,1771,871,none,moved,0,0,3352.0813,0.0,2026-07-26 21:26:38.284203
movement,1805,896,none,moved,0,0,321.4653,0.0,2026-07-26 21:26:38.339022
movement,1770,884,none,moved,0,0,531.4256,0.0,2026-07-26 21:26:38.393809
movement,1722,849,none,moved,0,0,1187.6893,0.0,2026-07-26 21:26:38.448996
movement,1641,818,none,moved,0,0,1823.733,0.0,2026-07-26 21:26:38.503547
movement,1606,819,none,moved,0,0,69.4501,0.0,2026-07-26 21:26:38.835267
movement,1341,955,none,moved,0,0,0.0,0.0,2026-07-26 21:26:38.894155
movement,1343,955,none,moved,0,0,64.1807,0.0,2026-07-26 21:26:38.945923
movement,1368,945,none,moved,0,0,203.6619,0.0,2026-07-26 21:26:39.014742
movement,1367,948,none,moved,0,0,8.5922,0.0,2026-07-26 21:26:39.382776
movement,1351,1005,none,moved,0,0,713.2671,0.0,2026-07-26 21:26:39.437555
movement,1348,1021,none,moved,0,0,144.3673,0.0,2026-07-26 21:26:39.492522
movement,1354,1022,none,moved,0,0,11.6707,0.0,2026-07-26 21:26:39.950022
movement,1396,1032,none,moved,0,0,147.0602,0.0,2026-07-26 21:26:40.004610
movement,1401,1034,none,moved,0,0,24.3399,0.0,2026-07-26 21:26:40.073174
movement,1401,1034,none,moved,0,0,0.0,0.0,2026-07-26 21:26:40.217355
click,1401,1034,left,pressed,0,0,0.0,0.0,2026-07-26 21:26:40.702245
click,1401,1034,left,released,0,0,0.0,0.0,2026-07-26 21:26:40.931571
movement,1397,1034,none,moved,0,0,3.3656,0.0,2026-07-26 21:26:41.405842
movement,1366,1033,none,moved,0,0,136.3735,0.0,2026-07-26 21:26:41.461019
movement,1363,1032,none,moved,0,0,5.8537,0.0,2026-07-26 21:26:41.659259
movement,1359,1030,none,moved,0,0,143.6947,0.0,2026-07-26 21:26:41.714344
movement,1328,1025,none,moved,0,0,1328.5658,0.0,2026-07-26 21:26:41.768964
movement,1270,1022,none,moved,0,0,773.6855,0.0,2026-07-26 21:26:41.823788
movement,1229,1014,none,moved,0,0,745.186,0.0,2026-07-26 21:26:41.878622
movement,1199,990,none,moved,0,0,840.3246,0.0,2026-07-26 21:26:41.933533
movement,1193,946,none,moved,0,0,743.9611,0.0,2026-07-26 21:26:41.988278
movement,1200,914,none,moved,0,0,461.0363,0.0,2026-07-26 21:26:42.043175
movement,1214,898,none,moved,0,0,329.5414,0.0,2026-07-26 21:26:42.097919
movement,1242,873,none,moved,0,0,37.431,0.0,2026-07-26 21:26:42.450531
movement,1189,796,none,moved,0,0,1056.3181,0.0,2026-07-26 21:26:42.505320
movement,1183,766,none,moved,0,0,145.5698,0.0,2026-07-26 21:26:42.560266
movement,1174,756,none,moved,0,0,33.5423,0.0,2026-07-26 21:26:42.901463
movement,982,698,none,moved,0,0,3228.0145,0.0,2026-07-26 21:26:42.955696
movement,902,703,none,moved,0,0,1088.32,0.0,2026-07-26 21:26:43.010681
movement,848,745,none,moved,0,0,1348.2174,0.0,2026-07-26 21:26:43.065438
movement,815,809,none,moved,0,0,747.3734,0.0,2026-07-26 21:26:43.120328
movement,825,833,none,moved,0,0,635.1247,0.0,2026-07-26 21:26:43.175059
movement,835,840,none,moved,0,0,48.3098,0.0,2026-07-26 21:26:43.243783
click,842,840,left,pressed,0,0,0.0,0.0,2026-07-26 21:26:43.657089
click,842,840,left,released,0,0,0.0,0.0,2026-07-26 21:26:43.881863
idle,842,840,none,idle_start,0,0,0.0,0.0,2026-07-26 21:26:45.268801
movement,489,1071,none,moved,0,0,0.0,0.0,2026-07-26 21:30:52.941333
movement,415,986,none,moved,0,0,2417.7106,0.0,2026-07-26 21:30:52.993880
movement,282,919,none,moved,0,0,2604.365,0.0,2026-07-26 21:30:53.048152
movement,185,909,none,moved,0,0,922.5009,0.0,2026-07-26 21:30:53.103229
movement,143,943,none,moved,0,0,940.1775,0.0,2026-07-26 21:30:53.157946
movement,144,978,none,moved,0,0,613.6181,0.0,2026-07-26 21:30:53.212752
movement,191,985,none,moved,0,0,1343.7199,0.0,2026-07-26 21:30:53.267809
movement,289,950,none,moved,0,0,1870.0772,0.0,2026-07-26 21:30:53.322946
movement,390,905,none,moved,0,0,1705.1373,0.0,2026-07-26 21:30:53.377554
movement,470,853,none,moved,0,0,1766.0096,0.0,2026-07-26 21:30:53.432483
movement,526,807,none,moved,0,0,610.1257,0.0,2026-07-26 21:30:53.487568
movement,534,801,none,moved,0,0,16.1678,0.0,2026-07-26 21:30:53.597120
movement,534,801,none,moved,0,0,0.0,0.0,2026-07-26 21:30:53.652429
movement,531,802,none,moved,0,0,125.0836,0.0,2026-07-26 21:30:53.708870
movement,539,799,none,moved,0,0,25.0337,0.0,2026-07-26 21:30:54.093798
movement,737,657,none,moved,0,0,4803.8229,0.0,2026-07-26 21:30:54.148431
movement,864,508,none,moved,0,0,2302.6636,0.0,2026-07-26 21:30:54.203347
movement,880,436,none,moved,0,0,621.1483,0.0,2026-07-26 21:30:54.257794
movement,874,427,none,moved,0,0,140.843,0.0,2026-07-26 21:30:54.313055
movement,857,427,none,moved,0,0,404.8556,0.0,2026-07-26 21:30:54.368482
click,857,427,left,pressed,0,0,0.0,0.0,2026-07-26 21:30:54.599278
click,857,427,left,released,0,0,0.0,0.0,2026-07-26 21:30:54.825862
movement,869,429,none,moved,0,0,8.7115,0.0,2026-07-26 21:30:55.764966
movement,1051,493,none,moved,0,0,3568.8862,0.0,2026-07-26 21:30:55.818823
movement,1181,580,none,moved,0,0,1797.4344,0.0,2026-07-26 21:30:55.873692
movement,1229,635,none,moved,0,0,903.0784,0.0,2026-07-26 21:30:55.928607
click,1239,647,right,pressed,0,0,0.0,0.0,2026-07-26 21:30:56.105347
click,1239,647,right,released,0,0,0.0,0.0,2026-07-26 21:30:56.168925
movement,1235,641,none,moved,0,0,7.4802,0.0,2026-07-26 21:30:56.927437
movement,1184,570,none,moved,0,0,1795.4762,0.0,2026-07-26 21:30:56.981859
movement,1137,517,none,moved,0,0,720.0027,0.0,2026-07-26 21:30:57.036190
click,1132,514,left,pressed,0,0,0.0,0.0,2026-07-26 21:30:57.261726
click,1132,514,left,released,0,0,0.0,0.0,2026-07-26 21:30:57.476839
movement,1143,514,none,moved,0,0,17.4519,0.0,2026-07-26 21:30:57.680596
movement,1382,590,none,moved,0,0,4708.1361,0.0,2026-07-26 21:30:57.735682
movement,1543,716,none,moved,0,0,1992.1285,0.0,2026-07-26 21:30:57.791096
movement,1572,758,none,moved,0,0,327.4474,0.0,2026-07-26 21:30:57.845023
movement,1570,765,none,moved,0,0,28.3576,0.0,2026-07-26 21:30:58.101752
movement,1546,829,none,moved,0,0,1076.9202,0.0,2026-07-26 21:30:58.156529
movement,1528,870,none,moved,0,0,318.8424,0.0,2026-07-26 21:30:58.211412
movement,1524,877,none,moved,0,0,101.3176,0.0,2026-07-26 21:30:58.266388
movement,1515,882,none,moved,0,0,293.2362,0.0,2026-07-26 21:30:58.320883
movement,1503,897,none,moved,0,0,531.9677,0.0,2026-07-26 21:30:58.375900
movement,1492,915,none,moved,0,0,492.8674,0.0,2026-07-26 21:30:58.431046
movement,1491,942,none,moved,0,0,732.1501,0.0,2026-07-26 21:30:58.485722
movement,1532,1006,none,moved,0,0,1797.7177,0.0,2026-07-26 21:30:58.540378
movement,1573,1029,none,moved,0,0,727.4958,0.0,2026-07-26 21:30:58.595190
movement,1580,1031,none,moved,0,0,25.0363,0.0,2026-07-26 21:30:58.925751
movement,1488,1048,none,moved,0,0,567.2578,0.0,2026-07-26 21:30:58.979191
movement,1483,1051,none,moved,0,0,13.3275,0.0,2026-07-26 21:30:59.095791
movement,1466,1065,none,moved,0,0,640.4691,0.0,2026-07-26 21:30:59.151190
movement,1445,1080,none,moved,0,0,156.5156,0.0,2026-07-26 21:30:59.204629
movement,1443,1078,none,moved,0,0,66.9395,0.0,2026-07-26 21:30:59.274091
movement,1434,1074,none,moved,0,0,379.1385,0.0,2026-07-26 21:30:59.328189
movement,1407,1060,none,moved,0,0,476.0231,0.0,2026-07-26 21:30:59.383629
movement,1397,1052,none,moved,0,0,78.1688,0.0,2026-07-26 21:30:59.444920
movement,1397,1052,none,moved,0,0,0.0,0.0,2026-07-26 21:30:59.520048
click,1398,1052,left,pressed,0,0,0.0,0.0,2026-07-26 21:30:59.833047
click,1398,1052,left,released,0,0,0.0,0.0,2026-07-26 21:31:00.058047
movement,1398,1047,none,moved,0,0,6.0591,0.0,2026-07-26 21:31:00.386279
movement,1377,977,none,moved,0,0,1432.4538,0.0,2026-07-26 21:31:00.440906
movement,1333,889,none,moved,0,0,2347.0104,0.0,2026-07-26 21:31:00.495734
movement,1247,776,none,moved,0,0,2663.9275,0.0,2026-07-26 21:31:00.550991
movement,1198,729,none,moved,0,0,41.0164,0.0,2026-07-26 21:31:00.902354
movement,1099,530,none,moved,0,0,4417.2466,0.0,2026-07-26 21:31:00.957149
movement,957,392,none,moved,0,0,2332.4293,0.0,2026-07-26 21:31:01.011973
scroll,948,386,none,scrolled_down,0,0,0.0,0.0,2026-07-26 21:31:01.911254
scroll,948,386,none,scrolled_down,0,0,0.0,0.0,2026-07-26 21:31:01.931421
scroll,948,386,none,scrolled_down,0,0,0.0,0.0,2026-07-26 21:31:01.949835
scroll,948,386,none,scrolled_down,0,0,0.0,0.0,2026-07-26 21:31:02.092358
scroll,948,386,none,scrolled_down,0,0,0.0,0.0,2026-07-26 21:31:02.100096
scroll,948,386,none,scrolled_down,0,-1,0.0,0.0,2026-07-26 21:31:02.131077
scroll,948,386,none,scrolled_down,0,0,0.0,0.0,2026-07-26 21:31:02.465586
scroll,948,386,none,scrolled_down,0,0,0.0,0.0,2026-07-26 21:31:02.472467
scroll,948,386,none,scrolled_down,0,0,0.0,0.0,2026-07-26 21:31:02.479184
scroll,948,386,none,scrolled_down,0,0,0.0,0.0,2026-07-26 21:31:02.485907
scroll,948,386,none,scrolled_down,0,0,0.0,0.0,2026-07-26 21:31:02.493532
scroll,948,386,none,scrolled_down,0,0,0.0,0.0,2026-07-26 21:31:02.512236
scroll,948,386,none,scrolled_down,0,0,0.0,0.0,2026-07-26 21:31:02.518143
scroll,948,386,none,scrolled_down,0,0,0.0,0.0,2026-07-26 21:31:02.520165
scroll,948,386,none,scrolled_down,0,0,0.0,0.0,2026-07-26 21:31:02.527930
scroll,948,386,none,scrolled_down,0,0,0.0,0.0,2026-07-26 21:31:02.548480
scroll,948,386,none,scrolled_down,0,0,0.0,0.0,2026-07-26 21:31:02.551041
scroll,948,386,none,scrolled_down,0,0,0.0,0.0,2026-07-26 21:31:02.555571
scroll,948,386,none,scrolled_down,0,0,0.0,0.0,2026-07-26 21:31:02.571778
scroll,948,386,none,scrolled_down,0,0,0.0,0.0,2026-07-26 21:31:02.579437
scroll,948,386,none,scrolled_down,0,0,0.0,0.0,2026-07-26 21:31:02.582240
scroll,948,386,none,scrolled_down,0,0,0.0,0.0,2026-07-26 21:31:02.588994
scroll,948,386,none,scrolled_down,0,0,0.0,0.0,2026-07-26 21:31:02.606427
scroll,948,386,none,scrolled_down,0,0,0.0,0.0,2026-07-26 21:31:02.612428
idle,948,386,none,idle_start,0,0,0.0,0.0,2026-07-26 21:31:02.835824
idle,933,386,none,idle_end,0,0,0.0,1.6283,2026-07-26 21:31:04.464132
movement,933,386,none,moved,0,0,4.3536,0.0,2026-07-26 21:31:04.464635
movement,818,387,none,moved,0,0,1127.1981,0.0,2026-07-26 21:31:04.519880
movement,788,381,none,moved,0,0,535.0166,0.0,2026-07-26 21:31:04.573613
movement,770,373,none,moved,0,0,113.5813,0.0,2026-07-26 21:31:04.639673
movement,760,368,none,moved,0,0,0.0,0.0,2026-07-26 21:31:04.710474
movement,760,368,none,moved,0,0,3.674,0.0,2026-07-26 21:31:04.989695
movement,705,359,none,moved,0,0,1507.465,0.0,2026-07-26 21:31:05.045929
movement,621,381,none,moved,0,0,1513.4937,0.0,2026-07-26 21:31:05.099212
movement,562,430,none,moved,0,0,774.2854,0.0,2026-07-26 21:31:05.154276
movement,554,452,none,moved,0,0,318.9942,0.0,2026-07-26 21:31:05.208955
movement,554,457,none,moved,0,0,0.0,0.0,2026-07-26 21:31:05.291330
movement,555,458,none,moved,0,0,9.1389,0.0,2026-07-26 21:31:05.428244
movement,556,460,none,moved,0,0,72.7527,0.0,2026-07-26 21:31:05.483316
movement,561,469,none,moved,0,0,409.8277,0.0,2026-07-26 21:31:05.538270
movement,604,473,none,moved,0,0,1405.236,0.0,2026-07-26 21:31:05.593024
movement,693,439,none,moved,0,0,1437.421,0.0,2026-07-26 21:31:05.648315
movement,759,402,none,moved,0,0,663.2544,0.0,2026-07-26 21:31:05.702651
movement,763,396,none,moved,0,0,23.986,0.0,2026-07-26 21:31:05.778866
movement,761,396,none,moved,0,0,35.944,0.0,2026-07-26 21:31:05.847414
movement,760,391,none,moved,0,0,98.4174,0.0,2026-07-26 21:31:05.915560
movement,851,369,none,moved,0,0,3369.5881,0.0,2026-07-26 21:31:05.970546
movement,1035,349,none,moved,0,0,2349.9199,0.0,2026-07-26 21:31:06.025019
movement,1085,345,none,moved,0,0,58.7481,0.0,2026-07-26 21:31:06.333752
movement,1292,298,none,moved,0,0,3057.7761,0.0,2026-07-26 21:31:06.388520
movement,1365,282,none,moved,0,0,1056.3549,0.0,2026-07-26 21:31:06.443423
movement,1395,275,none,moved,0,0,148.2715,0.0,2026-07-26 21:31:06.498134
movement,1397,275,none,moved,0,0,0.0,0.0,2026-07-26 21:31:06.560015
movement,1394,272,none,moved,0,0,200.6577,0.0,2026-07-26 21:31:06.615113
movement,1382,255,none,moved,0,0,427.7369,0.0,2026-07-26 21:31:06.669640
movement,1355,244,none,moved,0,0,1325.0285,0.0,2026-07-26 21:31:06.724947
movement,1282,249,none,moved,0,0,643.0505,0.0,2026-07-26 21:31:06.779472
movement,1273,253,none,moved,0,0,23.9542,0.0,2026-07-26 21:31:06.869674
movement,1273,253,none,moved,0,0,0.0,0.0,2026-07-26 21:31:06.945995
movement,1273,255,none,moved,0,0,33.8873,0.0,2026-07-26 21:31:07.021841
movement,1273,256,none,moved,0,0,136.93,0.0,2026-07-26 21:31:07.072004
movement,1276,258,none,moved,0,0,67.8492,0.0,2026-07-26 21:31:07.123536
movement,1291,263,none,moved,0,0,461.2127,0.0,2026-07-26 21:31:07.177886
movement,1302,267,none,moved,0,0,207.3638,0.0,2026-07-26 21:31:07.231403
movement,1304,267,none,moved,0,0,0.0,0.0,2026-07-26 21:31:07.363206
movement,1312,266,none,moved,0,0,299.5931,0.0,2026-07-26 21:31:07.417838
movement,1318,265,none,moved,0,0,0.0,0.0,2026-07-26 21:31:07.500191
movement,1318,265,none,moved,0,0,0.0,0.0,2026-07-26 21:31:07.581607
movement,1319,265,none,moved,0,0,2.2408,0.0,2026-07-26 21:31:08.227064
movement,1334,290,none,moved,0,0,251.5432,0.0,2026-07-26 21:31:08.290864
movement,1340,306,none,moved,0,0,143.5324,0.0,2026-07-26 21:31:08.343659
click,1341,307,left,pressed,0,0,0.0,0.0,2026-07-26 21:31:08.615477
click,1341,307,left,released,0,0,0.0,0.0,2026-07-26 21:31:08.843561
movement,1340,308,none,moved,0,0,1.304,0.0,2026-07-26 21:31:09.455521
movement,1319,312,none,moved,0,0,194.7539,0.0,2026-07-26 21:31:09.511249
movement,1244,309,none,moved,0,0,1210.6668,0.0,2026-07-26 21:31:09.565747
movement,1150,307,none,moved,0,0,2068.2652,0.0,2026-07-26 21:31:09.620770
movement,1050,309,none,moved,0,0,1509.4802,0.0,2026-07-26 21:31:09.675031
movement,958,343,none,moved,0,0,2058.6994,0.0,2026-07-26 21:31:09.729934
movement,930,351,none,moved,0,0,38.785,0.0,2026-07-26 21:31:10.057194
movement,826,327,none,moved,0,0,1213.7096,0.0,2026-07-26 21:31:10.112014
movement,807,318,none,moved,0,0,247.4589,0.0,2026-07-26 21:31:10.167965
movement,800,315,none,moved,0,0,137.3291,0.0,2026-07-26 21:31:10.222878
movement,797,312,none,moved,0,0,67.9251,0.0,2026-07-26 21:31:10.277533
movement,791,306,none,moved,0,0,147.0499,0.0,2026-07-26 21:31:10.332085
movement,773,300,none,moved,0,0,404.8165,0.0,2026-07-26 21:31:10.386540
movement,741,298,none,moved,0,0,677.944,0.0,2026-07-26 21:31:10.441358
movement,689,291,none,moved,0,0,1214.5014,0.0,2026-07-26 21:31:10.495603
movement,630,270,none,moved,0,0,1247.994,0.0,2026-07-26 21:31:10.550848
movement,601,255,none,moved,0,0,141.1178,0.0,2026-07-26 21:31:10.605844
movement,600,253,none,moved,0,0,0.0,0.0,2026-07-26 21:31:10.674420
movement,601,258,none,moved,0,0,3.9322,0.0,2026-07-26 21:31:11.075435
movement,605,266,none,moved,0,0,173.0323,0.0,2026-07-26 21:31:11.129534
movement,607,272,none,moved,0,0,0.0,0.0,2026-07-26 21:31:11.185354
movement,608,275,none,moved,0,0,14.5799,0.0,2026-07-26 21:31:11.280523
movement,608,277,none,moved,0,0,48.2642,0.0,2026-07-26 21:31:11.342456
click,608,277,left,pressed,0,0,0.0,0.0,2026-07-26 21:31:11.563424
click,608,277,left,released,0,0,0.0,0.0,2026-07-26 21:31:11.786610
movement,611,280,none,moved,0,0,5.032,0.0,2026-07-26 21:31:12.185588
movement,634,340,none,moved,0,0,1040.3037,0.0,2026-07-26 21:31:12.240324
movement,645,368,none,moved,0,0,287.6949,0.0,2026-07-26 21:31:12.295259
movement,646,371,none,moved,0,0,10.3953,0.0,2026-07-26 21:31:12.411686
click,646,371,left,pressed,0,0,0.0,0.0,2026-07-26 21:31:13.044711
click,646,371,left,released,0,0,0.0,0.0,2026-07-26 21:31:13.266206
idle,646,371,none,idle_start,0,0,0.0,0.0,2026-07-26 21:31:13.966752
idle,638,365,none,idle_end,0,0,0.0,0.3242,2026-07-26 21:31:14.291006
movement,638,365,none,moved,0,0,5.3211,0.0,2026-07-26 21:31:14.291410
movement,489,302,none,moved,0,0,3643.8176,0.0,2026-07-26 21:31:14.344413
movement,402,302,none,moved,0,0,1282.1349,0.0,2026-07-26 21:31:14.400292
movement,366,348,none,moved,0,0,41.0686,0.0,2026-07-26 21:31:14.739596
movement,608,360,none,moved,0,0,5921.7796,0.0,2026-07-26 21:31:14.792675
movement,830,382,none,moved,0,0,1951.6473,0.0,2026-07-26 21:31:14.848117
movement,875,394,none,moved,0,0,42.3138,0.0,2026-07-26 21:31:15.150563
movement,968,414,none,moved,0,0,1201.5473,0.0,2026-07-26 21:31:15.205240
movement,989,418,none,moved,0,0,146.2347,0.0,2026-07-26 21:31:15.260316
movement,989,418,none,moved,0,0,0.0,0.0,2026-07-26 21:31:15.327896
movement,986,417,none,moved,0,0,153.6094,0.0,2026-07-26 21:31:15.383352
movement,858,404,none,moved,0,0,4123.2753,0.0,2026-07-26 21:31:15.439133
movement,524,405,none,moved,0,0,6042.4075,0.0,2026-07-26 21:31:15.492941
movement,356,422,none,moved,0,0,2584.0832,0.0,2026-07-26 21:31:15.547442
movement,305,435,none,moved,0,0,318.2581,0.0,2026-07-26 21:31:15.602539
movement,291,445,none,moved,0,0,35.5941,0.0,2026-07-26 21:31:15.889909
movement,195,451,none,moved,0,0,1034.4994,0.0,2026-07-26 21:31:15.944761
movement,183,451,none,moved,0,0,142.1075,0.0,2026-07-26 21:31:16.000113
movement,138,483,none,moved,0,0,486.0937,0.0,2026-07-26 21:31:16.054674
movement,120,496,none,moved,0,0,203.424,0.0,2026-07-26 21:31:16.110174
movement,113,503,none,moved,0,0,96.2273,0.0,2026-07-26 21:31:16.172572
movement,102,522,none,moved,0,0,322.1941,0.0,2026-07-26 21:31:16.226233
movement,97,531,none,moved,0,0,74.3697,0.0,2026-07-26 21:31:16.280956
movement,96,531,none,moved,0,0,13.0708,0.0,2026-07-26 21:31:16.357470
movement,88,540,none,moved,0,0,410.6822,0.0,2026-07-26 21:31:16.410967
click,86,545,left,pressed,0,0,0.0,0.0,2026-07-26 21:31:16.675521
click,86,545,left,released,0,0,0.0,0.0,2026-07-26 21:31:16.897923
movement,86,546,none,moved,0,0,1.2864,0.0,2026-07-26 21:31:17.229538
movement,91,568,none,moved,0,0,455.82,0.0,2026-07-26 21:31:17.283055
movement,91,576,none,moved,0,0,153.7783,0.0,2026-07-26 21:31:17.337920
movement,92,578,none,moved,0,0,80.0597,0.0,2026-07-26 21:31:17.393028
movement,92,581,none,moved,0,0,65.5442,0.0,2026-07-26 21:31:17.456135
click,94,584,left,pressed,0,0,0.0,0.0,2026-07-26 21:31:17.741701
click,94,584,left,released,0,0,0.0,0.0,2026-07-26 21:31:17.970275
movement,102,582,none,moved,0,0,10.9167,0.0,2026-07-26 21:31:18.254473
movement,295,509,none,moved,0,0,5288.9704,0.0,2026-07-26 21:31:18.305416
movement,588,456,none,moved,0,0,4207.6079,0.0,2026-07-26 21:31:18.360578
movement,770,437,none,moved,0,0,2475.5285,0.0,2026-07-26 21:31:18.415200
movement,849,430,none,moved,0,0,713.7749,0.0,2026-07-26 21:31:18.470401
movement,882,428,none,moved,0,0,317.5218,0.0,2026-07-26 21:31:18.525106
movement,886,428,none,moved,0,0,0.0,0.0,2026-07-26 21:31:18.649216
movement,863,439,none,moved,0,0,1284.6721,0.0,2026-07-26 21:31:18.703246
movement,765,485,none,moved,0,0,2086.8094,0.0,2026-07-26 21:31:18.758546
movement,715,506,none,moved,0,0,474.2573,0.0,2026-07-26 21:31:18.812777
movement,708,508,none,moved,0,0,0.0,0.0,2026-07-26 21:31:18.895426
movement,708,508,none,moved,0,0,0.0,0.0,2026-07-26 21:31:19.011605
movement,712,507,none,moved,0,0,13.2866,0.0,2026-07-26 21:31:19.333178
movement,746,507,none,moved,0,0,555.4082,0.0,2026-07-26 21:31:19.388898
movement,757,506,none,moved,0,0,18.0872,0.0,2026-07-26 21:31:19.491460
click,757,506,left,pressed,0,0,0.0,0.0,2026-07-26 21:31:19.789795
click,757,506,left,released,0,0,0.0,0.0,2026-07-26 21:31:20.006115
movement,759,508,none,moved,0,0,2.5077,0.0,2026-07-26 21:31:20.619342
movement,788,552,none,moved,0,0,324.9177,0.0,2026-07-26 21:31:20.673873
movement,798,570,none,moved,0,0,154.88,0.0,2026-07-26 21:31:20.729018
movement,800,573,none,moved,0,0,0.0,0.0,2026-07-26 21:31:20.824828
movement,800,574,none,moved,0,0,18.2638,0.0,2026-07-26 21:31:20.879582
movement,802,577,none,moved,0,0,103.9563,0.0,2026-07-26 21:31:20.941747
movement,803,580,none,moved,0,0,0.0,0.0,2026-07-26 21:31:20.996638
movement,805,583,none,moved,0,0,0.0,0.0,2026-07-26 21:31:21.058606
movement,808,581,none,moved,0,0,176.0094,0.0,2026-07-26 21:31:21.113039
movement,825,547,none,moved,0,0,919.4241,0.0,2026-07-26 21:31:21.168901
movement,854,480,none,moved,0,0,1457.1194,0.0,2026-07-26 21:31:21.223042
movement,891,433,none,moved,0,0,952.2623,0.0,2026-07-26 21:31:21.277617
movement,903,427,none,moved,0,0,135.8875,0.0,2026-07-26 21:31:21.332976
movement,922,430,none,moved,0,0,322.8152,0.0,2026-07-26 21:31:21.387638
movement,926,435,none,moved,0,0,0.0,0.0,2026-07-26 21:31:21.442737
movement,925,444,none,moved,0,0,191.858,0.0,2026-07-26 21:31:21.500259
movement,919,462,none,moved,0,0,472.3824,0.0,2026-07-26 21:31:21.551729
movement,908,490,none,moved,0,0,447.2771,0.0,2026-07-26 21:31:21.606527
movement,906,500,none,moved,0,0,0.0,0.0,2026-07-26 21:31:21.688890
movement,905,500,none,moved,0,0,0.0,0.0,2026-07-26 21:31:21.773109
click,905,500,left,pressed,0,0,0.0,0.0,2026-07-26 21:31:22.087974
click,905,500,left,released,0,0,0.0,0.0,2026-07-26 21:31:22.314953
movement,901,500,none,moved,0,0,3.9286,0.0,2026-07-26 21:31:22.825839
movement,830,508,none,moved,0,0,2202.4789,0.0,2026-07-26 21:31:22.879784
movement,780,530,none,moved,0,0,525.1876,0.0,2026-07-26 21:31:22.936058
movement,756,542,none,moved,0,0,526.4431,0.0,2026-07-26 21:31:22.991120
click,755,542,left,pressed,0,0,0.0,0.0,2026-07-26 21:31:23.246539
click,755,542,left,released,0,0,0.0,0.0,2026-07-26 21:31:23.470622
movement,763,537,none,moved,0,0,14.8778,0.0,2026-07-26 21:31:23.632296
movement,843,496,none,moved,0,0,880.2204,0.0,2026-07-26 21:31:23.688545
movement,856,488,none,moved,0,0,18.6757,0.0,2026-07-26 21:31:23.790258
movement,857,488,none,moved,0,0,19.8631,0.0,2026-07-26 21:31:23.840604
movement,857,488,none,moved,0,0,0.0,0.0,2026-07-26 21:31:23.982314
movement,861,488,none,moved,0,0,345.0966,0.0,2026-07-26 21:31:24.035709
movement,870,490,none,moved,0,0,204.5887,0.0,2026-07-26 21:31:24.091179
movement,874,494,none,moved,0,0,0.0,0.0,2026-07-26 21:31:24.152259
movement,876,497,none,moved,0,0,68.5216,0.0,2026-07-26 21:31:24.207157
movement,876,498,none,moved,0,0,0.0,0.0,2026-07-26 21:31:24.282570
movement,872,503,none,moved,0,0,12.2716,0.0,2026-07-26 21:31:24.872449
movement,795,590,none,moved,0,0,1384.0035,0.0,2026-07-26 21:31:24.929838
movement,737,664,none,moved,0,0,784.6174,0.0,2026-07-26 21:31:24.985144
movement,721,691,none,moved,0,0,149.407,0.0,2026-07-26 21:31:25.037979
movement,721,691,none,moved,0,0,0.0,0.0,2026-07-26 21:31:25.100595
movement,727,687,none,moved,0,0,18.7185,0.0,2026-07-26 21:31:25.485837
movement,852,630,none,moved,0,0,2506.9831,0.0,2026-07-26 21:31:25.536242
movement,1034,560,none,moved,0,0,3898.6413,0.0,2026-07-26 21:31:25.588418
movement,1160,527,none,moved,0,0,1471.1639,0.0,2026-07-26 21:31:25.641961
movement,1175,523,none,moved,0,0,0.0,0.0,2026-07-26 21:31:25.710361
movement,1142,538,none,moved,0,0,1584.2754,0.0,2026-07-26 21:31:25.766565
movement,1007,591,none,moved,0,0,2249.9217,0.0,2026-07-26 21:31:25.821492
movement,926,628,none,moved,0,0,841.8568,0.0,2026-07-26 21:31:25.875160
movement,904,640,none,moved,0,0,293.4414,0.0,2026-07-26 21:31:25.931124
movement,892,649,none,moved,0,0,202.1484,0.0,2026-07-26 21:31:25.985888
movement,889,651,none,moved,0,0,48.7587,0.0,2026-07-26 21:31:26.041471
movement,872,661,none,moved,0,0,446.5091,0.0,2026-07-26 21:31:26.096154
movement,866,664,none,moved,0,0,35.1126,0.0,2026-07-26 21:31:26.164252
movement,866,664,none,moved,0,0,0.0,0.0,2026-07-26 21:31:26.270248
movement,867,659,none,moved,0,0,977.8698,0.0,2026-07-26 21:31:26.320856
movement,883,634,none,moved,0,0,671.4694,0.0,2026-07-26 21:31:26.375728
movement,889,618,none,moved,0,0,171.6304,0.0,2026-07-26 21:31:26.430611
movement,890,616,none,moved,0,0,0.0,0.0,2026-07-26 21:31:26.567853
click,890,616,left,pressed,0,0,0.0,0.0,2026-07-26 21:31:27.239891
click,890,616,left,released,0,0,0.0,0.0,2026-07-26 21:31:27.460538
movement,886,617,none,moved,0,0,3.424,0.0,2026-07-26 21:31:27.772024
movement,827,631,none,moved,0,0,1027.2664,0.0,2026-07-26 21:31:27.826244
movement,795,634,none,moved,0,0,412.1896,0.0,2026-07-26 21:31:27.881373
movement,785,634,none,moved,0,0,99.417,0.0,2026-07-26 21:31:27.939202
movement,784,635,none,moved,0,0,21.4397,0.0,2026-07-26 21:31:28.005164
movement,780,639,none,moved,0,0,174.3472,0.0,2026-07-26 21:31:28.060723
movement,775,644,none,moved,0,0,35.3788,0.0,2026-07-26 21:31:28.136849
movement,768,646,none,moved,0,0,244.4866,0.0,2026-07-26 21:31:28.191870
movement,749,653,none,moved,0,0,325.4476,0.0,2026-07-26 21:31:28.244302
movement,740,656,none,moved,0,0,15.8686,0.0,2026-07-26 21:31:28.381580
click,740,656,left,pressed,0,0,0.0,0.0,2026-07-26 21:31:28.703269
click,740,656,left,released,0,0,0.0,0.0,2026-07-26 21:31:28.924602
movement,740,659,none,moved,0,0,3.7632,0.0,2026-07-26 21:31:29.213159
movement,744,680,none,moved,0,0,324.6815,0.0,2026-07-26 21:31:29.268417
movement,745,685,none,moved,0,0,0.0,0.0,2026-07-26 21:31:29.322766
click,745,687,left,pressed,0,0,0.0,0.0,2026-07-26 21:31:29.709865
click,745,687,left,released,0,0,0.0,0.0,2026-07-26 21:31:29.938047
movement,754,684,none,moved,0,0,12.0033,0.0,2026-07-26 21:31:30.141141
movement,839,643,none,moved,0,0,1462.2444,0.0,2026-07-26 21:31:30.194816
movement,878,628,none,moved,0,0,206.5694,0.0,2026-07-26 21:31:30.249668
movement,880,627,none,moved,0,0,0.0,0.0,2026-07-26 21:31:30.304488
movement,889,624,none,moved,0,0,138.4031,0.0,2026-07-26 21:31:30.368335
movement,925,620,none,moved,0,0,583.6568,0.0,2026-07-26 21:31:30.420833
movement,947,618,none,moved,0,0,460.748,0.0,2026-07-26 21:31:30.475787
movement,957,618,none,moved,0,0,48.5413,0.0,2026-07-26 21:31:30.544543
movement,957,618,none,moved,0,0,0.0,0.0,2026-07-26 21:31:30.654374
movement,948,623,none,moved,0,0,345.8751,0.0,2026-07-26 21:31:30.708801
movement,928,640,none,moved,0,0,361.6252,0.0,2026-07-26 21:31:30.763736
movement,927,653,none,moved,0,0,142.8675,0.0,2026-07-26 21:31:30.818483
movement,929,657,none,moved,0,0,24.1338,0.0,2026-07-26 21:31:30.907762
movement,929,657,none,moved,0,0,0.0,0.0,2026-07-26 21:31:30.997470
movement,929,653,none,moved,0,0,7.2344,0.0,2026-07-26 21:31:31.550389
movement,928,615,none,moved,0,0,315.5384,0.0,2026-07-26 21:31:31.604633
movement,927,608,none,moved,0,0,0.0,0.0,2026-07-26 21:31:31.700945
movement,928,608,none,moved,0,0,16.1913,0.0,2026-07-26 21:31:31.804138
movement,934,608,none,moved,0,0,453.9945,0.0,2026-07-26 21:31:31.858550
movement,1004,602,none,moved,0,0,2377.1256,0.0,2026-07-26 21:31:31.912607
movement,1101,597,none,moved,0,0,1483.869,0.0,2026-07-26 21:31:31.967317
movement,1164,608,none,moved,0,0,923.0031,0.0,2026-07-26 21:31:32.022359
movement,1193,625,none,moved,0,0,413.8884,0.0,2026-07-26 21:31:32.076951
movement,1205,644,none,moved,0,0,138.1751,0.0,2026-07-26 21:31:32.132359
movement,1207,648,none,moved,0,0,8.5357,0.0,2026-07-26 21:31:32.297025
movement,1201,652,none,moved,0,0,186.8704,0.0,2026-07-26 21:31:32.352009
movement,1144,672,none,moved,0,0,1533.7663,0.0,2026-07-26 21:31:32.406457
movement,1069,682,none,moved,0,0,1075.305,0.0,2026-07-26 21:31:32.461033
movement,1031,682,none,moved,0,0,162.5573,0.0,2026-07-26 21:31:32.515801
movement,1027,682,none,moved,0,0,0.0,0.0,2026-07-26 21:31:32.571086
movement,1026,682,none,moved,0,0,14.551,0.0,2026-07-26 21:31:32.639808
movement,1016,682,none,moved,0,0,311.3118,0.0,2026-07-26 21:31:32.694164
movement,1001,682,none,moved,0,0,0.0,0.0,2026-07-26 21:31:32.749014
movement,998,682,none,moved,0,0,20.658,0.0,2026-07-26 21:31:32.825324
movement,985,679,none,moved,0,0,637.8327,0.0,2026-07-26 21:31:32.879407
movement,962,674,none,moved,0,0,208.743,0.0,2026-07-26 21:31:32.934571
movement,957,673,none,moved,0,0,18.2133,0.0,2026-07-26 21:31:33.023428
click,957,671,left,pressed,0,0,0.0,0.0,2026-07-26 21:31:33.331362
click,957,671,left,released,0,0,0.0,0.0,2026-07-26 21:31:33.554381
movement,958,672,none,moved,0,0,1.6924,0.0,2026-07-26 21:31:33.886310
movement,963,691,none,moved,0,0,277.749,0.0,2026-07-26 21:31:33.941244
movement,963,704,none,moved,0,0,0.0,0.0,2026-07-26 21:31:33.994828
click,963,706,left,pressed,0,0,0.0,0.0,2026-07-26 21:31:34.285044
click,963,706,left,released,0,0,0.0,0.0,2026-07-26 21:31:34.502176
idle,963,706,none,idle_start,0,0,0.0,0.0,2026-07-26 21:31:35.633282
idle,966,709,none,idle_end,0,0,0.0,0.1151,2026-07-26 21:31:35.748404
movement,966,709,none,moved,0,0,2.4581,0.0,2026-07-26 21:31:35.749504
movement,1014,736,none,moved,0,0,1300.5985,0.0,2026-07-26 21:31:35.803098
movement,1092,760,none,moved,0,0,1638.4384,0.0,2026-07-26 21:31:35.857951
movement,1206,781,none,moved,0,0,2226.2833,0.0,2026-07-26 21:31:35.913169
movement,1322,801,none,moved,0,0,2218.2022,0.0,2026-07-26 21:31:35.968098
movement,1402,826,none,moved,0,0,1089.8349,0.0,2026-07-26 21:31:36.023095
movement,1435,835,none,moved,0,0,303.4184,0.0,2026-07-26 21:31:36.077677
movement,1438,836,none,moved,0,0,49.4501,0.0,2026-07-26 21:31:36.140503
movement,1435,815,none,moved,0,0,355.6303,0.0,2026-07-26 21:31:36.194169
movement,1431,801,none,moved,0,0,288.6254,0.0,2026-07-26 21:31:36.249165
click,1430,799,left,pressed,0,0,0.0,0.0,2026-07-26 21:31:36.763436
click,1430,799,left,released,0,0,0.0,0.0,2026-07-26 21:31:36.981177
movement,1435,787,none,moved,0,0,15.8728,0.0,2026-07-26 21:31:37.081691
movement,1461,738,none,moved,0,0,205.169,0.0,2026-07-26 21:31:37.136479
movement,1462,735,none,moved,0,0,24.3172,0.0,2026-07-26 21:31:37.218528
movement,1461,719,none,moved,0,0,677.4633,0.0,2026-07-26 21:31:37.274863
movement,1443,633,none,moved,0,0,1487.8062,0.0,2026-07-26 21:31:37.328150
movement,1433,610,none,moved,0,0,103.1877,0.0,2026-07-26 21:31:37.390303
movement,1432,610,none,moved,0,0,0.0,0.0,2026-07-26 21:31:37.444957
movement,1432,612,none,moved,0,0,29.2103,0.0,2026-07-26 21:31:37.513377
movement,1432,613,none,moved,0,0,0.0,0.0,2026-07-26 21:31:37.568781
movement,1433,618,none,moved,0,0,144.5913,0.0,2026-07-26 21:31:37.622938
movement,1438,629,none,moved,0,0,328.3991,0.0,2026-07-26 21:31:37.677993
movement,1443,642,none,moved,0,0,0.0,0.0,2026-07-26 21:31:37.733050
movement,1445,648,none,moved,0,0,0.0,0.0,2026-07-26 21:31:37.794428
movement,1446,651,none,moved,0,0,48.9857,0.0,2026-07-26 21:31:37.862854
movement,1446,652,none,moved,0,0,0.0,0.0,2026-07-26 21:31:37.979587
click,1445,652,left,pressed,0,0,0.0,0.0,2026-07-26 21:31:38.267815
click,1445,652,left,released,0,0,0.0,0.0,2026-07-26 21:31:38.494270
movement,1445,654,none,moved,0,0,2.7561,0.0,2026-07-26 21:31:38.725754
movement,1450,700,none,moved,0,0,572.104,0.0,2026-07-26 21:31:38.780903
movement,1458,726,none,moved,0,0,327.6991,0.0,2026-07-26 21:31:38.835523
movement,1465,738,none,moved,0,0,208.413,0.0,2026-07-26 21:31:38.890611
movement,1465,737,none,moved,0,0,47.4281,0.0,2026-07-26 21:31:38.959669
click,1465,737,left,pressed,0,0,0.0,0.0,2026-07-26 21:31:39.254730
click,1465,737,left,released,0,0,0.0,0.0,2026-07-26 21:31:39.478205
movement,1474,730,none,moved,0,0,13.705,0.0,2026-07-26 21:31:39.791634
movement,1583,664,none,moved,0,0,2272.2983,0.0,2026-07-26 21:31:39.846298
movement,1651,635,none,moved,0,0,504.307,0.0,2026-07-26 21:31:39.903527
movement,1701,628,none,moved,0,0,291.8995,0.0,2026-07-26 21:31:39.956161
movement,1707,631,none,moved,0,0,73.1658,0.0,2026-07-26 21:31:40.011128
movement,1709,636,none,moved,0,0,143.1992,0.0,2026-07-26 21:31:40.066093
movement,1709,645,none,moved,0,0,284.5332,0.0,2026-07-26 21:31:40.120935
movement,1708,654,none,moved,0,0,113.4516,0.0,2026-07-26 21:31:40.178245
movement,1707,657,none,moved,0,0,0.0,0.0,2026-07-26 21:31:40.244239
movement,1689,673,none,moved,0,0,529.5461,0.0,2026-07-26 21:31:40.299229
movement,1677,682,none,moved,0,0,147.1066,0.0,2026-07-26 21:31:40.353825
movement,1675,682,none,moved,0,0,24.1509,0.0,2026-07-26 21:31:40.429646
click,1675,682,left,pressed,0,0,0.0,0.0,2026-07-26 21:31:40.698619
click,1675,682,left,released,0,0,0.0,0.0,2026-07-26 21:31:40.918060
movement,1667,684,none,moved,0,0,10.5138,0.0,2026-07-26 21:31:41.213978
movement,1560,726,none,moved,0,0,1434.1551,0.0,2026-07-26 21:31:41.268132
movement,1538,734,none,moved,0,0,0.0,0.0,2026-07-26 21:31:41.322738
movement,1538,729,none,moved,0,0,152.8425,0.0,2026-07-26 21:31:41.377823
movement,1559,712,none,moved,0,0,993.1959,0.0,2026-07-26 21:31:41.432750
movement,1592,696,none,moved,0,0,281.4875,0.0,2026-07-26 21:31:41.487674
movement,1615,691,none,moved,0,0,415.3325,0.0,2026-07-26 21:31:41.543117
movement,1635,691,none,moved,0,0,341.514,0.0,2026-07-26 21:31:41.597297
movement,1648,690,none,moved,0,0,137.365,0.0,2026-07-26 21:31:41.652390
movement,1650,690,none,moved,0,0,24.6204,0.0,2026-07-26 21:31:41.714267
movement,1650,690,none,moved,0,0,0.0,0.0,2026-07-26 21:31:41.769071
movement,1649,689,none,moved,0,0,23.6764,0.0,2026-07-26 21:31:41.851858
movement,1649,687,none,moved,0,0,36.8102,0.0,2026-07-26 21:31:41.926873
movement,1649,683,none,moved,0,0,98.1652,0.0,2026-07-26 21:31:41.987771
movement,1649,679,none,moved,0,0,155.5232,0.0,2026-07-26 21:31:42.042606
movement,1650,676,none,moved,0,0,48.3744,0.0,2026-07-26 21:31:42.111512
movement,1650,673,none,moved,0,0,29.3487,0.0,2026-07-26 21:31:42.194188
movement,1650,672,none,moved,0,0,0.0,0.0,2026-07-26 21:31:42.296553
click,1650,672,left,pressed,0,0,0.0,0.0,2026-07-26 21:31:42.591998
click,1650,672,left,released,0,0,0.0,0.0,2026-07-26 21:31:42.817547
movement,1645,673,none,moved,0,0,7.2072,0.0,2026-07-26 21:31:43.004045
movement,1549,706,none,moved,0,0,1557.673,0.0,2026-07-26 21:31:43.058660
movement,1465,726,none,moved,0,0,1463.0482,0.0,2026-07-26 21:31:43.113293
movement,1398,746,none,moved,0,0,1387.2823,0.0,2026-07-26 21:31:43.168386
movement,1364,763,none,moved,0,0,426.1638,0.0,2026-07-26 21:31:43.222979
movement,1362,764,none,moved,0,0,0.0,0.0,2026-07-26 21:31:43.298641
movement,1363,763,none,moved,0,0,23.7512,0.0,2026-07-26 21:31:43.361249
movement,1365,761,none,moved,0,0,118.6877,0.0,2026-07-26 21:31:43.417029
movement,1365,759,none,moved,0,0,4.7987,0.0,2026-07-26 21:31:43.833818
movement,1361,738,none,moved,0,0,319.6356,0.0,2026-07-26 21:31:43.887316
movement,1357,731,none,moved,0,0,74.2526,0.0,2026-07-26 21:31:43.942385
movement,1356,730,none,moved,0,0,25.5861,0.0,2026-07-26 21:31:44.003779
movement,1356,730,none,moved,0,0,0.0,0.0,2026-07-26 21:31:44.127215
click,1356,730,left,pressed,0,0,0.0,0.0,2026-07-26 21:31:44.442203
click,1356,730,left,released,0,0,0.0,0.0,2026-07-26 21:31:44.668943
movement,1363,721,none,moved,0,0,16.17,0.0,2026-07-26 21:31:44.832336
movement,1476,611,none,moved,0,0,2565.0666,0.0,2026-07-26 21:31:44.887357
movement,1554,568,none,moved,0,0,1143.6404,0.0,2026-07-26 21:31:44.942527
movement,1581,561,none,moved,0,0,150.4629,0.0,2026-07-26 21:31:44.997258
movement,1596,561,none,moved,0,0,291.0084,0.0,2026-07-26 21:31:45.051904
movement,1617,563,none,moved,0,0,579.5839,0.0,2026-07-26 21:31:45.107003
movement,1646,559,none,moved,0,0,325.7415,0.0,2026-07-26 21:31:45.161846
movement,1677,555,none,moved,0,0,603.9749,0.0,2026-07-26 21:31:45.216558
movement,1692,556,none,moved,0,0,198.8682,0.0,2026-07-26 21:31:45.271538
movement,1697,560,none,moved,0,0,210.1035,0.0,2026-07-26 21:31:45.326158
movement,1699,564,none,moved,0,0,102.7783,0.0,2026-07-26 21:31:45.388482
movement,1702,570,none,moved,0,0,0.0,0.0,2026-07-26 21:31:45.443695
movement,1714,593,none,moved,0,0,754.1006,0.0,2026-07-26 21:31:45.497897
movement,1722,615,none,moved,0,0,280.6493,0.0,2026-07-26 21:31:45.553042
movement,1723,617,none,moved,0,0,0.0,0.0,2026-07-26 21:31:45.676317
click,1723,617,left,pressed,0,0,0.0,0.0,2026-07-26 21:31:46.011042
click,1723,617,left,released,0,0,0.0,0.0,2026-07-26 21:31:46.227440
movement,1720,623,none,moved,0,0,9.1828,0.0,2026-07-26 21:31:46.406847
movement,1681,660,none,moved,0,0,817.9553,0.0,2026-07-26 21:31:46.461567
movement,1634,668,none,moved,0,0,893.2169,0.0,2026-07-26 21:31:46.516297
movement,1585,674,none,moved,0,0,881.1548,0.0,2026-07-26 21:31:46.571260
movement,1558,676,none,moved,0,0,142.257,0.0,2026-07-26 21:31:46.626128
click,1556,676,left,pressed,0,0,0.0,0.0,2026-07-26 21:31:46.978898
click,1556,676,left,released,0,0,0.0,0.0,2026-07-26 21:31:47.204756
movement,1548,680,none,moved,0,0,11.1103,0.0,2026-07-26 21:31:47.444950
movement,1289,709,none,moved,0,0,6920.1042,0.0,2026-07-26 21:31:47.500334
movement,882,752,none,moved,0,0,7331.9811,0.0,2026-07-26 21:31:47.555430
movement,516,811,none,moved,0,0,6145.2557,0.0,2026-07-26 21:31:47.609787
movement,231,880,none,moved,0,0,3257.1491,0.0,2026-07-26 21:31:47.668842
movement,81,917,none,moved,0,0,1603.6435,0.0,2026-07-26 21:31:47.719549
movement,41,922,none,moved,0,0,0.0,0.0,2026-07-26 21:31:47.781005
movement,41,919,none,moved,0,0,10.5538,0.0,2026-07-26 21:31:48.065263
movement,46,850,none,moved,0,0,1383.2408,0.0,2026-07-26 21:31:48.120082
movement,97,758,none,moved,0,0,1617.8003,0.0,2026-07-26 21:31:48.175326
movement,131,725,none,moved,0,0,323.3717,0.0,2026-07-26 21:31:48.229545
movement,148,723,none,moved,0,0,597.2665,0.0,2026-07-26 21:31:48.284397
movement,183,728,none,moved,0,0,326.3309,0.0,2026-07-26 21:31:48.339425
movement,208,736,none,moved,0,0,471.2914,0.0,2026-07-26 21:31:48.394352
movement,232,742,none,moved,0,0,460.0867,0.0,2026-07-26 21:31:48.449206
movement,254,743,none,moved,0,0,291.6052,0.0,2026-07-26 21:31:48.503689
movement,274,743,none,moved,0,0,296.4277,0.0,2026-07-26 21:31:48.558765
movement,296,743,none,moved,0,0,595.528,0.0,2026-07-26 21:31:48.613872
movement,323,741,none,moved,0,0,438.2305,0.0,2026-07-26 21:31:48.668544
movement,350,740,none,moved,0,0,574.0118,0.0,2026-07-26 21:31:48.723831
movement,392,728,none,moved,0,0,946.5516,0.0,2026-07-26 21:31:48.778274
movement,454,700,none,moved,0,0,1277.49,0.0,2026-07-26 21:31:48.833158
movement,476,691,none,moved,0,0,0.0,0.0,2026-07-26 21:31:48.888415
movement,477,691,none,moved,0,0,0.0,0.0,2026-07-26 21:31:48.950031
movement,469,694,none,moved,0,0,470.3555,0.0,2026-07-26 21:31:49.004888
movement,400,723,none,moved,0,0,2024.0526,0.0,2026-07-26 21:31:49.059520
movement,296,770,none,moved,0,0,2443.0777,0.0,2026-07-26 21:31:49.114458
movement,220,801,none,moved,0,0,750.8369,0.0,2026-07-26 21:31:49.168968
movement,190,804,none,moved,0,0,454.6835,0.0,2026-07-26 21:31:49.223747
movement,182,805,none,moved,0,0,0.0,0.0,2026-07-26 21:31:49.313412
movement,182,804,none,moved,0,0,16.1181,0.0,2026-07-26 21:31:49.375459
movement,182,802,none,moved,0,0,24.6208,0.0,2026-07-26 21:31:49.464674
movement,183,801,none,moved,0,0,29.7651,0.0,2026-07-26 21:31:49.539988
movement,184,800,none,moved,0,0,36.7779,0.0,2026-07-26 21:31:49.607959
movement,212,779,none,moved,0,0,1028.87,0.0,2026-07-26 21:31:49.663091
movement,264,754,none,moved,0,0,691.437,0.0,2026-07-26 21:31:49.718358
movement,297,745,none,moved,0,0,449.2293,0.0,2026-07-26 21:31:49.773479
movement,307,742,none,moved,0,0,0.0,0.0,2026-07-26 21:31:49.835213
movement,309,742,none,moved,0,0,11.2576,0.0,2026-07-26 21:31:49.971483
movement,312,742,none,moved,0,0,48.2525,0.0,2026-07-26 21:31:50.026393
movement,314,742,none,moved,0,0,20.6299,0.0,2026-07-26 21:31:50.095422
movement,314,744,none,moved,0,0,36.3515,0.0,2026-07-26 21:31:50.163451
click,314,744,left,pressed,0,0,0.0,0.0,2026-07-26 21:31:50.484684
click,314,744,left,released,0,0,0.0,0.0,2026-07-26 21:31:50.706530
movement,314,748,none,moved,0,0,5.8109,0.0,2026-07-26 21:31:50.851817
movement,309,802,none,moved,0,0,728.2536,0.0,2026-07-26 21:31:50.905752
movement,303,840,none,moved,0,0,430.2144,0.0,2026-07-26 21:31:50.960591
movement,301,850,none,moved,0,0,153.0936,0.0,2026-07-26 21:31:51.015486
movement,300,856,none,moved,0,0,144.2829,0.0,2026-07-26 21:31:51.070492
movement,299,862,none,moved,0,0,213.4221,0.0,2026-07-26 21:31:51.125470
movement,299,865,none,moved,0,0,0.0,0.0,2026-07-26 21:31:51.235153
movement,299,865,none,moved,0,0,0.0,0.0,2026-07-26 21:31:51.306395
movement,300,863,none,moved,0,0,0.0,0.0,2026-07-26 21:31:51.374484
click,301,861,left,pressed,0,0,0.0,0.0,2026-07-26 21:31:51.680163
click,301,861,left,released,0,0,0.0,0.0,2026-07-26 21:31:51.900736
movement,305,853,none,moved,0,0,7.6099,0.0,2026-07-26 21:31:52.576047
movement,325,809,none,moved,0,0,269.4733,0.0,2026-07-26 21:31:52.633549
movement,327,806,none,moved,0,0,18.4102,0.0,2026-07-26 21:31:52.720324
movement,328,806,none,moved,0,0,18.196,0.0,2026-07-26 21:31:52.775272
movement,344,802,none,moved,0,0,908.9912,0.0,2026-07-26 21:31:52.828536
movement,366,797,none,moved,0,0,270.7313,0.0,2026-07-26 21:31:52.883784
movement,371,796,none,moved,0,0,22.9408,0.0,2026-07-26 21:31:52.968563
movement,386,784,none,moved,0,0,1205.718,0.0,2026-07-26 21:31:53.021314
movement,423,759,none,moved,0,0,318.8966,0.0,2026-07-26 21:31:53.076107
movement,427,755,none,moved,0,0,0.0,0.0,2026-07-26 21:31:53.219703
movement,427,753,none,moved,0,0,36.0035,0.0,2026-07-26 21:31:53.289290
movement,426,752,none,moved,0,0,48.729,0.0,2026-07-26 21:31:53.351245
movement,416,751,none,moved,0,0,299.0165,0.0,2026-07-26 21:31:53.405464
movement,404,754,none,moved,0,0,145.1768,0.0,2026-07-26 21:31:53.461256
movement,402,758,none,moved,0,0,232.797,0.0,2026-07-26 21:31:53.517369
movement,401,763,none,moved,0,0,288.4864,0.0,2026-07-26 21:31:53.570714
movement,401,768,none,moved,0,0,147.019,0.0,2026-07-26 21:31:53.624754
movement,402,770,none,moved,0,0,46.0447,0.0,2026-07-26 21:31:53.680669
movement,402,772,none,moved,0,0,14.5132,0.0,2026-07-26 21:31:53.769882
movement,403,772,none,moved,0,0,9.1264,0.0,2026-07-26 21:31:53.879459
movement,405,775,none,moved,0,0,75.3761,0.0,2026-07-26 21:31:53.939178
movement,406,778,none,moved,0,0,47.9185,0.0,2026-07-26 21:31:53.994595
movement,408,779,none,moved,0,0,35.5808,0.0,2026-07-26 21:31:54.057861
movement,408,779,none,moved,0,0,0.0,0.0,2026-07-26 21:31:54.530859
movement,411,782,none,moved,0,0,58.052,0.0,2026-07-26 21:31:54.591535
movement,412,782,none,moved,0,0,7.7778,0.0,2026-07-26 21:31:54.720104
movement,413,782,none,moved,0,0,13.2796,0.0,2026-07-26 21:31:54.795405
movement,415,785,none,moved,0,0,71.3196,0.0,2026-07-26 21:31:54.850699
movement,423,791,none,moved,0,0,205.9383,0.0,2026-07-26 21:31:54.905046
movement,430,793,none,moved,0,0,48.8681,0.0,2026-07-26 21:31:54.966780
movement,431,794,none,moved,0,0,0.0,0.0,2026-07-26 21:31:55.035326
click,431,794,left,pressed,0,0,0.0,0.0,2026-07-26 21:31:55.326498
click,431,794,left,released,0,0,0.0,0.0,2026-07-26 21:31:55.549732
movement,432,796,none,moved,0,0,3.0601,0.0,2026-07-26 21:31:55.766049
movement,446,823,none,moved,0,0,393.2667,0.0,2026-07-26 21:31:55.821330
movement,455,836,none,moved,0,0,299.0058,0.0,2026-07-26 21:31:55.875807
movement,462,836,none,moved,0,0,154.3584,0.0,2026-07-26 21:31:55.930748
movement,465,836,none,moved,0,0,48.8368,0.0,2026-07-26 21:31:55.992636
click,466,836,left,pressed,0,0,0.0,0.0,2026-07-26 21:31:56.391612
click,466,836,left,released,0,0,0.0,0.0,2026-07-26 21:31:56.609968
movement,476,833,none,moved,0,0,9.5666,0.0,2026-07-26 21:31:57.111668
movement,636,772,none,moved,0,0,2245.3928,0.0,2026-07-26 21:31:57.164075
movement,763,734,none,moved,0,0,1549.1534,0.0,2026-07-26 21:31:57.214380
movement,792,732,none,moved,0,0,137.5182,0.0,2026-07-26 21:31:57.269802
movement,792,733,none,moved,0,0,3.9009,0.0,2026-07-26 21:31:57.654169
movement,778,745,none,moved,0,0,0.0,0.0,2026-07-26 21:31:57.708071
movement,775,746,none,moved,0,0,13.2329,0.0,2026-07-26 21:31:57.811321
click,775,746,left,pressed,0,0,0.0,0.0,2026-07-26 21:31:58.085411
click,775,746,left,released,0,0,0.0,0.0,2026-07-26 21:31:58.310074
movement,775,749,none,moved,0,0,3.9284,0.0,2026-07-26 21:31:58.574996
movement,777,778,none,moved,0,0,482.8554,0.0,2026-07-26 21:31:58.629155
movement,783,809,none,moved,0,0,965.4125,0.0,2026-07-26 21:31:58.683816
movement,790,833,none,moved,0,0,138.4944,0.0,2026-07-26 21:31:58.738899
movement,792,839,none,moved,0,0,0.0,0.0,2026-07-26 21:31:58.856056
click,791,839,left,pressed,0,0,0.0,0.0,2026-07-26 21:31:59.133889
click,791,839,left,released,0,0,0.0,0.0,2026-07-26 21:31:59.350517
movement,806,833,none,moved,0,0,16.6683,0.0,2026-07-26 21:31:59.838743
movement,1137,702,none,moved,0,0,8923.6819,0.0,2026-07-26 21:31:59.893760
movement,1542,655,none,moved,0,0,7215.2855,0.0,2026-07-26 21:31:59.948807
movement,1612,654,none,moved,0,0,11.1367,0.0,2026-07-26 21:32:01.509331
movement,1468,790,none,moved,0,0,1424.3439,0.0,2026-07-26 21:32:01.570372
movement,1427,877,none,moved,0,0,783.8632,0.0,2026-07-26 21:32:01.625423
movement,1432,906,none,moved,0,0,651.3754,0.0,2026-07-26 21:32:01.680321
movement,1460,933,none,moved,0,0,1044.8237,0.0,2026-07-26 21:32:01.735278
movement,1500,965,none,moved,0,0,602.8636,0.0,2026-07-26 21:32:01.790524
movement,1532,987,none,moved,0,0,475.4473,0.0,2026-07-26 21:32:01.844874
movement,1536,990,none,moved,0,0,36.2591,0.0,2026-07-26 21:32:01.899999
movement,1535,991,none,moved,0,0,74.225,0.0,2026-07-26 21:32:01.961613
movement,1493,993,none,moved,0,0,1757.2843,0.0,2026-07-26 21:32:02.016326
movement,1400,1006,none,moved,0,0,1462.1479,0.0,2026-07-26 21:32:02.071282
movement,1353,1017,none,moved,0,0,623.6408,0.0,2026-07-26 21:32:02.126229
movement,1345,1023,none,moved,0,0,73.9619,0.0,2026-07-26 21:32:02.180845
movement,1345,1025,none,moved,0,0,11.1579,0.0,2026-07-26 21:32:02.284235
movement,1345,1026,none,moved,0,0,16.0152,0.0,2026-07-26 21:32:02.373858
movement,1344,1028,none,moved,0,0,47.4555,0.0,2026-07-26 21:32:02.429263
movement,1340,1031,none,moved,0,0,105.1039,0.0,2026-07-26 21:32:02.489437
movement,1327,1036,none,moved,0,0,296.7113,0.0,2026-07-26 21:32:02.544788
movement,1302,1047,none,moved,0,0,521.817,0.0,2026-07-26 21:32:02.599270
movement,1289,1053,none,moved,0,0,0.0,0.0,2026-07-26 21:32:02.653862
movement,1287,1053,none,moved,0,0,20.4942,0.0,2026-07-26 21:32:02.723408
movement,1287,1053,none,moved,0,0,0.0,0.0,2026-07-26 21:32:02.819224
click,1287,1053,left,pressed,0,0,0.0,0.0,2026-07-26 21:32:03.103330
click,1287,1053,left,released,0,0,0.0,0.0,2026-07-26 21:32:03.332628
movement,1282,1049,none,moved,0,0,7.3027,0.0,2026-07-26 21:32:03.696035
movement,1169,979,none,moved,0,0,3374.3969,0.0,2026-07-26 21:32:03.750791
movement,1015,930,none,moved,0,0,2637.7519,0.0,2026-07-26 21:32:03.805629
movement,898,905,none,moved,0,0,1872.0983,0.0,2026-07-26 21:32:03.860865
movement,826,903,none,moved,0,0,430.4941,0.0,2026-07-26 21:32:03.915685
movement,817,902,none,moved,0,0,36.4865,0.0,2026-07-26 21:32:03.984022
movement,821,899,none,moved,0,0,204.483,0.0,2026-07-26 21:32:04.039001
movement,891,862,none,moved,0,0,4160.5096,0.0,2026-07-26 21:32:04.094065
idle,931,840,none,idle_start,0,0,0.0,0.0,2026-07-26 21:32:05.819798
click,931,840,left,pressed,0,0,0.0,0.0,2026-07-26 21:32:06.021722
click,931,840,left,released,0,0,0.0,0.0,2026-07-26 21:32:06.244201
movement,449,962,none,moved,0,0,0.0,0.0,2026-07-26 21:33:48.223671
movement,511,858,none,moved,0,0,1628.2983,0.0,2026-07-26 21:33:48.277086
movement,543,836,none,moved,0,0,278.1276,0.0,2026-07-26 21:33:48.332190
movement,550,865,none,moved,0,0,833.1951,0.0,2026-07-26 21:33:48.387621
movement,550,939,none,moved,0,0,2103.3569,0.0,2026-07-26 21:33:48.441779
movement,554,977,none,moved,0,0,315.6128,0.0,2026-07-26 21:33:48.497125
movement,574,979,none,moved,0,0,596.2268,0.0,2026-07-26 21:33:48.552294
movement,624,938,none,moved,0,0,1322.4436,0.0,2026-07-26 21:33:48.606135
movement,639,924,none,moved,0,0,150.3496,0.0,2026-07-26 21:33:48.661377
movement,635,960,none,moved,0,0,664.9473,0.0,2026-07-26 21:33:48.715917
movement,624,977,none,moved,0,0,70.0054,0.0,2026-07-26 21:33:48.771060
movement,626,974,none,moved,0,0,347.8377,0.0,2026-07-26 21:33:48.825717
movement,671,923,none,moved,0,0,1642.3179,0.0,2026-07-26 21:33:48.880395
movement,722,885,none,moved,0,0,648.2185,0.0,2026-07-26 21:33:48.935339
movement,739,890,none,moved,0,0,298.1556,0.0,2026-07-26 21:33:48.990140
click,739,890,left,pressed,0,0,0.0,0.0,2026-07-26 21:33:49.261823
click,739,890,left,released,0,0,0.0,0.0,2026-07-26 21:33:49.483086
idle,739,890,none,idle_start,0,0,0.0,0.0,2026-07-26 21:33:50.717902
idle,739,869,none,idle_end,0,0,0.0,1.5395,2026-07-26 21:33:52.257410
movement,739,869,none,moved,0,0,6.4274,0.0,2026-07-26 21:33:52.258068
movement,765,581,none,moved,0,0,3772.6054,0.0,2026-07-26 21:33:52.312111
movement,779,428,none,moved,0,0,1429.8439,0.0,2026-07-26 21:33:52.367058
movement,780,400,none,moved,0,0,142.1364,0.0,2026-07-26 21:33:52.421890
movement,771,396,none,moved,0,0,11.795,0.0,2026-07-26 21:33:53.207529
movement,641,317,none,moved,0,0,2530.2968,0.0,2026-07-26 21:33:53.262490
movement,545,259,none,moved,0,0,1513.0848,0.0,2026-07-26 21:33:53.317486
movement,519,247,none,moved,0,0,0.0,0.0,2026-07-26 21:33:53.372451
movement,522,246,none,moved,0,0,0.0,0.0,2026-07-26 21:33:53.427350
movement,517,234,none,moved,0,0,11.9223,0.0,2026-07-26 21:33:54.632756
movement,330,81,none,moved,0,0,4243.2037,0.0,2026-07-26 21:33:54.687748
movement,210,17,none,moved,0,0,1114.4158,0.0,2026-07-26 21:33:54.742458
movement,189,16,none,moved,0,0,73.0524,0.0,2026-07-26 21:33:54.797335
movement,189,17,none,moved,0,0,11.2123,0.0,2026-07-26 21:33:54.886475
movement,186,17,none,moved,0,0,75.2193,0.0,2026-07-26 21:33:54.941392
movement,173,25,none,moved,0,0,502.4012,0.0,2026-07-26 21:33:54.996595
movement,141,79,none,moved,0,0,1713.9041,0.0,2026-07-26 21:33:55.051376
movement,125,134,none,moved,0,0,615.5825,0.0,2026-07-26 21:33:55.106073
movement,126,154,none,moved,0,0,324.8839,0.0,2026-07-26 21:33:55.160978
movement,128,159,none,moved,0,0,68.9269,0.0,2026-07-26 21:33:55.215726
movement,130,164,none,moved,0,0,0.0,0.0,2026-07-26 21:33:55.270529
movement,136,181,none,moved,0,0,411.3495,0.0,2026-07-26 21:33:55.326212
movement,146,200,none,moved,0,0,342.8908,0.0,2026-07-26 21:33:55.380322
movement,156,215,none,moved,0,0,321.267,0.0,2026-07-26 21:33:55.435213
movement,165,232,none,moved,0,0,556.9943,0.0,2026-07-26 21:33:55.490833
movement,176,291,none,moved,0,0,51.2934,0.0,2026-07-26 21:33:55.817212
movement,161,371,none,moved,0,0,299.7859,0.0,2026-07-26 21:33:55.875175
movement,166,389,none,moved,0,0,283.9265,0.0,2026-07-26 21:33:55.927126
movement,169,395,none,moved,0,0,0.0,0.0,2026-07-26 21:33:55.988709
movement,169,396,none,moved,0,0,0.0,0.0,2026-07-26 21:33:56.070890
movement,167,396,none,moved,0,0,0.0,0.0,2026-07-26 21:33:56.132566
movement,149,389,none,moved,0,0,916.561,0.0,2026-07-26 21:33:56.187508
movement,100,364,none,moved,0,0,1037.0853,0.0,2026-07-26 21:33:56.242415
movement,60,342,none,moved,0,0,827.7768,0.0,2026-07-26 21:33:56.297208
movement,48,329,none,moved,0,0,148.1458,0.0,2026-07-26 21:33:56.351909
movement,47,326,none,moved,0,0,58.3044,0.0,2026-07-26 21:33:56.421103
movement,48,324,none,moved,0,0,29.3684,0.0,2026-07-26 21:33:56.489385
movement,49,324,none,moved,0,0,36.6513,0.0,2026-07-26 21:33:56.564716
movement,67,317,none,moved,0,0,636.2356,0.0,2026-07-26 21:33:56.619986
movement,107,314,none,moved,0,0,588.7982,0.0,2026-07-26 21:33:56.674239
movement,136,324,none,moved,0,0,644.4164,0.0,2026-07-26 21:33:56.729380
movement,167,347,none,moved,0,0,991.722,0.0,2026-07-26 21:33:56.784938
movement,259,366,none,moved,0,0,2366.9887,0.0,2026-07-26 21:33:56.838986
movement,466,344,none,moved,0,0,3256.2839,0.0,2026-07-26 21:33:56.893770
movement,579,319,none,moved,0,0,995.2687,0.0,2026-07-26 21:33:56.948467
movement,586,317,none,moved,0,0,31.4199,0.0,2026-07-26 21:33:57.017191
click,586,316,left,pressed,0,0,0.0,0.0,2026-07-26 21:33:57.268871
movement,593,316,none,moved,0,0,15.396,0.0,2026-07-26 21:33:57.478900
movement,716,345,none,moved,0,0,1944.5328,0.0,2026-07-26 21:33:57.533413
movement,820,389,none,moved,0,0,1561.6025,0.0,2026-07-26 21:33:57.588172
movement,856,405,none,moved,0,0,145.6963,0.0,2026-07-26 21:33:57.642978
movement,858,406,none,moved,0,0,0.0,0.0,2026-07-26 21:33:57.731914
movement,857,407,none,moved,0,0,16.2259,0.0,2026-07-26 21:33:57.827958
movement,856,407,none,moved,0,0,14.6203,0.0,2026-07-26 21:33:57.896352
movement,856,406,none,moved,0,0,146.2653,0.0,2026-07-26 21:33:57.951323
click,856,406,left,released,0,0,0.0,0.0,2026-07-26 21:33:57.958376
click,856,406,left,pressed,0,0,0.0,0.0,2026-07-26 21:33:58.413109
click,856,406,left,released,0,0,0.0,0.0,2026-07-26 21:33:58.630241
click,856,406,right,pressed,0,0,0.0,0.0,2026-07-26 21:33:59.186281
click,856,406,right,released,0,0,0.0,0.0,2026-07-26 21:33:59.253392
idle,856,406,none,idle_start,0,0,0.0,0.0,2026-07-26 21:33:59.734759
idle,844,405,none,idle_end,0,0,0.0,0.1352,2026-07-26 21:33:59.870005
movement,844,405,none,moved,0,0,6.276,0.0,2026-07-26 21:33:59.870266
movement,617,417,none,moved,0,0,4373.3585,0.0,2026-07-26 21:33:59.924773
movement,536,431,none,moved,0,0,148.3029,0.0,2026-07-26 21:33:59.979857
click,536,431,left,pressed,0,0,0.0,0.0,2026-07-26 21:34:00.168485
click,536,431,left,released,0,0,0.0,0.0,2026-07-26 21:34:00.386608
idle,536,431,none,idle_start,0,0,0.0,0.0,2026-07-26 21:34:01.737290
idle,525,430,none,idle_end,0,0,0.0,0.5999,2026-07-26 21:34:02.337159
movement,525,430,none,moved,0,0,4.6856,0.0,2026-07-26 21:34:02.337650
movement,196,468,none,moved,0,0,8425.0511,0.0,2026-07-26 21:34:02.391614
movement,-10,524,none,moved,0,0,1145.7239,0.0,2026-07-26 21:34:02.446170
movement,-2,518,none,moved,0,0,429.3044,0.0,2026-07-26 21:34:02.501107
movement,5,477,none,moved,0,0,663.4252,0.0,2026-07-26 21:34:02.556774
movement,22,430,none,moved,0,0,950.2815,0.0,2026-07-26 21:34:02.610610
movement,61,379,none,moved,0,0,1168.4047,0.0,2026-07-26 21:34:02.665796
movement,131,343,none,moved,0,0,1624.3226,0.0,2026-07-26 21:34:02.720255
movement,217,347,none,moved,0,0,1434.2941,0.0,2026-07-26 21:34:02.775354
movement,235,419,none,moved,0,0,1974.934,0.0,2026-07-26 21:34:02.830393
movement,170,553,none,moved,0,0,1856.196,0.0,2026-07-26 21:34:02.885226
movement,155,581,none,moved,0,0,205.1406,0.0,2026-07-26 21:34:02.940195
movement,154,580,none,moved,0,0,75.0739,0.0,2026-07-26 21:34:03.002939
movement,153,571,none,moved,0,0,2.2302,0.0,2026-07-26 21:34:04.053728
movement,140,538,none,moved,0,0,1028.3349,0.0,2026-07-26 21:34:04.108684
movement,144,488,none,moved,0,0,569.2209,0.0,2026-07-26 21:34:04.163617
movement,147,463,none,moved,0,0,440.609,0.0,2026-07-26 21:34:04.218343
movement,145,448,none,moved,0,0,206.9803,0.0,2026-07-26 21:34:04.273083
movement,138,445,none,moved,0,0,288.4666,0.0,2026-07-26 21:34:04.328002
movement,130,444,none,moved,0,0,0.0,0.0,2026-07-26 21:34:04.382805
movement,128,446,none,moved,0,0,0.0,0.0,2026-07-26 21:34:04.437612
movement,127,447,none,moved,0,0,0.0,0.0,2026-07-26 21:34:04.499438
movement,120,447,none,moved,0,0,293.185,0.0,2026-07-26 21:34:04.554296
movement,111,445,none,moved,0,0,0.0,0.0,2026-07-26 21:34:04.609034
movement,108,444,none,moved,0,0,28.9428,0.0,2026-07-26 21:34:04.677778
movement,104,442,none,moved,0,0,332.863,0.0,2026-07-26 21:34:04.732544
movement,91,436,none,moved,0,0,207.7269,0.0,2026-07-26 21:34:04.787432
movement,75,425,none,moved,0,0,144.2085,0.0,2026-07-26 21:34:04.842398
movement,72,421,none,moved,0,0,143.0575,0.0,2026-07-26 21:34:04.897190
click,72,420,left,pressed,0,0,0.0,0.0,2026-07-26 21:34:05.177142
click,72,420,left,released,0,0,0.0,0.0,2026-07-26 21:34:05.403212
movement,72,420,none,moved,0,0,0.0,0.0,2026-07-26 21:34:06.039827
movement,77,421,none,moved,0,0,0.0,0.0,2026-07-26 21:34:06.092560
movement,80,422,none,moved,0,0,47.3221,0.0,2026-07-26 21:34:06.161769
movement,84,424,none,moved,0,0,102.4764,0.0,2026-07-26 21:34:06.215778
movement,89,426,none,moved,0,0,0.0,0.0,2026-07-26 21:34:06.270693
movement,94,428,none,moved,0,0,68.1524,0.0,2026-07-26 21:34:06.332728
click,94,428,left,pressed,0,0,0.0,0.0,2026-07-26 21:34:06.574820
click,94,428,left,released,0,0,0.0,0.0,2026-07-26 21:34:06.802602
movement,95,429,none,moved,0,0,1.9177,0.0,2026-07-26 21:34:07.076984
movement,101,444,none,moved,0,0,283.9361,0.0,2026-07-26 21:34:07.131973
movement,102,450,none,moved,0,0,20.8833,0.0,2026-07-26 21:34:07.220936
movement,102,450,none,moved,0,0,0.0,0.0,2026-07-26 21:34:07.296359
click,102,450,left,pressed,0,0,0.0,0.0,2026-07-26 21:34:07.751616
click,102,450,left,released,0,0,0.0,0.0,2026-07-26 21:34:07.971065
click,102,450,left,pressed,0,0,0.0,0.0,2026-07-26 21:34:08.783987
click,102,450,left,released,0,0,0.0,0.0,2026-07-26 21:34:09.013885
idle,102,450,none,idle_start,0,0,0.0,0.0,2026-07-26 21:34:09.252375
idle,104,443,none,idle_end,0,0,0.0,0.2359,2026-07-26 21:34:09.488258
movement,104,443,none,moved,0,0,3.3214,0.0,2026-07-26 21:34:09.488958
movement,139,345,none,moved,0,0,1903.0417,0.0,2026-07-26 21:34:09.542786
movement,154,253,none,moved,0,0,1463.4186,0.0,2026-07-26 21:34:09.597050
movement,155,194,none,moved,0,0,741.2265,0.0,2026-07-26 21:34:09.651885
movement,154,179,none,moved,0,0,147.1686,0.0,2026-07-26 21:34:09.706626
movement,153,178,none,moved,0,0,0.0,0.0,2026-07-26 21:34:09.775254
movement,153,175,none,moved,0,0,147.7856,0.0,2026-07-26 21:34:09.830057
movement,153,164,none,moved,0,0,296.4068,0.0,2026-07-26 21:34:09.884999
movement,153,157,none,moved,0,0,0.0,0.0,2026-07-26 21:34:09.939842
movement,153,156,none,moved,0,0,0.0,0.0,2026-07-26 21:34:10.022196
movement,154,158,none,moved,0,0,51.9045,0.0,2026-07-26 21:34:10.090720
movement,156,161,none,moved,0,0,72.5985,0.0,2026-07-26 21:34:10.152636
movement,157,166,none,moved,0,0,72.5934,0.0,2026-07-26 21:34:10.207327
movement,160,175,none,moved,0,0,146.7463,0.0,2026-07-26 21:34:10.262344
movement,161,181,none,moved,0,0,145.6002,0.0,2026-07-26 21:34:10.317035
movement,161,183,none,moved,0,0,0.0,0.0,2026-07-26 21:34:10.509101
click,161,183,left,pressed,0,0,0.0,0.0,2026-07-26 21:34:10.843153
click,161,183,left,released,0,0,0.0,0.0,2026-07-26 21:34:11.059222
movement,176,181,none,moved,0,0,11.5663,0.0,2026-07-26 21:34:11.844804
movement,439,132,none,moved,0,0,7927.2868,0.0,2026-07-26 21:34:11.899850
movement,706,103,none,moved,0,0,3234.0427,0.0,2026-07-26 21:34:11.955574
movement,829,124,none,moved,0,0,1706.5759,0.0,2026-07-26 21:34:12.009451
movement,874,144,none,moved,0,0,416.4309,0.0,2026-07-26 21:34:12.064459
movement,877,150,none,moved,0,0,0.0,0.0,2026-07-26 21:34:12.119125
movement,842,178,none,moved,0,0,1342.6469,0.0,2026-07-26 21:34:12.174031
movement,764,238,none,moved,0,0,1903.3096,0.0,2026-07-26 21:34:12.228890
movement,711,284,none,moved,0,0,977.4621,0.0,2026-07-26 21:34:12.283815
idle,711,284,none,idle_start,0,0,0.0,0.0,2026-07-26 21:34:14.257223
idle,700,277,none,idle_end,0,0,0.0,6.536,2026-07-26 21:34:20.793251
movement,700,277,none,moved,0,0,1.5322,0.0,2026-07-26 21:34:20.794163
movement,574,203,none,moved,0,0,2094.3389,0.0,2026-07-26 21:34:20.848544
movement,491,164,none,moved,0,0,1489.8726,0.0,2026-07-26 21:34:20.903319
movement,450,145,none,moved,0,0,738.7168,0.0,2026-07-26 21:34:20.958015
movement,400,133,none,moved,0,0,1161.0094,0.0,2026-07-26 21:34:21.012493
movement,353,131,none,moved,0,0,738.6488,0.0,2026-07-26 21:34:21.067350
movement,328,124,none,moved,0,0,332.6741,0.0,2026-07-26 21:34:21.122150
movement,307,109,none,moved,0,0,681.1715,0.0,2026-07-26 21:34:21.177301
movement,284,81,none,moved,0,0,611.7617,0.0,2026-07-26 21:34:21.232054
movement,261,68,none,moved,0,0,73.958,0.0,2026-07-26 21:34:21.294158
movement,218,115,none,moved,0,0,2258.9466,0.0,2026-07-26 21:34:21.349151
movement,146,289,none,moved,0,0,3328.4623,0.0,2026-07-26 21:34:21.403890
movement,189,458,none,moved,0,0,6143.8565,0.0,2026-07-26 21:34:21.458313
movement,298,563,none,moved,0,0,23.4742,0.0,2026-07-26 21:34:22.424519
movement,521,600,none,moved,0,0,1774.6835,0.0,2026-07-26 21:34:22.479029
movement,519,596,none,moved,0,0,1199.7715,0.0,2026-07-26 21:34:22.533734
movement,414,524,none,moved,0,0,2439.2956,0.0,2026-07-26 21:34:22.588621
movement,347,431,none,moved,0,0,1742.0603,0.0,2026-07-26 21:34:22.643562
movement,324,390,none,moved,0,0,149.4283,0.0,2026-07-26 21:34:22.698497
movement,318,386,none,moved,0,0,27.4963,0.0,2026-07-26 21:34:23.002886
movement,230,325,none,moved,0,0,1579.7576,0.0,2026-07-26 21:34:23.057280
movement,192,297,none,moved,0,0,569.7249,0.0,2026-07-26 21:34:23.111703
movement,184,272,none,moved,0,0,586.7455,0.0,2026-07-26 21:34:23.166396
movement,182,266,none,moved,0,0,2.9142,0.0,2026-07-26 21:34:23.523382
movement,179,261,none,moved,0,0,0.0,0.0,2026-07-26 21:34:23.579439
movement,179,259,none,moved,0,0,18.26,0.0,2026-07-26 21:34:23.660858
movement,178,258,none,moved,0,0,35.723,0.0,2026-07-26 21:34:23.736579
movement,178,254,none,moved,0,0,24.1922,0.0,2026-07-26 21:34:23.825312
movement,178,250,none,moved,0,0,73.8655,0.0,2026-07-26 21:34:23.879805
movement,180,241,none,moved,0,0,142.0065,0.0,2026-07-26 21:34:23.934706
movement,181,238,none,moved,0,0,47.8977,0.0,2026-07-26 21:34:23.989754
movement,183,238,none,moved,0,0,18.2442,0.0,2026-07-26 21:34:24.064722
click,183,238,left,pressed,0,0,0.0,0.0,2026-07-26 21:34:24.341428
click,183,238,left,released,0,0,0.0,0.0,2026-07-26 21:34:24.557838
movement,192,239,none,moved,0,0,11.5349,0.0,2026-07-26 21:34:24.849770
movement,279,257,none,moved,0,0,1125.8718,0.0,2026-07-26 21:34:24.904426
movement,310,272,none,moved,0,0,449.9628,0.0,2026-07-26 21:34:24.959569
movement,318,281,none,moved,0,0,0.0,0.0,2026-07-26 21:34:25.013762
movement,323,284,none,moved,0,0,140.6163,0.0,2026-07-26 21:34:25.068833
movement,338,291,none,moved,0,0,650.8274,0.0,2026-07-26 21:34:25.123461
movement,387,303,none,moved,0,0,1091.6906,0.0,2026-07-26 21:34:25.178199
movement,499,338,none,moved,0,0,3227.7544,0.0,2026-07-26 21:34:25.233063
movement,664,439,none,moved,0,0,2514.8649,0.0,2026-07-26 21:34:25.287871
movement,750,500,none,moved,0,0,1636.3532,0.0,2026-07-26 21:34:25.342768
idle,794,522,none,idle_start,0,0,0.0,0.0,2026-07-26 21:34:27.286613
click,794,522,left,pressed,0,0,0.0,0.0,2026-07-26 21:34:32.159797
click,794,522,left,released,0,0,0.0,0.0,2026-07-26 21:34:32.381413
click,794,522,left,pressed,0,0,0.0,0.0,2026-07-26 21:34:34.087594
click,794,522,left,released,0,0,0.0,0.0,2026-07-26 21:34:34.309374
idle,790,535,none,idle_end,0,0,0.0,12.041,2026-07-26 21:34:39.327613
movement,790,535,none,moved,0,0,0.9756,0.0,2026-07-26 21:34:39.328967
movement,701,703,none,moved,0,0,2631.3929,0.0,2026-07-26 21:34:39.381973
movement,675,743,none,moved,0,0,170.521,0.0,2026-07-26 21:34:39.436546
movement,674,743,none,moved,0,0,47.813,0.0,2026-07-26 21:34:39.491881
movement,675,741,none,moved,0,0,0.0,0.0,2026-07-26 21:34:39.553107
movement,676,740,none,moved,0,0,72.7698,0.0,2026-07-26 21:34:39.607986
movement,677,746,none,moved,0,0,446.9316,0.0,2026-07-26 21:34:39.663028
movement,644,813,none,moved,0,0,2590.4273,0.0,2026-07-26 21:34:39.717811
movement,556,925,none,moved,0,0,3276.8106,0.0,2026-07-26 21:34:39.772624
movement,441,1065,none,moved,0,0,2248.4219,0.0,2026-07-26 21:34:39.829225
movement,388,1080,none,moved,0,0,146.2092,0.0,2026-07-26 21:34:39.882366
movement,385,1079,none,moved,0,0,24.1347,0.0,2026-07-26 21:34:39.944330
movement,387,1078,none,moved,0,0,16.1387,0.0,2026-07-26 21:34:40.040483
movement,398,998,none,moved,0,0,1910.8259,0.0,2026-07-26 21:34:40.095541
movement,425,917,none,moved,0,0,1166.1744,0.0,2026-07-26 21:34:40.149880
movement,444,895,none,moved,0,0,290.0625,0.0,2026-07-26 21:34:40.204798
movement,458,901,none,moved,0,0,459.0418,0.0,2026-07-26 21:34:40.259688
movement,492,915,none,moved,0,0,481.4357,0.0,2026-07-26 21:34:40.314483
movement,514,919,none,moved,0,0,149.2529,0.0,2026-07-26 21:34:40.369282
movement,515,922,none,moved,0,0,73.2476,0.0,2026-07-26 21:34:40.424365
movement,497,961,none,moved,0,0,1158.9006,0.0,2026-07-26 21:34:40.479557
movement,480,998,none,moved,0,0,270.4171,0.0,2026-07-26 21:34:40.534543
movement,480,999,none,moved,0,0,0.0,0.0,2026-07-26 21:34:40.589294
movement,482,989,none,moved,0,0,9.1513,0.0,2026-07-26 21:34:41.111695
movement,520,936,none,moved,0,0,601.9934,0.0,2026-07-26 21:34:41.165935
movement,525,931,none,moved,0,0,0.0,0.0,2026-07-26 21:34:41.248646
movement,525,934,none,moved,0,0,36.347,0.0,2026-07-26 21:34:41.324040
movement,527,937,none,moved,0,0,137.3291,0.0,2026-07-26 21:34:41.379654
movement,531,946,none,moved,0,0,111.6041,0.0,2026-07-26 21:34:41.435333
movement,539,955,none,moved,0,0,142.1798,0.0,2026-07-26 21:34:41.489140
movement,542,949,none,moved,0,0,7.1843,0.0,2026-07-26 21:34:42.493490
movement,567,817,none,moved,0,0,2453.2517,0.0,2026-07-26 21:34:42.546783
movement,530,651,none,moved,0,0,3096.4277,0.0,2026-07-26 21:34:42.601845
movement,466,549,none,moved,0,0,1014.1746,0.0,2026-07-26 21:34:42.656125
movement,461,541,none,moved,0,0,17.2152,0.0,2026-07-26 21:34:42.996752
movement,356,407,none,moved,0,0,4350.6284,0.0,2026-07-26 21:34:43.050518
movement,178,317,none,moved,0,0,2030.8228,0.0,2026-07-26 21:34:43.105373
movement,107,325,none,moved,0,0,320.7726,0.0,2026-07-26 21:34:43.159819
movement,108,324,none,moved,0,0,4.7025,0.0,2026-07-26 21:34:43.467459
movement,122,298,none,moved,0,0,497.5416,0.0,2026-07-26 21:34:43.522239
movement,129,281,none,moved,0,0,172.0881,0.0,2026-07-26 21:34:43.576200
movement,130,275,none,moved,0,0,46.9377,0.0,2026-07-26 21:34:43.638552
movement,130,273,none,moved,0,0,0.0,0.0,2026-07-26 21:34:43.693395
movement,134,265,none,moved,0,0,99.4877,0.0,2026-07-26 21:34:43.744971
movement,143,243,none,moved,0,0,353.7148,0.0,2026-07-26 21:34:43.795677
movement,147,229,none,moved,0,0,133.517,0.0,2026-07-26 21:34:43.850915
movement,147,224,none,moved,0,0,54.1291,0.0,2026-07-26 21:34:43.911813
movement,149,220,none,moved,0,0,0.0,0.0,2026-07-26 21:34:43.966923
movement,153,213,none,moved,0,0,212.3221,0.0,2026-07-26 21:34:44.022045
movement,158,209,none,moved,0,0,212.5427,0.0,2026-07-26 21:34:44.077036
movement,158,207,none,moved,0,0,6.9082,0.0,2026-07-26 21:34:44.366555
movement,169,176,none,moved,0,0,608.5638,0.0,2026-07-26 21:34:44.420500
movement,177,164,none,moved,0,0,24.0882,0.0,2026-07-26 21:34:44.509860
movement,177,163,none,moved,0,0,17.4261,0.0,2026-07-26 21:34:44.567240
click,177,163,left,pressed,0,0,0.0,0.0,2026-07-26 21:34:45.259629
click,177,163,left,released,0,0,0.0,0.0,2026-07-26 21:34:45.489866
movement,179,164,none,moved,0,0,1.4148,0.0,2026-07-26 21:34:46.147723
movement,207,209,none,moved,0,0,1095.134,0.0,2026-07-26 21:34:46.202627
movement,216,271,none,moved,0,0,1502.9142,0.0,2026-07-26 21:34:46.257222
movement,222,309,none,moved,0,0,332.2969,0.0,2026-07-26 21:34:46.312023
movement,223,311,none,moved,0,0,0.0,0.0,2026-07-26 21:34:46.366825
movement,223,299,none,moved,0,0,391.6738,0.0,2026-07-26 21:34:46.422548
movement,220,244,none,moved,0,0,860.9882,0.0,2026-07-26 21:34:46.476653
movement,216,187,none,moved,0,0,1021.7549,0.0,2026-07-26 21:34:46.531471
movement,214,156,none,moved,0,0,281.4402,0.0,2026-07-26 21:34:46.586529
movement,212,148,none,moved,0,0,141.1843,0.0,2026-07-26 21:34:46.641517
movement,212,148,none,moved,0,0,0.0,0.0,2026-07-26 21:34:46.724000
movement,212,148,none,moved,0,0,0.0,0.0,2026-07-26 21:34:46.799167
movement,212,148,none,moved,0,0,0.0,0.0,2026-07-26 21:34:47.005622
click,212,148,left,pressed,0,0,0.0,0.0,2026-07-26 21:34:47.215774
click,212,148,left,released,0,0,0.0,0.0,2026-07-26 21:34:47.433497
movement,212,156,none,moved,0,0,9.4248,0.0,2026-07-26 21:34:47.854447
movement,198,274,none,moved,0,0,2196.7048,0.0,2026-07-26 21:34:47.909011
movement,199,380,none,moved,0,0,1468.8725,0.0,2026-07-26 21:34:47.963732
movement,214,451,none,moved,0,0,44.2749,0.0,2026-07-26 21:34:48.299592
movement,347,625,none,moved,0,0,4762.2263,0.0,2026-07-26 21:34:48.354706
movement,455,807,none,moved,0,0,30.4307,0.0,2026-07-26 21:34:48.780392
movement,486,867,none,moved,0,0,1010.4581,0.0,2026-07-26 21:34:48.834745
click,491,876,left,pressed,0,0,0.0,0.0,2026-07-26 21:34:49.157243
click,491,876,left,released,0,0,0.0,0.0,2026-07-26 21:34:49.376881
movement,1051,479,none,moved,0,0,0.0,0.0,2026-07-26 21:36:55.596622
movement,994,318,none,moved,0,0,3811.3231,0.0,2026-07-26 21:36:55.651564
movement,866,190,none,moved,0,0,3748.7956,0.0,2026-07-26 21:36:55.706350
movement,667,203,none,moved,0,0,3087.1,0.0,2026-07-26 21:36:55.763716
movement,467,326,none,moved,0,0,2703.4964,0.0,2026-07-26 21:36:55.817261
movement,431,393,none,moved,0,0,995.6974,0.0,2026-07-26 21:36:55.870647
movement,468,428,none,moved,0,0,1312.301,0.0,2026-07-26 21:36:55.925738
movement,580,403,none,moved,0,0,2432.9949,0.0,2026-07-26 21:36:55.980935
movement,725,315,none,moved,0,0,3462.595,0.0,2026-07-26 21:36:56.035425
movement,790,241,none,moved,0,0,675.5807,0.0,2026-07-26 21:36:56.090272
movement,794,230,none,moved,0,0,0.0,0.0,2026-07-26 21:36:56.146034
movement,784,238,none,moved,0,0,520.7728,0.0,2026-07-26 21:36:56.202716
movement,731,300,none,moved,0,0,2722.5902,0.0,2026-07-26 21:36:56.254698
movement,720,327,none,moved,0,0,136.805,0.0,2026-07-26 21:36:56.305126
click,720,327,left,pressed,0,0,0.0,0.0,2026-07-26 21:36:56.583027
click,720,327,left,released,0,0,0.0,0.0,2026-07-26 21:36:56.810402
idle,720,327,none,idle_start,0,0,0.0,0.0,2026-07-26 21:36:57.844700
idle,728,340,none,idle_end,0,0,0.0,0.8021,2026-07-26 21:36:58.646827
movement,728,340,none,moved,0,0,6.5185,0.0,2026-07-26 21:36:58.648568
movement,900,595,none,moved,0,0,5922.8368,0.0,2026-07-26 21:36:58.700787
movement,999,765,none,moved,0,0,2199.7001,0.0,2026-07-26 21:36:58.755481
movement,1033,839,none,moved,0,0,712.301,0.0,2026-07-26 21:36:58.810499
movement,1043,871,none,moved,0,0,449.2934,0.0,2026-07-26 21:36:58.864794
movement,1054,904,none,moved,0,0,1005.3327,0.0,2026-07-26 21:36:58.919633
movement,1063,924,none,moved,0,0,206.9081,0.0,2026-07-26 21:36:58.974473
movement,1072,927,none,moved,0,0,603.404,0.0,2026-07-26 21:36:59.029464
movement,1142,937,none,moved,0,0,1413.2704,0.0,2026-07-26 21:36:59.085026
movement,1248,943,none,moved,0,0,2040.0548,0.0,2026-07-26 21:36:59.139051
movement,1363,949,none,moved,0,0,1966.138,0.0,2026-07-26 21:36:59.194505
movement,1430,967,none,moved,0,0,918.2107,0.0,2026-07-26 21:36:59.248909
movement,1452,985,none,moved,0,0,199.806,0.0,2026-07-26 21:36:59.303858
movement,1450,1013,none,moved,0,0,636.0846,0.0,2026-07-26 21:36:59.359024
movement,1427,1044,none,moved,0,0,890.7607,0.0,2026-07-26 21:36:59.413452
movement,1399,1047,none,moved,0,0,726.9158,0.0,2026-07-26 21:36:59.468726
movement,1377,1047,none,moved,0,0,283.9553,0.0,2026-07-26 21:36:59.523899
movement,1367,1047,none,moved,0,0,145.9345,0.0,2026-07-26 21:36:59.577855
movement,1360,1047,none,moved,0,0,75.52,0.0,2026-07-26 21:36:59.632993
movement,1363,1047,none,moved,0,0,6.305,0.0,2026-07-26 21:37:00.143148
movement,1403,1046,none,moved,0,0,431.7793,0.0,2026-07-26 21:37:00.198407
movement,1410,1048,none,moved,0,0,71.8744,0.0,2026-07-26 21:37:00.260540
movement,1414,1049,none,moved,0,0,103.2847,0.0,2026-07-26 21:37:00.315917
click,1415,1049,left,pressed,0,0,0.0,0.0,2026-07-26 21:37:00.607335
click,1415,1049,left,released,0,0,0.0,0.0,2026-07-26 21:37:00.836374
movement,1413,1043,none,moved,0,0,6.4149,0.0,2026-07-26 21:37:01.316090
movement,1335,955,none,moved,0,0,3163.7351,0.0,2026-07-26 21:37:01.370955
movement,1160,836,none,moved,0,0,6115.0658,0.0,2026-07-26 21:37:01.425910
movement,910,690,none,moved,0,0,4993.688,0.0,2026-07-26 21:37:01.476313
movement,777,618,none,moved,0,0,920.0884,0.0,2026-07-26 21:37:01.527143
scroll,726,601,none,scrolled_down,0,0,0.0,0.0,2026-07-26 21:37:01.878151
scroll,726,601,none,scrolled_down,0,0,0.0,0.0,2026-07-26 21:37:01.884454
scroll,726,601,none,scrolled_down,0,0,0.0,0.0,2026-07-26 21:37:01.903933
scroll,726,601,none,scrolled_down,0,0,0.0,0.0,2026-07-26 21:37:01.922768
scroll,726,601,none,scrolled_down,0,0,0.0,0.0,2026-07-26 21:37:01.928987
scroll,726,601,none,scrolled_down,0,0,0.0,0.0,2026-07-26 21:37:01.932798
scroll,726,601,none,scrolled_down,0,0,0.0,0.0,2026-07-26 21:37:01.949654
scroll,726,601,none,scrolled_down,0,0,0.0,0.0,2026-07-26 21:37:01.972353
scroll,726,601,none,scrolled_down,0,0,0.0,0.0,2026-07-26 21:37:02.002102
movement,714,599,none,moved,0,0,17.5624,0.0,2026-07-26 21:37:02.256165
movement,492,591,none,moved,0,0,4965.0274,0.0,2026-07-26 21:37:02.311273
movement,301,593,none,moved,0,0,2539.3519,0.0,2026-07-26 21:37:02.365970
movement,217,597,none,moved,0,0,965.3544,0.0,2026-07-26 21:37:02.420915
movement,196,597,none,moved,0,0,328.5785,0.0,2026-07-26 21:37:02.470984
movement,194,597,none,moved,0,0,24.693,0.0,2026-07-26 21:37:02.558230
movement,186,594,none,moved,0,0,99.2166,0.0,2026-07-26 21:37:02.629063
movement,137,580,none,moved,0,0,919.434,0.0,2026-07-26 21:37:02.686726
movement,95,563,none,moved,0,0,901.2709,0.0,2026-07-26 21:37:02.736726
movement,72,545,none,moved,0,0,128.4582,0.0,2026-07-26 21:37:02.804432
movement,45,520,none,moved,0,0,335.5545,0.0,2026-07-26 21:37:02.859750
movement,39,511,none,moved,0,0,0.0,0.0,2026-07-26 21:37:02.914793
movement,37,508,none,moved,0,0,0.0,0.0,2026-07-26 21:37:02.969696
movement,37,508,none,moved,0,0,0.0,0.0,2026-07-26 21:37:03.030207
click,38,508,left,pressed,0,0,0.0,0.0,2026-07-26 21:37:03.350028
click,38,508,left,released,0,0,0.0,0.0,2026-07-26 21:37:03.571958
movement,38,508,none,moved,0,0,0.0,0.0,2026-07-26 21:37:04.345022
movement,42,528,none,moved,0,0,286.5549,0.0,2026-07-26 21:37:04.399683
movement,44,532,none,moved,0,0,0.0,0.0,2026-07-26 21:37:04.482180
movement,45,533,none,moved,0,0,8.5858,0.0,2026-07-26 21:37:04.646893
movement,45,538,none,moved,0,0,147.8534,0.0,2026-07-26 21:37:04.701471
movement,49,553,none,moved,0,0,332.6387,0.0,2026-07-26 21:37:04.756156
movement,51,574,none,moved,0,0,435.154,0.0,2026-07-26 21:37:04.811102
movement,54,590,none,moved,0,0,143.9857,0.0,2026-07-26 21:37:04.865920
movement,54,599,none,moved,0,0,0.0,0.0,2026-07-26 21:37:04.920960
movement,55,606,none,moved,0,0,146.0463,0.0,2026-07-26 21:37:04.975670
movement,56,612,none,moved,0,0,0.0,0.0,2026-07-26 21:37:05.030542
movement,57,625,none,moved,0,0,140.109,0.0,2026-07-26 21:37:05.085536
movement,58,638,none,moved,0,0,284.5139,0.0,2026-07-26 21:37:05.140380
movement,58,645,none,moved,0,0,0.0,0.0,2026-07-26 21:37:05.194950
movement,58,648,none,moved,0,0,148.083,0.0,2026-07-26 21:37:05.249992
movement,58,650,none,moved,0,0,0.0,0.0,2026-07-26 21:37:05.304924
movement,58,656,none,moved,0,0,141.0988,0.0,2026-07-26 21:37:05.359670
movement,60,668,none,moved,0,0,289.6719,0.0,2026-07-26 21:37:05.414416
movement,62,672,none,moved,0,0,36.6475,0.0,2026-07-26 21:37:05.476434
movement,73,656,none,moved,0,0,771.6709,0.0,2026-07-26 21:37:05.532019
movement,116,569,none,moved,0,0,2310.0479,0.0,2026-07-26 21:37:05.587451
movement,147,493,none,moved,0,0,925.9995,0.0,2026-07-26 21:37:05.641440
movement,143,476,none,moved,0,0,150.598,0.0,2026-07-26 21:37:05.695618
movement,140,476,none,moved,0,0,158.7008,0.0,2026-07-26 21:37:05.750590
movement,116,507,none,moved,0,0,988.5784,0.0,2026-07-26 21:37:05.805924
movement,81,570,none,moved,0,0,1415.6602,0.0,2026-07-26 21:37:05.860814
movement,73,616,none,moved,0,0,555.6105,0.0,2026-07-26 21:37:05.915632
movement,82,657,none,moved,0,0,949.3293,0.0,2026-07-26 21:37:05.970133
movement,93,693,none,moved,0,0,669.5922,0.0,2026-07-26 21:37:06.025116
movement,99,709,none,moved,0,0,222.9186,0.0,2026-07-26 21:37:06.079590
movement,100,711,none,moved,0,0,48.3477,0.0,2026-07-26 21:37:06.134997
movement,100,712,none,moved,0,0,8.6065,0.0,2026-07-26 21:37:06.251190
movement,100,720,none,moved,0,0,143.8919,0.0,2026-07-26 21:37:06.306419
movement,100,736,none,moved,0,0,0.0,0.0,2026-07-26 21:37:06.361334
movement,101,739,none,moved,0,0,0.0,0.0,2026-07-26 21:37:06.436539
movement,112,713,none,moved,0,0,1506.0375,0.0,2026-07-26 21:37:06.491359
movement,180,599,none,moved,0,0,2986.7481,0.0,2026-07-26 21:37:06.546750
movement,248,522,none,moved,0,0,1468.5639,0.0,2026-07-26 21:37:06.601068
movement,312,533,none,moved,0,0,1881.2457,0.0,2026-07-26 21:37:06.655623
movement,390,601,none,moved,0,0,1920.0559,0.0,2026-07-26 21:37:06.710837
movement,440,658,none,moved,0,0,852.1528,0.0,2026-07-26 21:37:06.765559
click,464,660,left,pressed,0,0,0.0,0.0,2026-07-26 21:37:07.077199
click,464,660,left,released,0,0,0.0,0.0,2026-07-26 21:37:07.254030
movement,451,654,none,moved,0,0,26.0757,0.0,2026-07-26 21:37:07.349121
movement,288,579,none,moved,0,0,2492.6609,0.0,2026-07-26 21:37:07.403862
movement,145,512,none,moved,0,0,2612.9198,0.0,2026-07-26 21:37:07.458638
movement,89,467,none,moved,0,0,528.9534,0.0,2026-07-26 21:37:07.513870
movement,84,460,none,moved,0,0,0.0,0.0,2026-07-26 21:37:07.609715
movement,86,461,none,moved,0,0,69.0923,0.0,2026-07-26 21:37:07.671389
movement,107,452,none,moved,0,0,1167.5434,0.0,2026-07-26 21:37:07.726293
movement,261,407,none,moved,0,0,4545.735,0.0,2026-07-26 21:37:07.781103
movement,461,367,none,moved,0,0,2124.1686,0.0,2026-07-26 21:37:07.836156
movement,521,354,none,moved,0,0,0.0,0.0,2026-07-26 21:37:07.890653
movement,522,354,none,moved,0,0,145.7165,0.0,2026-07-26 21:37:07.945611
movement,519,356,none,moved,0,0,71.9817,0.0,2026-07-26 21:37:08.007645
movement,515,358,none,moved,0,0,0.0,0.0,2026-07-26 21:37:08.062554
movement,513,358,none,moved,0,0,0.0,0.0,2026-07-26 21:37:08.172285
movement,515,357,none,moved,0,0,102.8638,0.0,2026-07-26 21:37:08.233694
movement,542,342,none,moved,0,0,1414.3563,0.0,2026-07-26 21:37:08.288667
movement,591,319,none,moved,0,0,1264.3293,0.0,2026-07-26 21:37:08.343475
movement,656,302,none,moved,0,0,323.6842,0.0,2026-07-26 21:37:08.398446
movement,663,301,none,moved,0,0,0.0,0.0,2026-07-26 21:37:08.488494
movement,661,301,none,moved,0,0,29.8276,0.0,2026-07-26 21:37:08.556183
movement,655,302,none,moved,0,0,16.4193,0.0,2026-07-26 21:37:08.926649
movement,608,316,none,moved,0,0,601.7872,0.0,2026-07-26 21:37:08.981324
movement,598,319,none,moved,0,0,0.0,0.0,2026-07-26 21:37:09.036255
movement,597,320,none,moved,0,0,0.0,0.0,2026-07-26 21:37:09.118608
click,598,320,left,pressed,0,0,0.0,0.0,2026-07-26 21:37:09.429249
click,598,320,left,released,0,0,0.0,0.0,2026-07-26 21:37:09.650734
movement,599,323,none,moved,0,0,5.021,0.0,2026-07-26 21:37:09.768935
movement,601,327,none,moved,0,0,64.1916,0.0,2026-07-26 21:37:09.838601
movement,618,384,none,moved,0,0,287.0157,0.0,2026-07-26 21:37:09.892224
movement,618,385,none,moved,0,0,18.1116,0.0,2026-07-26 21:37:09.947439
movement,619,386,none,moved,0,0,0.0,0.0,2026-07-26 21:37:10.002198
movement,619,385,none,moved,0,0,8.1111,0.0,2026-07-26 21:37:10.166681
click,619,385,left,pressed,0,0,0.0,0.0,2026-07-26 21:37:10.473475
click,619,385,left,released,0,0,0.0,0.0,2026-07-26 21:37:10.705282
movement,621,380,none,moved,0,0,7.776,0.0,2026-07-26 21:37:10.859222
movement,664,309,none,moved,0,0,1420.5854,0.0,2026-07-26 21:37:10.913954
movement,719,238,none,moved,0,0,1642.6358,0.0,2026-07-26 21:37:10.968733
movement,746,186,none,moved,0,0,791.8601,0.0,2026-07-26 21:37:11.023556
movement,750,148,none,moved,0,0,572.2692,0.0,2026-07-26 21:37:11.078834
movement,743,130,none,moved,0,0,571.2863,0.0,2026-07-26 21:37:11.133323
movement,738,121,none,moved,0,0,130.4661,0.0,2026-07-26 21:37:11.185480
movement,735,117,none,moved,0,0,29.113,0.0,2026-07-26 21:37:11.256999
movement,736,117,none,moved,0,0,48.6477,0.0,2026-07-26 21:37:11.318531
movement,738,119,none,moved,0,0,222.0757,0.0,2026-07-26 21:37:11.373264
movement,741,125,none,moved,0,0,342.1153,0.0,2026-07-26 21:37:11.428250
movement,742,130,none,moved,0,0,146.0717,0.0,2026-07-26 21:37:11.483130
movement,743,132,none,moved,0,0,20.9773,0.0,2026-07-26 21:37:11.558454
movement,743,133,none,moved,0,0,72.4818,0.0,2026-07-26 21:37:11.620304
movement,744,157,none,moved,0,0,735.9461,0.0,2026-07-26 21:37:11.675185
movement,744,201,none,moved,0,0,294.2855,0.0,2026-07-26 21:37:11.730212
movement,744,223,none,moved,0,0,431.9275,0.0,2026-07-26 21:37:11.784875
movement,743,246,none,moved,0,0,291.5951,0.0,2026-07-26 21:37:11.839685
movement,743,265,none,moved,0,0,188.3923,0.0,2026-07-26 21:37:11.903863
movement,744,269,none,moved,0,0,29.0034,0.0,2026-07-26 21:37:11.970186
movement,744,268,none,moved,0,0,28.7713,0.0,2026-07-26 21:37:12.039214
movement,744,267,none,moved,0,0,0.0,0.0,2026-07-26 21:37:12.169140
movement,742,267,none,moved,0,0,134.5406,0.0,2026-07-26 21:37:12.224444
movement,698,286,none,moved,0,0,1840.4317,0.0,2026-07-26 21:37:12.278800
movement,607,325,none,moved,0,0,1341.2047,0.0,2026-07-26 21:37:12.333898
movement,576,337,none,moved,0,0,271.4408,0.0,2026-07-26 21:37:12.388706
movement,576,333,none,moved,0,0,341.2067,0.0,2026-07-26 21:37:12.443173
movement,592,302,none,moved,0,0,651.1663,0.0,2026-07-26 21:37:12.498174
movement,597,280,none,moved,0,0,296.4801,0.0,2026-07-26 21:37:12.553091
movement,586,272,none,moved,0,0,329.8544,0.0,2026-07-26 21:37:12.607783
movement,568,267,none,moved,0,0,458.1222,0.0,2026-07-26 21:37:12.662540
movement,548,269,none,moved,0,0,468.8922,0.0,2026-07-26 21:37:12.717531
movement,533,273,none,moved,0,0,140.2283,0.0,2026-07-26 21:37:12.781311
movement,518,278,none,moved,0,0,314.4171,0.0,2026-07-26 21:37:12.834598
movement,490,289,none,moved,0,0,610.3771,0.0,2026-07-26 21:37:12.889316
movement,471,298,none,moved,0,0,327.619,0.0,2026-07-26 21:37:12.944003
movement,455,306,none,moved,0,0,204.9351,0.0,2026-07-26 21:37:12.998495
movement,450,310,none,moved,0,0,49.1315,0.0,2026-07-26 21:37:13.060297
movement,449,310,none,moved,0,0,11.1756,0.0,2026-07-26 21:37:13.149780
click,449,310,left,pressed,0,0,0.0,0.0,2026-07-26 21:37:13.429992
click,449,310,left,released,0,0,0.0,0.0,2026-07-26 21:37:13.650215
movement,449,314,none,moved,0,0,5.6672,0.0,2026-07-26 21:37:13.855587
movement,441,356,none,moved,0,0,1020.796,0.0,2026-07-26 21:37:13.910743
movement,434,385,none,moved,0,0,192.231,0.0,2026-07-26 21:37:13.975147
movement,428,397,none,moved,0,0,0.0,0.0,2026-07-26 21:37:14.034090
movement,428,399,none,moved,0,0,0.0,0.0,2026-07-26 21:37:14.157466
click,428,399,left,pressed,0,0,0.0,0.0,2026-07-26 21:37:14.388912
click,428,399,left,released,0,0,0.0,0.0,2026-07-26 21:37:14.614291
movement,419,397,none,moved,0,0,16.0527,0.0,2026-07-26 21:37:14.731797
movement,334,376,none,moved,0,0,0.0,0.0,2026-07-26 21:37:14.787505
movement,173,333,none,moved,0,0,644.787,0.0,2026-07-26 21:37:14.841157
movement,162,331,none,moved,0,0,0.0,0.0,2026-07-26 21:37:14.930353
movement,162,333,none,moved,0,0,24.2882,0.0,2026-07-26 21:37:14.999124
movement,158,333,none,moved,0,0,147.4531,0.0,2026-07-26 21:37:15.053907
movement,152,333,none,moved,0,0,48.6279,0.0,2026-07-26 21:37:15.122569
click,151,331,left,pressed,0,0,0.0,0.0,2026-07-26 21:37:15.424188
click,151,331,left,released,0,0,0.0,0.0,2026-07-26 21:37:15.654234
movement,151,333,none,moved,0,0,2.9306,0.0,2026-07-26 21:37:15.852847
movement,154,364,none,moved,0,0,579.9045,0.0,2026-07-26 21:37:15.908170
movement,155,384,none,moved,0,0,276.6874,0.0,2026-07-26 21:37:15.963016
movement,157,393,none,moved,0,0,79.4135,0.0,2026-07-26 21:37:16.017430
click,157,393,left,pressed,0,0,0.0,0.0,2026-07-26 21:37:16.259951
click,157,393,left,released,0,0,0.0,0.0,2026-07-26 21:37:16.442382
movement,153,389,none,moved,0,0,10.876,0.0,2026-07-26 21:37:16.537556
movement,102,332,none,moved,0,0,1018.9957,0.0,2026-07-26 21:37:16.592542
movement,85,313,none,moved,0,0,403.8427,0.0,2026-07-26 21:37:16.647908
movement,76,301,none,moved,0,0,304.2974,0.0,2026-07-26 21:37:16.702623
movement,71,297,none,moved,0,0,36.5899,0.0,2026-07-26 21:37:16.770835
movement,69,293,none,moved,0,0,67.3109,0.0,2026-07-26 21:37:16.839814
movement,66,293,none,moved,0,0,86.9754,0.0,2026-07-26 21:37:16.901239
movement,54,291,none,moved,0,0,407.3063,0.0,2026-07-26 21:37:16.956690
movement,33,290,none,moved,0,0,296.9734,0.0,2026-07-26 21:37:17.010644
movement,24,288,none,moved,0,0,36.8756,0.0,2026-07-26 21:37:17.086115
click,24,288,left,pressed,0,0,0.0,0.0,2026-07-26 21:37:17.384468
click,24,288,left,released,0,0,0.0,0.0,2026-07-26 21:37:17.610416
movement,24,291,none,moved,0,0,4.4171,0.0,2026-07-26 21:37:17.792947
movement,29,320,none,moved,0,0,589.2325,0.0,2026-07-26 21:37:17.847834
movement,33,339,none,moved,0,0,306.0642,0.0,2026-07-26 21:37:17.902231
movement,34,348,none,moved,0,0,80.3768,0.0,2026-07-26 21:37:17.962888
click,35,349,left,pressed,0,0,0.0,0.0,2026-07-26 21:37:18.235658
click,35,349,left,released,0,0,0.0,0.0,2026-07-26 21:37:18.465854
movement,43,343,none,moved,0,0,17.87,0.0,2026-07-26 21:37:18.571648
movement,185,271,none,moved,0,0,2944.341,0.0,2026-07-26 21:37:18.626494
movement,320,232,none,moved,0,0,2839.0122,0.0,2026-07-26 21:37:18.681391
movement,420,226,none,moved,0,0,1846.4596,0.0,2026-07-26 21:37:18.736245
movement,509,230,none,moved,0,0,1525.9279,0.0,2026-07-26 21:37:18.790774
movement,570,236,none,moved,0,0,1118.2681,0.0,2026-07-26 21:37:18.845706
movement,601,241,none,moved,0,0,473.8845,0.0,2026-07-26 21:37:18.900375
movement,626,241,none,moved,0,0,445.4601,0.0,2026-07-26 21:37:18.955552
movement,634,237,none,moved,0,0,34.4254,0.0,2026-07-26 21:37:19.044806
movement,666,240,none,moved,0,0,832.6704,0.0,2026-07-26 21:37:19.099320
movement,716,251,none,moved,0,0,781.3144,0.0,2026-07-26 21:37:19.154422
movement,741,263,none,moved,0,0,335.0391,0.0,2026-07-26 21:37:19.209152
movement,743,268,none,moved,0,0,36.6468,0.0,2026-07-26 21:37:19.271086
movement,742,269,none,moved,0,0,34.4973,0.0,2026-07-26 21:37:19.339679
movement,742,270,none,moved,0,0,0.0,0.0,2026-07-26 21:37:19.470035
movement,742,272,none,moved,0,0,29.8101,0.0,2026-07-26 21:37:19.537415
movement,742,274,none,moved,0,0,48.0618,0.0,2026-07-26 21:37:19.593566
movement,740,278,none,moved,0,0,75.3572,0.0,2026-07-26 21:37:19.654858
movement,739,279,none,moved,0,0,0.0,0.0,2026-07-26 21:37:19.716599
click,739,279,left,pressed,0,0,0.0,0.0,2026-07-26 21:37:19.964804
click,739,279,left,released,0,0,0.0,0.0,2026-07-26 21:37:20.190979
movement,739,284,none,moved,0,0,8.6036,0.0,2026-07-26 21:37:20.297746
movement,744,336,none,moved,0,0,592.8973,0.0,2026-07-26 21:37:20.352408
movement,746,350,none,moved,0,0,0.0,0.0,2026-07-26 21:37:20.402664
movement,747,352,none,moved,0,0,0.0,0.0,2026-07-26 21:37:20.503627
click,747,351,left,pressed,0,0,0.0,0.0,2026-07-26 21:37:20.738076
click,747,351,left,released,0,0,0.0,0.0,2026-07-26 21:37:20.955362
movement,746,343,none,moved,0,0,11.5856,0.0,2026-07-26 21:37:21.206501
movement,730,234,none,moved,0,0,1796.2166,0.0,2026-07-26 21:37:21.261709
movement,730,182,none,moved,0,0,440.8869,0.0,2026-07-26 21:37:21.316135
movement,731,178,none,moved,0,0,24.1777,0.0,2026-07-26 21:37:21.398552
movement,730,165,none,moved,0,0,410.6695,0.0,2026-07-26 21:37:21.453701
movement,734,139,none,moved,0,0,431.72,0.0,2026-07-26 21:37:21.508078
movement,729,140,none,moved,0,0,38.7356,0.0,2026-07-26 21:37:21.830492
movement,570,321,none,moved,0,0,5844.0064,0.0,2026-07-26 21:37:21.885359
movement,456,419,none,moved,0,0,1742.9108,0.0,2026-07-26 21:37:21.940304
movement,438,428,none,moved,0,0,0.0,0.0,2026-07-26 21:37:22.002253
scroll,440,428,none,scrolled_down,0,0,0.0,0.0,2026-07-26 21:37:22.354834
scroll,440,428,none,scrolled_down,0,0,0.0,0.0,2026-07-26 21:37:22.361409
scroll,440,428,none,scrolled_down,0,0,0.0,0.0,2026-07-26 21:37:22.373700
scroll,440,428,none,scrolled_down,0,0,0.0,0.0,2026-07-26 21:37:22.375292
scroll,440,428,none,scrolled_down,0,0,0.0,0.0,2026-07-26 21:37:22.382190
scroll,440,428,none,scrolled_down,0,0,0.0,0.0,2026-07-26 21:37:22.389051
scroll,440,428,none,scrolled_down,0,0,0.0,0.0,2026-07-26 21:37:22.397496
scroll,440,428,none,scrolled_down,0,0,0.0,0.0,2026-07-26 21:37:22.416199
scroll,440,428,none,scrolled_down,0,0,0.0,0.0,2026-07-26 21:37:22.427541
scroll,440,428,none,scrolled_down,0,0,0.0,0.0,2026-07-26 21:37:22.434789
scroll,440,428,none,scrolled_down,0,0,0.0,0.0,2026-07-26 21:37:22.445991
scroll,440,428,none,scrolled_down,0,0,0.0,0.0,2026-07-26 21:37:22.450324
scroll,440,428,none,scrolled_down,0,0,0.0,0.0,2026-07-26 21:37:22.461987
scroll,440,428,none,scrolled_down,0,0,0.0,0.0,2026-07-26 21:37:22.476061
scroll,440,428,none,scrolled_down,0,0,0.0,0.0,2026-07-26 21:37:22.483770
scroll,440,428,none,scrolled_down,0,0,0.0,0.0,2026-07-26 21:37:22.485666
scroll,440,428,none,scrolled_down,0,0,0.0,0.0,2026-07-26 21:37:22.506235
scroll,440,428,none,scrolled_down,0,0,0.0,0.0,2026-07-26 21:37:22.512449
scroll,440,428,none,scrolled_down,0,0,0.0,0.0,2026-07-26 21:37:22.514129
scroll,440,428,none,scrolled_down,0,0,0.0,0.0,2026-07-26 21:37:22.519182
scroll,440,428,none,scrolled_down,0,0,0.0,0.0,2026-07-26 21:37:22.535942
scroll,440,428,none,scrolled_down,0,0,0.0,0.0,2026-07-26 21:37:22.543102
scroll,440,428,none,scrolled_down,0,0,0.0,0.0,2026-07-26 21:37:22.549313
scroll,440,428,none,scrolled_down,0,0,0.0,0.0,2026-07-26 21:37:22.554305
scroll,440,428,none,scrolled_down,0,0,0.0,0.0,2026-07-26 21:37:22.568903
scroll,440,428,none,scrolled_down,0,0,0.0,0.0,2026-07-26 21:37:22.581227
scroll,440,428,none,scrolled_down,0,0,0.0,0.0,2026-07-26 21:37:22.602797
scroll,440,428,none,scrolled_down,0,-1,0.0,0.0,2026-07-26 21:37:23.044158
scroll,440,428,none,scrolled_down,0,-1,0.0,0.0,2026-07-26 21:37:23.054799
scroll,440,428,none,scrolled_down,0,-1,0.0,0.0,2026-07-26 21:37:23.107790
scroll,440,428,none,scrolled_down,0,-3,0.0,0.0,2026-07-26 21:37:23.112208
scroll,440,428,none,scrolled_down,0,-1,0.0,0.0,2026-07-26 21:37:23.160683
scroll,440,428,none,scrolled_down,0,-1,0.0,0.0,2026-07-26 21:37:23.169684
scroll,440,428,none,scrolled_down,0,-1,0.0,0.0,2026-07-26 21:37:23.187026
scroll,440,428,none,scrolled_down,0,-1,0.0,0.0,2026-07-26 21:37:23.217959
idle,440,428,none,idle_start,0,0,0.0,0.0,2026-07-26 21:37:23.981473
click,440,428,right,pressed,0,0,0.0,0.0,2026-07-26 21:37:24.078789
click,440,428,right,released,0,0,0.0,0.0,2026-07-26 21:37:24.127783
idle,431,431,none,idle_end,0,0,0.0,0.8769,2026-07-26 21:37:24.858351
movement,431,431,none,moved,0,0,3.3455,0.0,2026-07-26 21:37:24.858625
movement,354,488,none,moved,0,0,1455.042,0.0,2026-07-26 21:37:24.913077
movement,338,510,none,moved,0,0,155.1148,0.0,2026-07-26 21:37:24.968200
click,339,511,left,pressed,0,0,0.0,0.0,2026-07-26 21:37:25.240621
click,339,511,left,released,0,0,0.0,0.0,2026-07-26 21:37:25.464869
movement,355,514,none,moved,0,0,25.6103,0.0,2026-07-26 21:37:25.638203
movement,751,635,none,moved,0,0,8677.9086,0.0,2026-07-26 21:37:25.693253
movement,1081,817,none,moved,0,0,5530.4625,0.0,2026-07-26 21:37:25.747857
movement,1255,965,none,moved,0,0,3956.649,0.0,2026-07-26 21:37:25.802613
movement,1324,1066,none,moved,0,0,829.2233,0.0,2026-07-26 21:37:25.857418
movement,1335,1075,none,moved,0,0,42.1428,0.0,2026-07-26 21:37:26.129007
movement,1424,1087,none,moved,0,0,1908.9658,0.0,2026-07-26 21:37:26.184111
movement,1470,1079,none,moved,0,0,197.1371,0.0,2026-07-26 21:37:26.250374
movement,1476,1078,none,moved,0,0,29.2339,0.0,2026-07-26 21:37:26.313936
movement,1476,1073,none,moved,0,0,148.0621,0.0,2026-07-26 21:37:26.375770
movement,1478,1059,none,moved,0,0,282.6731,0.0,2026-07-26 21:37:26.430749
movement,1479,1055,none,moved,0,0,140.4986,0.0,2026-07-26 21:37:26.485781
movement,1476,1040,none,moved,0,0,457.7427,0.0,2026-07-26 21:37:26.540587
movement,1456,1022,none,moved,0,0,465.7964,0.0,2026-07-26 21:37:26.595201
movement,1440,1016,none,moved,0,0,147.8013,0.0,2026-07-26 21:37:26.649973
movement,1439,1017,none,moved,0,0,49.1056,0.0,2026-07-26 21:37:26.704652
movement,1429,1034,none,moved,0,0,1042.2314,0.0,2026-07-26 21:37:26.759707
movement,1392,1084,none,moved,0,0,780.3765,0.0,2026-07-26 21:37:26.814987
movement,1375,1079,none,moved,0,0,328.8943,0.0,2026-07-26 21:37:26.869358
movement,1362,1079,none,moved,0,0,0.0,0.0,2026-07-26 21:37:26.931267
movement,1360,1078,none,moved,0,0,34.4532,0.0,2026-07-26 21:37:27.020359
movement,1359,1076,none,moved,0,0,167.7353,0.0,2026-07-26 21:37:27.075204
movement,1349,1062,none,moved,0,0,610.3558,0.0,2026-07-26 21:37:27.130093
movement,1330,1036,none,moved,0,0,429.9381,0.0,2026-07-26 21:37:27.184657
movement,1321,1028,none,moved,0,0,41.0315,0.0,2026-07-26 21:37:27.267161
movement,1321,1028,none,moved,0,0,0.0,0.0,2026-07-26 21:37:27.346387
movement,1321,1029,none,moved,0,0,15.4394,0.0,2026-07-26 21:37:27.411154
movement,1321,1030,none,moved,0,0,9.1063,0.0,2026-07-26 21:37:27.520974
movement,1318,1033,none,moved,0,0,164.0707,0.0,2026-07-26 21:37:27.576001
movement,1308,1044,none,moved,0,0,321.7299,0.0,2026-07-26 21:37:27.630941
movement,1302,1048,none,moved,0,0,0.0,0.0,2026-07-26 21:37:27.688760
click,1300,1051,left,pressed,0,0,0.0,0.0,2026-07-26 21:37:28.002927
click,1300,1051,left,released,0,0,0.0,0.0,2026-07-26 21:37:28.229729
idle,1300,1051,none,idle_start,0,0,0.0,0.0,2026-07-26 21:37:29.486254
idle,1291,1043,none,idle_end,0,0,0.0,0.0866,2026-07-26 21:37:29.572839
movement,1291,1043,none,moved,0,0,6.4048,0.0,2026-07-26 21:37:29.573277
movement,1076,874,none,moved,0,0,5400.6573,0.0,2026-07-26 21:37:29.627039
movement,844,788,none,moved,0,0,2850.9647,0.0,2026-07-26 21:37:29.680909
movement,789,786,none,moved,0,0,0.0,0.0,2026-07-26 21:37:29.735878
movement,784,800,none,moved,0,0,146.0565,0.0,2026-07-26 21:37:29.790596
movement,786,807,none,moved,0,0,36.6251,0.0,2026-07-26 21:37:29.859178
movement,784,807,none,moved,0,0,74.4238,0.0,2026-07-26 21:37:29.921098
movement,746,804,none,moved,0,0,1420.1612,0.0,2026-07-26 21:37:29.976000
movement,638,840,none,moved,0,0,2013.0289,0.0,2026-07-26 21:37:30.030765
movement,582,884,none,moved,0,0,666.2226,0.0,2026-07-26 21:37:30.085867
movement,581,904,none,moved,0,0,309.9286,0.0,2026-07-26 21:37:30.141002
movement,589,910,none,moved,0,0,193.4273,0.0,2026-07-26 21:37:30.195956
movement,605,917,none,moved,0,0,334.3106,0.0,2026-07-26 21:37:30.250384
click,616,923,left,pressed,0,0,0.0,0.0,2026-07-26 21:37:30.543345
click,616,923,left,released,0,0,0.0,0.0,2026-07-26 21:37:30.762897
idle,616,923,none,idle_start,0,0,0.0,0.0,2026-07-26 21:37:31.988326
movement,1550,841,none,moved,0,0,0.0,0.0,2026-07-26 21:40:38.057335
movement,1587,494,none,moved,0,0,3576.1553,0.0,2026-07-26 21:40:38.111640
movement,1581,423,none,moved,0,0,461.3891,0.0,2026-07-26 21:40:38.166336
movement,1556,414,none,moved,0,0,853.1655,0.0,2026-07-26 21:40:38.221623
movement,1515,434,none,moved,0,0,671.8196,0.0,2026-07-26 21:40:38.276560
movement,1485,454,none,moved,0,0,904.557,0.0,2026-07-26 21:40:38.331336
movement,1466,471,none,moved,0,0,0.0,0.0,2026-07-26 21:40:38.385515
movement,1463,472,none,moved,0,0,0.0,0.0,2026-07-26 21:40:38.440382
movement,1428,476,none,moved,0,0,1811.0335,0.0,2026-07-26 21:40:38.495234
movement,1270,546,none,moved,0,0,2814.0577,0.0,2026-07-26 21:40:38.550241
movement,1100,633,none,moved,0,0,2267.9447,0.0,2026-07-26 21:40:38.605192
movement,1023,649,none,moved,0,0,705.4637,0.0,2026-07-26 21:40:38.660586
movement,999,606,none,moved,0,0,1263.1714,0.0,2026-07-26 21:40:38.715739
movement,1015,507,none,moved,0,0,2158.4122,0.0,2026-07-26 21:40:38.769863
movement,1035,411,none,moved,0,0,1155.0098,0.0,2026-07-26 21:40:38.824585
movement,1038,387,none,moved,0,0,126.72,0.0,2026-07-26 21:40:38.880482
movement,1036,392,none,moved,0,0,365.9714,0.0,2026-07-26 21:40:38.934232
click,1032,400,left,pressed,0,0,0.0,0.0,2026-07-26 21:40:39.274930
click,1032,400,left,released,0,0,0.0,0.0,2026-07-26 21:40:39.491332
idle,1032,400,none,idle_start,0,0,0.0,0.0,2026-07-26 21:40:40.854063
idle,1039,400,none,idle_end,0,0,0.0,3.6988,2026-07-26 21:40:44.552852
movement,1039,400,none,moved,0,0,1.2489,0.0,2026-07-26 21:40:44.553322
movement,1121,415,none,moved,0,0,1622.1456,0.0,2026-07-26 21:40:44.607633
movement,1165,429,none,moved,0,0,322.8263,0.0,2026-07-26 21:40:44.662911
movement,1176,443,none,moved,0,0,414.6755,0.0,2026-07-26 21:40:44.718456
movement,1154,501,none,moved,0,0,37.3863,0.0,2026-07-26 21:40:45.169656
movement,1200,744,none,moved,0,0,6098.3307,0.0,2026-07-26 21:40:45.224552
movement,1247,963,none,moved,0,0,1824.9249,0.0,2026-07-26 21:40:45.279536
movement,1261,1003,none,moved,0,0,198.2103,0.0,2026-07-26 21:40:45.334505
movement,1262,1003,none,moved,0,0,0.0,0.0,2026-07-26 21:40:45.389064
movement,1258,1003,none,moved,0,0,36.3159,0.0,2026-07-26 21:40:45.443985
movement,1252,998,none,moved,0,0,34.4778,0.0,2026-07-26 21:40:45.670525
movement,1149,912,none,moved,0,0,3078.1438,0.0,2026-07-26 21:40:45.725195
movement,1044,745,none,moved,0,0,2698.4037,0.0,2026-07-26 21:40:45.780233
movement,997,599,none,moved,0,0,2106.6067,0.0,2026-07-26 21:40:45.835256
movement,984,486,none,moved,0,0,1812.5936,0.0,2026-07-26 21:40:45.889550
movement,995,421,none,moved,0,0,435.5154,0.0,2026-07-26 21:40:45.944485
click,1000,414,right,pressed,0,0,0.0,0.0,2026-07-26 21:40:46.367143
click,1000,414,right,released,0,0,0.0,0.0,2026-07-26 21:40:46.432855
movement,1012,418,none,moved,0,0,12.8865,0.0,2026-07-26 21:40:46.974348
movement,1181,500,none,moved,0,0,3385.2564,0.0,2026-07-26 21:40:47.028898
movement,1306,571,none,moved,0,0,2297.8746,0.0,2026-07-26 21:40:47.083984
movement,1399,630,none,moved,0,0,1835.0668,0.0,2026-07-26 21:40:47.138371
movement,1459,659,none,moved,0,0,662.5048,0.0,2026-07-26 21:40:47.193108
movement,1476,662,none,moved,0,0,436.1797,0.0,2026-07-26 21:40:47.248162
movement,1515,663,none,moved,0,0,731.1226,0.0,2026-07-26 21:40:47.302982
movement,1548,660,none,moved,0,0,574.6803,0.0,2026-07-26 21:40:47.358376
movement,1554,660,none,moved,0,0,0.0,0.0,2026-07-26 21:40:47.447274
movement,1551,660,none,moved,0,0,148.5814,0.0,2026-07-26 21:40:47.502262
movement,1500,630,none,moved,0,0,1813.1704,0.0,2026-07-26 21:40:47.557810
movement,1417,569,none,moved,0,0,1933.0187,0.0,2026-07-26 21:40:47.611662
movement,1331,518,none,moved,0,0,1696.5526,0.0,2026-07-26 21:40:47.666339
movement,1257,489,none,moved,0,0,1052.7856,0.0,2026-07-26 21:40:47.721505
movement,1191,498,none,moved,0,0,1449.7983,0.0,2026-07-26 21:40:47.776003
movement,1142,524,none,moved,0,0,818.8916,0.0,2026-07-26 21:40:47.831080
movement,1127,530,none,moved,0,0,0.0,0.0,2026-07-26 21:40:47.885928
movement,1095,520,none,moved,0,0,884.833,0.0,2026-07-26 21:40:47.941883
movement,1021,483,none,moved,0,0,1742.2382,0.0,2026-07-26 21:40:47.996513
movement,910,465,none,moved,0,0,2225.3311,0.0,2026-07-26 21:40:48.051362
movement,793,475,none,moved,0,0,1608.6531,0.0,2026-07-26 21:40:48.106695
movement,751,482,none,moved,0,0,144.936,0.0,2026-07-26 21:40:48.161214
click,751,483,left,pressed,0,0,0.0,0.0,2026-07-26 21:40:48.432302
click,751,483,left,released,0,0,0.0,0.0,2026-07-26 21:40:48.656810
movement,761,483,none,moved,0,0,16.4161,0.0,2026-07-26 21:40:48.784037
movement,912,544,none,moved,0,0,3960.4114,0.0,2026-07-26 21:40:48.838893
movement,1095,727,none,moved,0,0,4981.3489,0.0,2026-07-26 21:40:48.893787
movement,1202,879,none,moved,0,0,2773.2743,0.0,2026-07-26 21:40:48.948706
movement,1253,983,none,moved,0,0,1530.2858,0.0,2026-07-26 21:40:49.003616
movement,1262,1029,none,moved,0,0,348.8277,0.0,2026-07-26 21:40:49.058354
movement,1266,1026,none,moved,0,0,12.693,0.0,2026-07-26 21:40:49.421583
movement,1337,1032,none,moved,0,0,1236.9385,0.0,2026-07-26 21:40:49.476658
movement,1361,1035,none,moved,0,0,29.0897,0.0,2026-07-26 21:40:49.559013
movement,1361,1036,none,moved,0,0,48.9154,0.0,2026-07-26 21:40:49.627297
movement,1360,1037,none,moved,0,0,24.2947,0.0,2026-07-26 21:40:49.689127
movement,1358,1038,none,moved,0,0,29.0557,0.0,2026-07-26 21:40:49.757834
movement,1357,1039,none,moved,0,0,16.2257,0.0,2026-07-26 21:40:49.846814
movement,1357,1042,none,moved,0,0,150.2742,0.0,2026-07-26 21:40:49.901614
movement,1367,1052,none,moved,0,0,404.545,0.0,2026-07-26 21:40:49.956566
movement,1389,1062,none,moved,0,0,467.2569,0.0,2026-07-26 21:40:50.011314
movement,1403,1065,none,moved,0,0,72.1427,0.0,2026-07-26 21:40:50.066752
movement,1404,1066,none,moved,0,0,0.0,0.0,2026-07-26 21:40:50.149625
click,1404,1066,left,pressed,0,0,0.0,0.0,2026-07-26 21:40:50.474712
click,1404,1066,left,released,0,0,0.0,0.0,2026-07-26 21:40:50.693810
movement,1402,1055,none,moved,0,0,15.4823,0.0,2026-07-26 21:40:50.871754
movement,1332,922,none,moved,0,0,2976.688,0.0,2026-07-26 21:40:50.926651
movement,1215,806,none,moved,0,0,3355.3709,0.0,2026-07-26 21:40:50.981523
movement,1053,695,none,moved,0,0,3773.4172,0.0,2026-07-26 21:40:51.036025
movement,924,606,none,moved,0,0,2950.5172,0.0,2026-07-26 21:40:51.090821
movement,875,570,none,moved,0,0,0.0,0.0,2026-07-26 21:40:51.145786
movement,878,559,none,moved,0,0,32.7717,0.0,2026-07-26 21:40:51.448962
movement,893,456,none,moved,0,0,1388.7964,0.0,2026-07-26 21:40:51.503866
scroll,893,412,none,scrolled_down,0,0,0.0,0.0,2026-07-26 21:40:51.847492
scroll,893,412,none,scrolled_down,0,0,0.0,0.0,2026-07-26 21:40:51.855342
scroll,893,412,none,scrolled_down,0,0,0.0,0.0,2026-07-26 21:40:51.860788
scroll,893,412,none,scrolled_down,0,0,0.0,0.0,2026-07-26 21:40:51.867735
scroll,893,412,none,scrolled_down,0,0,0.0,0.0,2026-07-26 21:40:51.875950
scroll,893,412,none,scrolled_down,0,0,0.0,0.0,2026-07-26 21:40:51.881332
scroll,893,412,none,scrolled_down,0,0,0.0,0.0,2026-07-26 21:40:51.888616
scroll,893,412,none,scrolled_down,0,0,0.0,0.0,2026-07-26 21:40:51.906720
scroll,893,412,none,scrolled_down,0,0,0.0,0.0,2026-07-26 21:40:51.915688
scroll,893,412,none,scrolled_down,0,0,0.0,0.0,2026-07-26 21:40:51.922577
scroll,893,412,none,scrolled_down,0,0,0.0,0.0,2026-07-26 21:40:51.929551
scroll,893,412,none,scrolled_down,0,0,0.0,0.0,2026-07-26 21:40:51.936380
scroll,893,412,none,scrolled_down,0,0,0.0,0.0,2026-07-26 21:40:51.946943
scroll,893,412,none,scrolled_down,0,0,0.0,0.0,2026-07-26 21:40:51.951835
scroll,893,412,none,scrolled_down,0,0,0.0,0.0,2026-07-26 21:40:51.959206
scroll,893,412,none,scrolled_down,0,0,0.0,0.0,2026-07-26 21:40:51.967088
scroll,893,412,none,scrolled_down,0,0,0.0,0.0,2026-07-26 21:40:51.976563
scroll,893,412,none,scrolled_down,0,0,0.0,0.0,2026-07-26 21:40:51.979096
scroll,893,412,none,scrolled_down,0,0,0.0,0.0,2026-07-26 21:40:51.983872
scroll,893,412,none,scrolled_down,0,0,0.0,0.0,2026-07-26 21:40:51.992585
scroll,893,412,none,scrolled_down,0,0,0.0,0.0,2026-07-26 21:40:51.998769
scroll,893,412,none,scrolled_down,0,0,0.0,0.0,2026-07-26 21:40:52.004915
scroll,893,412,none,scrolled_down,0,0,0.0,0.0,2026-07-26 21:40:52.011712
scroll,893,412,none,scrolled_down,0,0,0.0,0.0,2026-07-26 21:40:52.019088
scroll,893,412,none,scrolled_down,0,0,0.0,0.0,2026-07-26 21:40:52.041597
scroll,893,412,none,scrolled_down,0,0,0.0,0.0,2026-07-26 21:40:52.070868
scroll,893,412,none,scrolled_down,0,0,0.0,0.0,2026-07-26 21:40:52.080566
scroll,893,412,none,scrolled_down,0,0,0.0,0.0,2026-07-26 21:40:52.100789
scroll,893,412,none,scrolled_down,0,0,0.0,0.0,2026-07-26 21:40:52.110679
scroll,893,412,none,scrolled_down,0,0,0.0,0.0,2026-07-26 21:40:52.134192
scroll,893,412,none,scrolled_down,0,0,0.0,0.0,2026-07-26 21:40:52.142948
scroll,893,412,none,scrolled_down,0,0,0.0,0.0,2026-07-26 21:40:52.172553
scroll,893,412,none,scrolled_down,0,0,0.0,0.0,2026-07-26 21:40:52.183217
scroll,893,412,none,scrolled_down,0,0,0.0,0.0,2026-07-26 21:40:52.199698
scroll,893,412,none,scrolled_down,0,0,0.0,0.0,2026-07-26 21:40:52.210507
scroll,893,412,none,scrolled_down,0,0,0.0,0.0,2026-07-26 21:40:52.231763
scroll,893,412,none,scrolled_down,0,0,0.0,0.0,2026-07-26 21:40:52.243223
scroll,893,412,none,scrolled_down,0,0,0.0,0.0,2026-07-26 21:40:52.270809
scroll,893,412,none,scrolled_down,0,0,0.0,0.0,2026-07-26 21:40:52.280452
scroll,893,412,none,scrolled_down,0,0,0.0,0.0,2026-07-26 21:40:52.297606
scroll,893,412,none,scrolled_down,0,0,0.0,0.0,2026-07-26 21:40:52.331734
scroll,893,412,none,scrolled_down,0,0,0.0,0.0,2026-07-26 21:40:52.334330
scroll,893,412,none,scrolled_down,0,0,0.0,0.0,2026-07-26 21:40:52.354217
scroll,893,412,none,scrolled_down,0,0,0.0,0.0,2026-07-26 21:40:52.379518
scroll,893,412,none,scrolled_down,0,0,0.0,0.0,2026-07-26 21:40:52.385405
movement,888,408,none,moved,0,0,5.5524,0.0,2026-07-26 21:40:52.692812
movement,835,376,none,moved,0,0,585.2304,0.0,2026-07-26 21:40:52.747898
movement,816,375,none,moved,0,0,94.0891,0.0,2026-07-26 21:40:52.799854
movement,813,380,none,moved,0,0,328.2382,0.0,2026-07-26 21:40:52.850681
movement,776,412,none,moved,0,0,1063.1754,0.0,2026-07-26 21:40:52.905720
movement,754,446,none,moved,0,0,644.8249,0.0,2026-07-26 21:40:52.960340
movement,750,451,none,moved,0,0,0.0,0.0,2026-07-26 21:40:53.032215
movement,750,450,none,moved,0,0,0.0,0.0,2026-07-26 21:40:53.097401
movement,747,436,none,moved,0,0,278.2753,0.0,2026-07-26 21:40:53.152751
movement,743,417,none,moved,0,0,126.2638,0.0,2026-07-26 21:40:53.211291
movement,740,412,none,moved,0,0,37.1322,0.0,2026-07-26 21:40:53.261923
movement,740,411,none,moved,0,0,12.1265,0.0,2026-07-26 21:40:53.344386
movement,741,411,none,moved,0,0,0.0,0.0,2026-07-26 21:40:53.412971
movement,748,409,none,moved,0,0,9.9792,0.0,2026-07-26 21:40:54.055154
movement,855,408,none,moved,0,0,1562.608,0.0,2026-07-26 21:40:54.120682
movement,951,414,none,moved,0,0,925.9088,0.0,2026-07-26 21:40:54.177860
movement,1045,429,none,moved,0,0,1748.0055,0.0,2026-07-26 21:40:54.233320
movement,1096,441,none,moved,0,0,463.712,0.0,2026-07-26 21:40:54.288402
movement,1129,450,none,moved,0,0,485.2224,0.0,2026-07-26 21:40:54.343096
movement,1138,452,none,moved,0,0,0.0,0.0,2026-07-26 21:40:54.398070
movement,1139,451,none,moved,0,0,20.8272,0.0,2026-07-26 21:40:54.493999
movement,1139,448,none,moved,0,0,96.9434,0.0,2026-07-26 21:40:54.562687
movement,1141,444,none,moved,0,0,100.3068,0.0,2026-07-26 21:40:54.624815
movement,1140,436,none,moved,0,0,327.9168,0.0,2026-07-26 21:40:54.679289
movement,1133,417,none,moved,0,0,427.4386,0.0,2026-07-26 21:40:54.735780
movement,1128,410,none,moved,0,0,73.4966,0.0,2026-07-26 21:40:54.788695
movement,1127,410,none,moved,0,0,0.0,0.0,2026-07-26 21:40:54.857400
movement,1127,413,none,moved,0,0,25.2588,0.0,2026-07-26 21:40:54.977883
movement,1124,414,none,moved,0,0,5.3083,0.0,2026-07-26 21:40:55.573606
movement,1097,427,none,moved,0,0,461.7104,0.0,2026-07-26 21:40:55.628249
movement,1075,435,none,moved,0,0,331.5334,0.0,2026-07-26 21:40:55.682964
movement,1060,445,none,moved,0,0,409.573,0.0,2026-07-26 21:40:55.737828
movement,1053,464,none,moved,0,0,443.1851,0.0,2026-07-26 21:40:55.792447
movement,1052,481,none,moved,0,0,295.7276,0.0,2026-07-26 21:40:55.847238
movement,1051,500,none,moved,0,0,438.949,0.0,2026-07-26 21:40:55.902227
movement,1052,521,none,moved,0,0,290.6857,0.0,2026-07-26 21:40:55.957022
movement,1052,531,none,moved,0,0,94.2074,0.0,2026-07-26 21:40:56.008820
click,1052,532,left,pressed,0,0,0.0,0.0,2026-07-26 21:40:56.353121
click,1052,532,left,released,0,0,0.0,0.0,2026-07-26 21:40:56.577768
movement,1058,530,none,moved,0,0,7.9689,0.0,2026-07-26 21:40:56.826265
movement,1172,478,none,moved,0,0,2727.9339,0.0,2026-07-26 21:40:56.880844
movement,1315,432,none,moved,0,0,3074.8039,0.0,2026-07-26 21:40:56.935782
movement,1453,408,none,moved,0,0,2135.8827,0.0,2026-07-26 21:40:56.990708
movement,1555,404,none,moved,0,0,1856.8347,0.0,2026-07-26 21:40:57.045376
movement,1631,400,none,moved,0,0,793.9998,0.0,2026-07-26 21:40:57.100758
movement,1667,397,none,moved,0,0,423.6528,0.0,2026-07-26 21:40:57.155114
movement,1684,390,none,moved,0,0,209.5098,0.0,2026-07-26 21:40:57.209617
movement,1686,390,none,moved,0,0,26.9787,0.0,2026-07-26 21:40:57.290764
movement,1725,393,none,moved,0,0,740.9384,0.0,2026-07-26 21:40:57.346574
movement,1740,397,none,moved,0,0,0.0,0.0,2026-07-26 21:40:57.401616
movement,1743,400,none,moved,0,0,0.0,0.0,2026-07-26 21:40:57.463215
movement,1740,402,none,moved,0,0,72.2932,0.0,2026-07-26 21:40:57.524781
movement,1739,405,none,moved,0,0,0.0,0.0,2026-07-26 21:40:57.579794
movement,1736,408,none,moved,0,0,116.9894,0.0,2026-07-26 21:40:57.629798
movement,1734,411,none,moved,0,0,48.707,0.0,2026-07-26 21:40:57.689126
movement,1728,414,none,moved,0,0,203.3961,0.0,2026-07-26 21:40:57.744166
movement,1723,417,none,moved,0,0,146.1786,0.0,2026-07-26 21:40:57.799008
movement,1719,420,none,moved,0,0,48.4583,0.0,2026-07-26 21:40:57.867591
movement,1716,421,none,moved,0,0,68.9133,0.0,2026-07-26 21:40:57.922297
movement,1713,422,none,moved,0,0,48.8135,0.0,2026-07-26 21:40:57.990934
movement,1709,422,none,moved,0,0,72.0188,0.0,2026-07-26 21:40:58.052861
movement,1709,422,none,moved,0,0,0.0,0.0,2026-07-26 21:40:58.114480
movement,1707,418,none,moved,0,0,2.9578,0.0,2026-07-26 21:40:58.831760
movement,1685,428,none,moved,0,0,808.3247,0.0,2026-07-26 21:40:58.885852
movement,1619,459,none,moved,0,0,1435.4404,0.0,2026-07-26 21:40:58.939815
movement,1543,499,none,moved,0,0,1264.1527,0.0,2026-07-26 21:40:58.995148
movement,1516,511,none,moved,0,0,201.2431,0.0,2026-07-26 21:40:59.049860
movement,1513,511,none,moved,0,0,0.0,0.0,2026-07-26 21:40:59.118932
movement,1513,510,none,moved,0,0,0.0,0.0,2026-07-26 21:40:59.179638
movement,1513,507,none,moved,0,0,2.3366,0.0,2026-07-26 21:40:59.635035
movement,1493,481,none,moved,0,0,519.2014,0.0,2026-07-26 21:40:59.690030
movement,1483,472,none,moved,0,0,143.9758,0.0,2026-07-26 21:40:59.744713
movement,1483,472,none,moved,0,0,0.0,0.0,2026-07-26 21:40:59.840840
click,1483,472,left,pressed,0,0,0.0,0.0,2026-07-26 21:41:00.148410
click,1483,472,left,released,0,0,0.0,0.0,2026-07-26 21:41:00.375321
movement,1480,470,none,moved,0,0,3.1167,0.0,2026-07-26 21:41:01.004577
movement,1371,446,none,moved,0,0,2180.2225,0.0,2026-07-26 21:41:01.055176
movement,1308,441,none,moved,0,0,482.7148,0.0,2026-07-26 21:41:01.110112
movement,1289,440,none,moved,0,0,152.2102,0.0,2026-07-26 21:41:01.164560
movement,1287,438,none,moved,0,0,24.3519,0.0,2026-07-26 21:41:01.233297
movement,1287,437,none,moved,0,0,143.6307,0.0,2026-07-26 21:41:01.288235
movement,1282,428,none,moved,0,0,215.1172,0.0,2026-07-26 21:41:01.342933
movement,1277,423,none,moved,0,0,147.8065,0.0,2026-07-26 21:41:01.397646
movement,1261,420,none,moved,0,0,452.4185,0.0,2026-07-26 21:41:01.452791
movement,1227,423,none,moved,0,0,596.8647,0.0,2026-07-26 21:41:01.507576
movement,1200,433,none,moved,0,0,13.955,0.0,2026-07-26 21:41:01.842163
movement,1167,423,none,moved,0,0,303.4212,0.0,2026-07-26 21:41:01.896816
movement,1151,419,none,moved,0,0,304.7854,0.0,2026-07-26 21:41:01.951059
movement,1144,418,none,moved,0,0,147.8091,0.0,2026-07-26 21:41:02.012681
movement,1141,417,none,moved,0,0,29.1617,0.0,2026-07-26 21:41:02.081553
movement,1141,417,none,moved,0,0,0.0,0.0,2026-07-26 21:41:02.170303
movement,1142,417,none,moved,0,0,2.0815,0.0,2026-07-26 21:41:02.689354
movement,1146,442,none,moved,0,0,417.7316,0.0,2026-07-26 21:41:02.744540
movement,1146,453,none,moved,0,0,73.5417,0.0,2026-07-26 21:41:02.806352
movement,1146,455,none,moved,0,0,16.2158,0.0,2026-07-26 21:41:02.888240
movement,1146,456,none,moved,0,0,14.5924,0.0,2026-07-26 21:41:02.956772
movement,1147,456,none,moved,0,0,14.5001,0.0,2026-07-26 21:41:03.025734
movement,1155,439,none,moved,0,0,903.1427,0.0,2026-07-26 21:41:03.080152
movement,1168,415,none,moved,0,0,331.5803,0.0,2026-07-26 21:41:03.134935
movement,1169,412,none,moved,0,0,16.2002,0.0,2026-07-26 21:41:03.217317
movement,1168,412,none,moved,0,0,48.6584,0.0,2026-07-26 21:41:03.285858
movement,1164,409,none,moved,0,0,143.9215,0.0,2026-07-26 21:41:03.340732
movement,1161,407,none,moved,0,0,48.4079,0.0,2026-07-26 21:41:03.402321
movement,1161,407,none,moved,0,0,0.0,0.0,2026-07-26 21:41:03.580585
movement,1162,409,none,moved,0,0,5.4044,0.0,2026-07-26 21:41:03.991652
movement,1178,440,none,moved,0,0,450.0239,0.0,2026-07-26 21:41:04.045887
movement,1183,457,none,moved,0,0,286.7606,0.0,2026-07-26 21:41:04.100921
movement,1184,459,none,moved,0,0,20.9415,0.0,2026-07-26 21:41:04.169349
click,1186,459,left,pressed,0,0,0.0,0.0,2026-07-26 21:41:04.459231
click,1186,459,left,released,0,0,0.0,0.0,2026-07-26 21:41:04.675026
movement,1185,459,none,moved,0,0,1.477,0.0,2026-07-26 21:41:04.894318
movement,1159,446,none,moved,0,0,249.0286,0.0,2026-07-26 21:41:04.948539
movement,1117,419,none,moved,0,0,340.6119,0.0,2026-07-26 21:41:04.998901
movement,1108,416,none,moved,0,0,0.0,0.0,2026-07-26 21:41:05.059728
movement,1103,412,none,moved,0,0,119.7537,0.0,2026-07-26 21:41:05.111688
movement,1080,401,none,moved,0,0,183.6558,0.0,2026-07-26 21:41:05.162035
movement,1071,398,none,moved,0,0,150.7062,0.0,2026-07-26 21:41:05.218416
movement,1068,396,none,moved,0,0,0.0,0.0,2026-07-26 21:41:05.293981
movement,1069,397,none,moved,0,0,0.0,0.0,2026-07-26 21:41:05.705233
movement,1071,402,none,moved,0,0,0.0,0.0,2026-07-26 21:41:05.766032
movement,1071,404,none,moved,0,0,20.9692,0.0,2026-07-26 21:41:05.841593
movement,1072,405,none,moved,0,0,20.6417,0.0,2026-07-26 21:41:05.910106
movement,1074,405,none,moved,0,0,29.1719,0.0,2026-07-26 21:41:05.978667
movement,1078,408,none,moved,0,0,10.722,0.0,2026-07-26 21:41:06.293959
movement,1086,430,none,moved,0,0,410.6932,0.0,2026-07-26 21:41:06.348863
movement,1093,447,none,moved,0,0,203.9837,0.0,2026-07-26 21:41:06.403629
movement,1102,459,none,moved,0,0,219.333,0.0,2026-07-26 21:41:06.458539
movement,1105,465,none,moved,0,0,48.4947,0.0,2026-07-26 21:41:06.520222
movement,1118,470,none,moved,0,0,505.3552,0.0,2026-07-26 21:41:06.575123
click,1119,470,left,pressed,0,0,0.0,0.0,2026-07-26 21:41:06.848460
click,1119,470,left,released,0,0,0.0,0.0,2026-07-26 21:41:07.072831
movement,1119,468,none,moved,0,0,2.6036,0.0,2026-07-26 21:41:07.356979
movement,1130,423,none,moved,0,0,601.9338,0.0,2026-07-26 21:41:07.412050
movement,1130,405,none,moved,0,0,146.4798,0.0,2026-07-26 21:41:07.466694
movement,1128,394,none,moved,0,0,147.5828,0.0,2026-07-26 21:41:07.521396
movement,1126,390,none,moved,0,0,68.3416,0.0,2026-07-26 21:41:07.576429
movement,1125,386,none,moved,0,0,0.0,0.0,2026-07-26 21:41:07.638273
movement,1123,381,none,moved,0,0,0.0,0.0,2026-07-26 21:41:07.692978
movement,1123,379,none,moved,0,0,0.0,0.0,2026-07-26 21:41:07.809482
movement,1123,382,none,moved,0,0,8.8159,0.0,2026-07-26 21:41:08.283650
movement,1123,406,none,moved,0,0,141.5894,0.0,2026-07-26 21:41:08.338514
movement,1124,416,none,moved,0,0,170.924,0.0,2026-07-26 21:41:08.393316
movement,1126,423,none,moved,0,0,272.8535,0.0,2026-07-26 21:41:08.448955
movement,1127,429,none,moved,0,0,0.0,0.0,2026-07-26 21:41:08.510687
movement,1128,433,none,moved,0,0,68.329,0.0,2026-07-26 21:41:08.565632
click,1128,433,left,pressed,0,0,0.0,0.0,2026-07-26 21:41:08.848536
click,1128,433,left,released,0,0,0.0,0.0,2026-07-26 21:41:09.065512
movement,1121,430,none,moved,0,0,10.5556,0.0,2026-07-26 21:41:09.287123
movement,1010,368,none,moved,0,0,3134.5467,0.0,2026-07-26 21:41:09.341300
movement,899,341,none,moved,0,0,1238.216,0.0,2026-07-26 21:41:09.396651
movement,860,337,none,moved,0,0,351.2425,0.0,2026-07-26 21:41:09.452900
movement,823,337,none,moved,0,0,739.5535,0.0,2026-07-26 21:41:09.505607
movement,781,340,none,moved,0,0,883.0457,0.0,2026-07-26 21:41:09.560525
movement,749,342,none,moved,0,0,315.2733,0.0,2026-07-26 21:41:09.615639
movement,737,344,none,moved,0,0,147.5309,0.0,2026-07-26 21:41:09.670216
movement,737,346,none,moved,0,0,72.1911,0.0,2026-07-26 21:41:09.725194
movement,738,350,none,moved,0,0,71.3888,0.0,2026-07-26 21:41:09.780134
movement,741,357,none,moved,0,0,209.6135,0.0,2026-07-26 21:41:09.834680
movement,743,363,none,moved,0,0,72.6374,0.0,2026-07-26 21:41:09.889636
movement,746,367,none,moved,0,0,212.4133,0.0,2026-07-26 21:41:09.944251
movement,746,372,none,moved,0,0,71.6424,0.0,2026-07-26 21:41:09.999339
movement,747,374,none,moved,0,0,0.0,0.0,2026-07-26 21:41:10.060868
movement,748,376,none,moved,0,0,42.3389,0.0,2026-07-26 21:41:10.113689
movement,749,378,none,moved,0,0,47.6268,0.0,2026-07-26 21:41:10.170902
movement,751,380,none,moved,0,0,29.3273,0.0,2026-07-26 21:41:10.252791
movement,751,380,none,moved,0,0,0.0,0.0,2026-07-26 21:41:10.328242
movement,751,383,none,moved,0,0,8.2202,0.0,2026-07-26 21:41:10.693206
movement,742,421,none,moved,0,0,439.5624,0.0,2026-07-26 21:41:10.747566
movement,739,433,none,moved,0,0,140.9187,0.0,2026-07-26 21:41:10.802998
movement,739,435,none,moved,0,0,0.0,0.0,2026-07-26 21:41:10.865539
movement,741,435,none,moved,0,0,49.4093,0.0,2026-07-26 21:41:10.925726
click,741,435,left,pressed,0,0,0.0,0.0,2026-07-26 21:41:11.189587
click,741,435,left,released,0,0,0.0,0.0,2026-07-26 21:41:11.404833
movement,744,431,none,moved,0,0,6.7421,0.0,2026-07-26 21:41:11.667344
movement,774,387,none,moved,0,0,514.3977,0.0,2026-07-26 21:41:11.722223
movement,783,367,none,moved,0,0,204.335,0.0,2026-07-26 21:41:11.776783
movement,787,362,none,moved,0,0,0.0,0.0,2026-07-26 21:41:11.831639
movement,791,361,none,moved,0,0,143.808,0.0,2026-07-26 21:41:11.886609
movement,839,361,none,moved,0,0,1266.8211,0.0,2026-07-26 21:41:11.941411
movement,883,366,none,moved,0,0,289.2125,0.0,2026-07-26 21:41:11.996142
movement,888,369,none,moved,0,0,196.9794,0.0,2026-07-26 21:41:12.051266
movement,889,375,none,moved,0,0,0.0,0.0,2026-07-26 21:41:12.105642
movement,888,385,none,moved,0,0,147.6296,0.0,2026-07-26 21:41:12.160757
movement,886,390,none,moved,0,0,0.0,0.0,2026-07-26 21:41:12.229195
movement,886,390,none,moved,0,0,0.0,0.0,2026-07-26 21:41:12.290791
movement,884,390,none,moved,0,0,47.8158,0.0,2026-07-26 21:41:12.359705
movement,874,390,none,moved,0,0,287.1729,0.0,2026-07-26 21:41:12.414396
movement,867,388,none,moved,0,0,51.6356,0.0,2026-07-26 21:41:12.482939
movement,866,388,none,moved,0,0,23.9625,0.0,2026-07-26 21:41:12.545126
movement,863,387,none,moved,0,0,140.3763,0.0,2026-07-26 21:41:12.599694
movement,861,385,none,moved,0,0,36.9529,0.0,2026-07-26 21:41:12.667795
movement,861,385,none,moved,0,0,0.0,0.0,2026-07-26 21:41:12.757003
movement,861,386,none,moved,0,0,2.5846,0.0,2026-07-26 21:41:13.143914
movement,857,410,none,moved,0,0,437.0888,0.0,2026-07-26 21:41:13.198474
movement,858,427,none,moved,0,0,271.6166,0.0,2026-07-26 21:41:13.254077
movement,860,440,none,moved,0,0,205.8454,0.0,2026-07-26 21:41:13.308222
movement,860,445,none,moved,0,0,36.3868,0.0,2026-07-26 21:41:13.383916
movement,860,446,none,moved,0,0,13.2666,0.0,2026-07-26 21:41:13.459293
click,860,446,left,pressed,0,0,0.0,0.0,2026-07-26 21:41:13.722044
click,860,446,left,released,0,0,0.0,0.0,2026-07-26 21:41:13.945829
movement,860,444,none,moved,0,0,2.2371,0.0,2026-07-26 21:41:14.353300
movement,867,423,none,moved,0,0,326.24,0.0,2026-07-26 21:41:14.407284
movement,866,421,none,moved,0,0,24.4527,0.0,2026-07-26 21:41:14.482849
movement,866,421,none,moved,0,0,0.0,0.0,2026-07-26 21:41:14.537396
movement,865,420,none,moved,0,0,13.7252,0.0,2026-07-26 21:41:14.640436
movement,864,420,none,moved,0,0,14.6073,0.0,2026-07-26 21:41:14.708893
movement,863,420,none,moved,0,0,14.4421,0.0,2026-07-26 21:41:14.778135
movement,863,421,none,moved,0,0,2.0333,0.0,2026-07-26 21:41:15.296653
movement,856,441,none,moved,0,0,303.9423,0.0,2026-07-26 21:41:15.351094
movement,856,445,none,moved,0,0,0.0,0.0,2026-07-26 21:41:15.460061
click,856,445,left,pressed,0,0,0.0,0.0,2026-07-26 21:41:15.831646
click,856,445,left,released,0,0,0.0,0.0,2026-07-26 21:41:16.055266
movement,856,441,none,moved,0,0,4.1652,0.0,2026-07-26 21:41:16.461463
movement,856,372,none,moved,0,0,1268.3109,0.0,2026-07-26 21:41:16.515997
movement,856,354,none,moved,0,0,145.7824,0.0,2026-07-26 21:41:16.570946
movement,856,353,none,moved,0,0,0.0,0.0,2026-07-26 21:41:16.687878
movement,856,353,none,moved,0,0,0.0,0.0,2026-07-26 21:41:16.995979
movement,854,358,none,moved,0,0,29.0734,0.0,2026-07-26 21:41:17.057712
movement,854,358,none,moved,0,0,0.0,0.0,2026-07-26 21:41:17.119700
movement,854,359,none,moved,0,0,4.8703,0.0,2026-07-26 21:41:17.325023
movement,854,362,none,moved,0,0,37.3631,0.0,2026-07-26 21:41:17.400434
movement,854,363,none,moved,0,0,0.0,0.0,2026-07-26 21:41:17.462145
movement,854,365,none,moved,0,0,48.7307,0.0,2026-07-26 21:41:17.517001
movement,854,368,none,moved,0,0,79.6896,0.0,2026-07-26 21:41:17.578727
movement,853,371,none,moved,0,0,24.3269,0.0,2026-07-26 21:41:17.667789
movement,853,371,none,moved,0,0,0.0,0.0,2026-07-26 21:41:17.818663
movement,854,374,none,moved,0,0,5.4786,0.0,2026-07-26 21:41:18.404507
movement,835,404,none,moved,0,0,715.8981,0.0,2026-07-26 21:41:18.459443
movement,799,430,none,moved,0,0,1197.1805,0.0,2026-07-26 21:41:18.514061
movement,760,458,none,moved,0,0,603.8523,0.0,2026-07-26 21:41:18.569132
movement,744,474,none,moved,0,0,412.6216,0.0,2026-07-26 21:41:18.623792
movement,734,486,none,moved,0,0,358.3368,0.0,2026-07-26 21:41:18.678694
movement,733,490,none,moved,0,0,48.6381,0.0,2026-07-26 21:41:18.733490
movement,733,494,none,moved,0,0,0.0,0.0,2026-07-26 21:41:18.788321
movement,737,498,none,moved,0,0,206.7206,0.0,2026-07-26 21:41:18.843263
movement,790,492,none,moved,0,0,1952.8303,0.0,2026-07-26 21:41:18.898099
movement,986,466,none,moved,0,0,4996.4361,0.0,2026-07-26 21:41:18.952908
movement,1250,440,none,moved,0,0,3355.5774,0.0,2026-07-26 21:41:19.007499
movement,1338,440,none,moved,0,0,1084.0396,0.0,2026-07-26 21:41:19.062661
movement,1377,445,none,moved,0,0,459.9811,0.0,2026-07-26 21:41:19.117753
movement,1391,447,none,moved,0,0,204.9351,0.0,2026-07-26 21:41:19.172311
movement,1394,448,none,moved,0,0,51.0828,0.0,2026-07-26 21:41:19.240969
click,1394,448,left,pressed,0,0,0.0,0.0,2026-07-26 21:41:19.649672
click,1394,448,left,released,0,0,0.0,0.0,2026-07-26 21:41:19.874454
idle,1394,448,none,idle_start,0,0,0.0,0.0,2026-07-26 21:41:20.915326
idle,1390,448,none,idle_end,0,0,0.0,3.5335,2026-07-26 21:41:24.448810
movement,1390,448,none,moved,0,0,0.7681,0.0,2026-07-26 21:41:24.449909
movement,1346,449,none,moved,0,0,731.9136,0.0,2026-07-26 21:41:24.503168
movement,1298,450,none,moved,0,0,991.6952,0.0,2026-07-26 21:41:24.558406
movement,1222,451,none,moved,0,0,1497.8587,0.0,2026-07-26 21:41:24.614498
movement,1171,454,none,moved,0,0,461.4373,0.0,2026-07-26 21:41:24.667531
movement,1166,451,none,moved,0,0,45.5269,0.0,2026-07-26 21:41:24.737971
movement,1164,451,none,moved,0,0,115.5328,0.0,2026-07-26 21:41:24.794171
movement,1158,448,none,moved,0,0,135.7045,0.0,2026-07-26 21:41:24.849963
movement,1150,443,none,moved,0,0,249.4068,0.0,2026-07-26 21:41:24.901015
movement,1145,436,none,moved,0,0,145.5193,0.0,2026-07-26 21:41:24.956550
movement,1138,425,none,moved,0,0,324.3334,0.0,2026-07-26 21:41:25.010898
movement,1135,420,none,moved,0,0,141.2081,0.0,2026-07-26 21:41:25.066324
movement,1135,417,none,moved,0,0,0.0,0.0,2026-07-26 21:41:25.128366
movement,1126,415,none,moved,0,0,35.0082,0.0,2026-07-26 21:41:25.391711
movement,1011,387,none,moved,0,0,2233.8233,0.0,2026-07-26 21:41:25.443390
movement,894,376,none,moved,0,0,1580.479,0.0,2026-07-26 21:41:25.494671
movement,850,373,none,moved,0,0,283.6673,0.0,2026-07-26 21:41:25.549558
movement,852,373,none,moved,0,0,0.0,0.0,2026-07-26 21:41:25.604236
movement,994,359,none,moved,0,0,6236.2306,0.0,2026-07-26 21:41:25.659842
movement,1177,361,none,moved,0,0,460.5081,0.0,2026-07-26 21:41:25.714794
movement,1239,368,none,moved,0,0,2588.6519,0.0,2026-07-26 21:41:25.769373
movement,1323,377,none,moved,0,0,353.4873,0.0,2026-07-26 21:41:25.823887
movement,1269,361,none,moved,0,0,2477.146,0.0,2026-07-26 21:41:25.874751
movement,1039,341,none,moved,0,0,2839.5852,0.0,2026-07-26 21:41:25.929296
movement,967,338,none,moved,0,0,294.9685,0.0,2026-07-26 21:41:25.981318
movement,947,338,none,moved,0,0,292.5816,0.0,2026-07-26 21:41:26.035979
movement,941,338,none,moved,0,0,0.0,0.0,2026-07-26 21:41:26.104934
movement,944,338,none,moved,0,0,49.0229,0.0,2026-07-26 21:41:26.166346
movement,944,340,none,moved,0,0,80.0577,0.0,2026-07-26 21:41:26.228192
movement,943,348,none,moved,0,0,192.9036,0.0,2026-07-26 21:41:26.279668
movement,941,360,none,moved,0,0,324.1849,0.0,2026-07-26 21:41:26.332362
movement,939,372,none,moved,0,0,145.6103,0.0,2026-07-26 21:41:26.385652
movement,936,385,none,moved,0,0,281.1007,0.0,2026-07-26 21:41:26.440979
movement,936,395,none,moved,0,0,138.5402,0.0,2026-07-26 21:41:26.496490
movement,936,399,none,moved,0,0,21.5691,0.0,2026-07-26 21:41:26.585888
movement,935,401,none,moved,0,0,50.6687,0.0,2026-07-26 21:41:26.648126
movement,933,404,none,moved,0,0,0.0,0.0,2026-07-26 21:41:26.702402
movement,931,407,none,moved,0,0,40.6806,0.0,2026-07-26 21:41:26.777296
movement,930,407,none,moved,0,0,157.9002,0.0,2026-07-26 21:41:26.831744
movement,915,409,none,moved,0,0,323.9637,0.0,2026-07-26 21:41:26.886216
movement,900,412,none,moved,0,0,319.9082,0.0,2026-07-26 21:41:26.941094
movement,896,412,none,moved,0,0,0.0,0.0,2026-07-26 21:41:27.015130
movement,898,411,none,moved,0,0,48.2231,0.0,2026-07-26 21:41:27.078511
movement,898,413,none,moved,0,0,5.6986,0.0,2026-07-26 21:41:27.429476
movement,892,439,none,moved,0,0,557.1358,0.0,2026-07-26 21:41:27.484320
movement,889,451,none,moved,0,0,206.2104,0.0,2026-07-26 21:41:27.538557
movement,886,466,none,moved,0,0,432.9977,0.0,2026-07-26 21:41:27.593559
movement,885,476,none,moved,0,0,0.0,0.0,2026-07-26 21:41:27.662296
movement,885,476,none,moved,0,0,0.0,0.0,2026-07-26 21:41:27.724198
click,885,476,left,pressed,0,0,0.0,0.0,2026-07-26 21:41:27.944311
click,885,476,left,released,0,0,0.0,0.0,2026-07-26 21:41:28.174069
movement,880,470,none,moved,0,0,10.732,0.0,2026-07-26 21:41:28.451952
movement,830,404,none,moved,0,0,2863.798,0.0,2026-07-26 21:41:28.503552
movement,804,384,none,moved,0,0,226.6985,0.0,2026-07-26 21:41:28.556640
movement,777,373,none,moved,0,0,331.1939,0.0,2026-07-26 21:41:28.613391
movement,768,367,none,moved,0,0,211.6403,0.0,2026-07-26 21:41:28.668420
movement,758,366,none,moved,0,0,145.1166,0.0,2026-07-26 21:41:28.723399
movement,747,365,none,moved,0,0,144.0747,0.0,2026-07-26 21:41:28.778053
movement,742,364,none,moved,0,0,13.1232,0.0,2026-07-26 21:41:28.901797
movement,742,367,none,moved,0,0,137.9252,0.0,2026-07-26 21:41:28.956634
movement,742,369,none,moved,0,0,0.0,0.0,2026-07-26 21:41:29.038570
movement,742,370,none,moved,0,0,13.2739,0.0,2026-07-26 21:41:29.113905
movement,742,371,none,moved,0,0,2.1348,0.0,2026-07-26 21:41:29.582331
movement,741,375,none,moved,0,0,48.0844,0.0,2026-07-26 21:41:29.644232
movement,741,376,none,moved,0,0,0.0,0.0,2026-07-26 21:41:29.706008
movement,826,375,none,moved,0,0,3398.9498,0.0,2026-07-26 21:41:29.760834
movement,1082,401,none,moved,0,0,3458.4758,0.0,2026-07-26 21:41:29.816342
movement,1153,417,none,moved,0,0,329.8316,0.0,2026-07-26 21:41:29.870561
movement,1156,419,none,moved,0,0,0.0,0.0,2026-07-26 21:41:29.925420
movement,1155,425,none,moved,0,0,136.6089,0.0,2026-07-26 21:41:29.981209
movement,1151,443,none,moved,0,0,448.8287,0.0,2026-07-26 21:41:30.035889
movement,1154,454,none,moved,0,0,229.8551,0.0,2026-07-26 21:41:30.090152
movement,1155,456,none,moved,0,0,0.0,0.0,2026-07-26 21:41:30.179226
movement,1129,455,none,moved,0,0,1004.3488,0.0,2026-07-26 21:41:30.234019
movement,1051,450,none,moved,0,0,1299.4744,0.0,2026-07-26 21:41:30.288774
movement,991,445,none,moved,0,0,1319.4204,0.0,2026-07-26 21:41:30.343899
movement,918,437,none,moved,0,0,1165.4911,0.0,2026-07-26 21:41:30.398808
movement,874,437,none,moved,0,0,924.9186,0.0,2026-07-26 21:41:30.453709
movement,838,439,none,moved,0,0,857.205,0.0,2026-07-26 21:41:30.508622
movement,790,442,none,moved,0,0,919.7747,0.0,2026-07-26 21:41:30.564120
movement,743,440,none,moved,0,0,772.1995,0.0,2026-07-26 21:41:30.619114
movement,706,437,none,moved,0,0,466.7252,0.0,2026-07-26 21:41:30.673185
movement,675,433,none,moved,0,0,583.7094,0.0,2026-07-26 21:41:30.728105
movement,654,432,none,moved,0,0,145.8838,0.0,2026-07-26 21:41:30.782554
movement,644,427,none,moved,0,0,146.88,0.0,2026-07-26 21:41:30.837673
movement,636,424,none,moved,0,0,143.9709,0.0,2026-07-26 21:41:30.892990
movement,633,421,none,moved,0,0,153.9364,0.0,2026-07-26 21:41:30.947334
movement,633,418,none,moved,0,0,77.4972,0.0,2026-07-26 21:41:31.009154
movement,633,417,none,moved,0,0,0.0,0.0,2026-07-26 21:41:31.091455
movement,633,421,none,moved,0,0,10.1728,0.0,2026-07-26 21:41:31.603425
movement,630,442,none,moved,0,0,433.5945,0.0,2026-07-26 21:41:31.657912
movement,627,461,none,moved,0,0,291.1498,0.0,2026-07-26 21:41:31.712793
movement,627,466,none,moved,0,0,48.2992,0.0,2026-07-26 21:41:31.767893
movement,627,466,none,moved,0,0,0.0,0.0,2026-07-26 21:41:31.856646
click,627,466,left,pressed,0,0,0.0,0.0,2026-07-26 21:41:32.090932
click,627,466,left,released,0,0,0.0,0.0,2026-07-26 21:41:32.320749
movement,622,466,none,moved,0,0,7.3478,0.0,2026-07-26 21:41:32.537106
movement,518,455,none,moved,0,0,2182.516,0.0,2026-07-26 21:41:32.591356
movement,430,442,none,moved,0,0,1706.2644,0.0,2026-07-26 21:41:32.641915
movement,371,434,none,moved,0,0,1765.4646,0.0,2026-07-26 21:41:32.694268
movement,335,429,none,moved,0,0,434.2079,0.0,2026-07-26 21:41:32.749145
movement,307,429,none,moved,0,0,413.7755,0.0,2026-07-26 21:41:32.804473
movement,297,428,none,moved,0,0,21.3631,0.0,2026-07-26 21:41:32.900352
movement,297,426,none,moved,0,0,28.831,0.0,2026-07-26 21:41:32.969181
movement,299,426,none,moved,0,0,52.1861,0.0,2026-07-26 21:41:33.023968
movement,315,423,none,moved,0,0,749.5737,0.0,2026-07-26 21:41:33.078575
movement,385,418,none,moved,0,0,1042.4311,0.0,2026-07-26 21:41:33.133335
movement,400,418,none,moved,0,0,0.0,0.0,2026-07-26 21:41:33.188123
movement,402,419,none,moved,0,0,6.1219,0.0,2026-07-26 21:41:33.521675
movement,413,421,none,moved,0,0,0.0,0.0,2026-07-26 21:41:33.572197
movement,415,422,none,moved,0,0,0.0,0.0,2026-07-26 21:41:33.670826
movement,416,422,none,moved,0,0,6.4245,0.0,2026-07-26 21:41:33.826480
movement,418,422,none,moved,0,0,2.3204,0.0,2026-07-26 21:41:34.271048
movement,432,429,none,moved,0,0,144.876,0.0,2026-07-26 21:41:34.326015
movement,439,429,none,moved,0,0,140.428,0.0,2026-07-26 21:41:34.381293
movement,444,429,none,moved,0,0,76.6237,0.0,2026-07-26 21:41:34.435947
movement,445,429,none,moved,0,0,0.0,0.0,2026-07-26 21:41:34.566308
movement,444,429,none,moved,0,0,0.0,0.0,2026-07-26 21:41:34.634325
movement,442,429,none,moved,0,0,143.1699,0.0,2026-07-26 21:41:34.689575
movement,441,428,none,moved,0,0,29.0607,0.0,2026-07-26 21:41:34.771781
movement,439,428,none,moved,0,0,0.0,0.0,2026-07-26 21:41:34.826528
movement,438,428,none,moved,0,0,0.0,0.0,2026-07-26 21:41:34.963669
movement,438,428,none,moved,0,0,0.0,0.0,2026-07-26 21:41:35.046937
movement,437,426,none,moved,0,0,0.0,0.0,2026-07-26 21:41:35.100728
movement,434,424,none,moved,0,0,0.0,0.0,2026-07-26 21:41:35.170468
movement,433,423,none,moved,0,0,22.9447,0.0,2026-07-26 21:41:35.232101
movement,431,418,none,moved,0,0,206.7422,0.0,2026-07-26 21:41:35.285925
movement,429,414,none,moved,0,0,73.1607,0.0,2026-07-26 21:41:35.347670
movement,428,413,none,moved,0,0,0.0,0.0,2026-07-26 21:41:35.416464
movement,429,413,none,moved,0,0,0.0,0.0,2026-07-26 21:41:35.813459
movement,424,428,none,moved,0,0,441.471,0.0,2026-07-26 21:41:35.868513
movement,420,446,none,moved,0,0,205.8597,0.0,2026-07-26 21:41:35.922728
movement,417,459,none,moved,0,0,145.5597,0.0,2026-07-26 21:41:35.977764
movement,417,462,none,moved,0,0,24.4282,0.0,2026-07-26 21:41:36.046152
movement,418,462,none,moved,0,0,0.0,0.0,2026-07-26 21:41:36.435646
movement,424,476,none,moved,0,0,319.223,0.0,2026-07-26 21:41:36.492686
movement,446,486,none,moved,0,0,602.0676,0.0,2026-07-26 21:41:36.544128
movement,464,491,none,moved,0,0,112.0333,0.0,2026-07-26 21:41:36.601348
movement,464,491,none,moved,0,0,0.0,0.0,2026-07-26 21:41:36.685050
click,465,491,left,pressed,0,0,0.0,0.0,2026-07-26 21:41:36.944852
click,465,491,left,released,0,0,0.0,0.0,2026-07-26 21:41:37.168545
movement,462,487,none,moved,0,0,7.5005,0.0,2026-07-26 21:41:37.362514
movement,429,447,none,moved,0,0,634.3776,0.0,2026-07-26 21:41:37.416736
movement,409,428,none,moved,0,0,202.7704,0.0,2026-07-26 21:41:37.472045
movement,404,424,none,moved,0,0,71.2989,0.0,2026-07-26 21:41:37.540398
movement,399,420,none,moved,0,0,0.0,0.0,2026-07-26 21:41:37.595140
movement,394,416,none,moved,0,0,28.8912,0.0,2026-07-26 21:41:37.670918
movement,391,415,none,moved,0,0,0.0,0.0,2026-07-26 21:41:37.731012
movement,390,414,none,moved,0,0,10.3718,0.0,2026-07-26 21:41:37.856444
movement,390,413,none,moved,0,0,14.6693,0.0,2026-07-26 21:41:37.924614
movement,388,416,none,moved,0,0,10.3398,0.0,2026-07-26 21:41:38.273318
movement,376,443,none,moved,0,0,440.2698,0.0,2026-07-26 21:41:38.328020
movement,371,455,none,moved,0,0,161.5306,0.0,2026-07-26 21:41:38.383008
movement,370,457,none,moved,0,0,26.3463,0.0,2026-07-26 21:41:38.445124
movement,370,458,none,moved,0,0,18.3334,0.0,2026-07-26 21:41:38.499669
click,372,458,left,pressed,0,0,0.0,0.0,2026-07-26 21:41:38.785721
click,372,458,left,released,0,0,0.0,0.0,2026-07-26 21:41:39.007157
movement,369,456,none,moved,0,0,5.3529,0.0,2026-07-26 21:41:39.200764
movement,319,417,none,moved,0,0,660.2419,0.0,2026-07-26 21:41:39.253137
movement,284,391,none,moved,0,0,403.7877,0.0,2026-07-26 21:41:39.303335
movement,271,383,none,moved,0,0,77.7342,0.0,2026-07-26 21:41:39.364998
movement,269,381,none,moved,0,0,144.3177,0.0,2026-07-26 21:41:39.420045
movement,264,376,none,moved,0,0,194.9388,0.0,2026-07-26 21:41:39.471269
movement,261,374,none,moved,0,0,0.0,0.0,2026-07-26 21:41:39.598490
movement,261,381,none,moved,0,0,1596.0061,0.0,2026-07-26 21:41:39.648781
movement,263,397,none,moved,0,0,329.982,0.0,2026-07-26 21:41:39.700907
movement,264,402,none,moved,0,0,0.0,0.0,2026-07-26 21:41:39.755845
movement,265,404,none,moved,0,0,72.8963,0.0,2026-07-26 21:41:39.824613
movement,266,406,none,moved,0,0,48.6364,0.0,2026-07-26 21:41:39.893109
movement,267,407,none,moved,0,0,24.4867,0.0,2026-07-26 21:41:39.982336
movement,269,409,none,moved,0,0,3.9931,0.0,2026-07-26 21:41:40.524219
movement,267,425,none,moved,0,0,0.0,0.0,2026-07-26 21:41:40.578527
movement,267,428,none,moved,0,0,14.4242,0.0,2026-07-26 21:41:40.668508
movement,267,428,none,moved,0,0,0.0,0.0,2026-07-26 21:41:40.757067
movement,266,440,none,moved,0,0,442.2972,0.0,2026-07-26 21:41:40.811767
movement,267,462,none,moved,0,0,144.2283,0.0,2026-07-26 21:41:40.866897
movement,268,473,none,moved,0,0,36.4377,0.0,2026-07-26 21:41:40.942284
click,269,477,left,pressed,0,0,0.0,0.0,2026-07-26 21:41:41.285250
click,269,477,left,released,0,0,0.0,0.0,2026-07-26 21:41:41.512371
movement,265,477,none,moved,0,0,6.1888,0.0,2026-07-26 21:41:41.636481
movement,224,462,none,moved,0,0,194.8658,0.0,2026-07-26 21:41:41.705760
movement,181,440,none,moved,0,0,322.9819,0.0,2026-07-26 21:41:41.760298
movement,170,434,none,moved,0,0,0.0,0.0,2026-07-26 21:41:41.849074
movement,169,434,none,moved,0,0,16.1663,0.0,2026-07-26 21:41:41.910930
movement,163,431,none,moved,0,0,295.3111,0.0,2026-07-26 21:41:41.965867
movement,148,426,none,moved,0,0,656.4166,0.0,2026-07-26 21:41:42.020646
movement,120,422,none,moved,0,0,445.1292,0.0,2026-07-26 21:41:42.075452
movement,113,419,none,moved,0,0,20.7059,0.0,2026-07-26 21:41:42.165362
movement,113,419,none,moved,0,0,0.0,0.0,2026-07-26 21:41:42.234417
movement,113,418,none,moved,0,0,14.676,0.0,2026-07-26 21:41:42.302555
movement,113,418,none,moved,0,0,0.0,0.0,2026-07-26 21:41:42.364515
movement,114,418,none,moved,0,0,0.0,0.0,2026-07-26 21:41:42.439196
movement,117,418,none,moved,0,0,21.0232,0.0,2026-07-26 21:41:42.507451
movement,117,417,none,moved,0,0,1.3583,0.0,2026-07-26 21:41:43.243671
movement,117,416,none,moved,0,0,23.9136,0.0,2026-07-26 21:41:43.312649
movement,117,414,none,moved,0,0,48.7472,0.0,2026-07-26 21:41:43.381001
movement,117,411,none,moved,0,0,48.8204,0.0,2026-07-26 21:41:43.449756
movement,118,407,none,moved,0,0,104.4285,0.0,2026-07-26 21:41:43.511462
movement,119,405,none,moved,0,0,50.2941,0.0,2026-07-26 21:41:43.566201
movement,119,403,none,moved,0,0,0.0,0.0,2026-07-26 21:41:43.635018
movement,120,403,none,moved,0,0,11.3175,0.0,2026-07-26 21:41:43.723369
movement,122,403,none,moved,0,0,2.2222,0.0,2026-07-26 21:41:44.201379
movement,139,400,none,moved,0,0,673.0059,0.0,2026-07-26 21:41:44.255854
movement,194,385,none,moved,0,0,1119.7576,0.0,2026-07-26 21:41:44.311031
movement,222,381,none,moved,0,0,143.0868,0.0,2026-07-26 21:41:44.365663
movement,223,382,none,moved,0,0,1.7098,0.0,2026-07-26 21:41:44.964301
movement,223,421,none,moved,0,0,590.6431,0.0,2026-07-26 21:41:45.018841
movement,225,433,none,moved,0,0,72.5232,0.0,2026-07-26 21:41:45.080688
click,230,434,left,pressed,0,0,0.0,0.0,2026-07-26 21:41:45.383987
click,230,434,left,released,0,0,0.0,0.0,2026-07-26 21:41:45.601631
movement,228,433,none,moved,0,0,3.0721,0.0,2026-07-26 21:41:45.849703
movement,189,406,none,moved,0,0,1242.1721,0.0,2026-07-26 21:41:45.903816
movement,143,377,none,moved,0,0,842.7562,0.0,2026-07-26 21:41:45.958609
movement,113,359,none,moved,0,0,323.3382,0.0,2026-07-26 21:41:46.022349
movement,90,351,none,moved,0,0,356.4438,0.0,2026-07-26 21:41:46.075272
movement,74,346,none,moved,0,0,147.2719,0.0,2026-07-26 21:41:46.130193
movement,73,347,none,moved,0,0,4.9356,0.0,2026-07-26 21:41:46.431991
movement,67,355,none,moved,0,0,72.3293,0.0,2026-07-26 21:41:46.493759
movement,66,355,none,moved,0,0,36.9728,0.0,2026-07-26 21:41:46.563011
movement,65,357,none,moved,0,0,63.6224,0.0,2026-07-26 21:41:46.613280
movement,57,363,none,moved,0,0,338.3875,0.0,2026-07-26 21:41:46.665910
movement,48,371,none,moved,0,0,0.0,0.0,2026-07-26 21:41:46.719996
movement,45,374,none,moved,0,0,24.5572,0.0,2026-07-26 21:41:46.788950
movement,45,374,none,moved,0,0,0.0,0.0,2026-07-26 21:41:46.905075
movement,46,376,none,moved,0,0,5.1273,0.0,2026-07-26 21:41:47.315629
movement,39,396,none,moved,0,0,487.0219,0.0,2026-07-26 21:41:47.370288
movement,35,412,none,moved,0,0,126.4335,0.0,2026-07-26 21:41:47.425957
movement,34,422,none,moved,0,0,0.0,0.0,2026-07-26 21:41:47.480653
movement,33,434,none,moved,0,0,159.6492,0.0,2026-07-26 21:41:47.535237
movement,33,439,none,moved,0,0,0.0,0.0,2026-07-26 21:41:47.589915
movement,35,443,none,moved,0,0,99.4925,0.0,2026-07-26 21:41:47.651911
click,35,443,left,pressed,0,0,0.0,0.0,2026-07-26 21:41:47.919544
click,35,443,left,released,0,0,0.0,0.0,2026-07-26 21:41:48.137868
movement,35,444,none,moved,0,0,1.038,0.0,2026-07-26 21:41:48.615345
movement,31,447,none,moved,0,0,73.7758,0.0,2026-07-26 21:41:48.670464
movement,28,453,none,moved,0,0,70.6088,0.0,2026-07-26 21:41:48.725566
movement,25,457,none,moved,0,0,70.4362,0.0,2026-07-26 21:41:48.780133
movement,25,459,none,moved,0,0,0.0,0.0,2026-07-26 21:41:48.835254
movement,24,464,none,moved,0,0,69.348,0.0,2026-07-26 21:41:48.897697
movement,23,466,none,moved,0,0,29.9878,0.0,2026-07-26 21:41:48.965145
movement,24,462,none,moved,0,0,343.7328,0.0,2026-07-26 21:41:49.020259
movement,31,434,none,moved,0,0,435.5154,0.0,2026-07-26 21:41:49.075466
movement,32,422,none,moved,0,0,0.0,0.0,2026-07-26 21:41:49.130793
movement,32,420,none,moved,0,0,10.4621,0.0,2026-07-26 21:41:49.239976
movement,32,420,none,moved,0,0,0.0,0.0,2026-07-26 21:41:49.328436
movement,32,417,none,moved,0,0,146.1685,0.0,2026-07-26 21:41:49.383507
click,32,417,left,pressed,0,0,0.0,0.0,2026-07-26 21:41:49.705899
click,32,417,left,released,0,0,0.0,0.0,2026-07-26 21:41:49.930649
movement,32,419,none,moved,0,0,2.007,0.0,2026-07-26 21:41:50.386773
movement,31,441,none,moved,0,0,275.1175,0.0,2026-07-26 21:41:50.441962
movement,31,447,none,moved,0,0,70.3424,0.0,2026-07-26 21:41:50.496964
movement,31,449,none,moved,0,0,12.0765,0.0,2026-07-26 21:41:50.593453
movement,31,449,none,moved,0,0,0.0,0.0,2026-07-26 21:41:50.709483
movement,40,444,none,moved,0,0,640.8657,0.0,2026-07-26 21:41:50.764166
movement,65,433,none,moved,0,0,323.3382,0.0,2026-07-26 21:41:50.819536
movement,71,432,none,moved,0,0,182.8619,0.0,2026-07-26 21:41:50.873815
movement,79,435,none,moved,0,0,317.8483,0.0,2026-07-26 21:41:50.929250
movement,90,451,none,moved,0,0,312.111,0.0,2026-07-26 21:41:50.983505
movement,90,474,none,moved,0,0,445.624,0.0,2026-07-26 21:41:51.038550
movement,84,492,none,moved,0,0,274.8831,0.0,2026-07-26 21:41:51.093732
movement,77,505,none,moved,0,0,200.5898,0.0,2026-07-26 21:41:51.148392
movement,69,521,none,moved,0,0,553.4411,0.0,2026-07-26 21:41:51.202942
movement,53,543,none,moved,0,0,522.0692,0.0,2026-07-26 21:41:51.258142
movement,45,551,none,moved,0,0,133.8067,0.0,2026-07-26 21:41:51.313399
movement,40,555,none,moved,0,0,147.8846,0.0,2026-07-26 21:41:51.368288
movement,38,557,none,moved,0,0,49.5716,0.0,2026-07-26 21:41:51.422581
movement,36,562,none,moved,0,0,290.726,0.0,2026-07-26 21:41:51.477054
movement,34,570,none,moved,0,0,145.4437,0.0,2026-07-26 21:41:51.532606
movement,41,575,none,moved,0,0,256.8064,0.0,2026-07-26 21:41:51.586200
movement,188,577,none,moved,0,0,2531.2637,0.0,2026-07-26 21:41:51.642124
movement,276,585,none,moved,0,0,1077.8532,0.0,2026-07-26 21:41:51.696690
movement,314,586,none,moved,0,0,436.2704,0.0,2026-07-26 21:41:51.751966
movement,338,586,none,moved,0,0,439.9004,0.0,2026-07-26 21:41:51.806527
click,383,568,left,pressed,0,0,0.0,0.0,2026-07-26 21:41:52.169106
click,383,568,left,released,0,0,0.0,0.0,2026-07-26 21:41:52.388507
idle,383,568,none,idle_start,0,0,0.0,0.0,2026-07-26 21:41:53.643440
idle,385,571,none,idle_end,0,0,0.0,1.5741,2026-07-26 21:41:55.217560
movement,385,571,none,moved,0,0,1.0722,0.0,2026-07-26 21:41:55.217966
movement,459,604,none,moved,0,0,2642.8992,0.0,2026-07-26 21:41:55.271036
movement,542,622,none,moved,0,0,858.288,0.0,2026-07-26 21:41:55.326466
movement,555,631,none,moved,0,0,142.887,0.0,2026-07-26 21:41:55.381074
movement,558,654,none,moved,0,0,1201.118,0.0,2026-07-26 21:41:55.435688
movement,523,724,none,moved,0,0,609.8413,0.0,2026-07-26 21:41:55.490853
movement,523,736,none,moved,0,0,35.2377,0.0,2026-07-26 21:41:55.831390
movement,559,847,none,moved,0,0,2217.9466,0.0,2026-07-26 21:41:55.886361
movement,612,918,none,moved,0,0,710.8749,0.0,2026-07-26 21:41:55.941289
click,623,913,left,pressed,0,0,0.0,0.0,2026-07-26 21:41:56.261834
click,623,913,left,released,0,0,0.0,0.0,2026-07-26 21:41:56.485951
movement,389,843,none,moved,0,0,0.0,0.0,2026-07-26 21:46:11.026670
movement,290,860,none,moved,0,0,2118.8218,0.0,2026-07-26 21:46:11.077188
movement,143,921,none,moved,0,0,4398.8792,0.0,2026-07-26 21:46:11.131973
movement,-3,1035,none,moved,0,0,2266.3543,0.0,2026-07-26 21:46:11.187785
movement,-7,1092,none,moved,0,0,147.0293,0.0,2026-07-26 21:46:11.241640
movement,0,1083,none,moved,0,0,433.1914,0.0,2026-07-26 21:46:11.296694
movement,48,1071,none,moved,0,0,1756.0018,0.0,2026-07-26 21:46:11.351357
movement,174,999,none,moved,0,0,3123.9587,0.0,2026-07-26 21:46:11.406406
movement,357,901,none,moved,0,0,4216.9175,0.0,2026-07-26 21:46:11.460966
movement,533,810,none,moved,0,0,1845.7941,0.0,2026-07-26 21:46:11.515683
movement,620,780,none,moved,0,0,1267.2596,0.0,2026-07-26 21:46:11.570963
movement,655,773,none,moved,0,0,137.3695,0.0,2026-07-26 21:46:11.625792
movement,673,784,none,moved,0,0,613.4277,0.0,2026-07-26 21:46:11.680218
movement,687,821,none,moved,0,0,1023.3593,0.0,2026-07-26 21:46:11.735607
movement,697,862,none,moved,0,0,248.3086,0.0,2026-07-26 21:46:11.791149
idle,688,883,none,idle_start,0,0,0.0,0.0,2026-07-26 21:46:13.645425
idle,688,856,none,idle_end,0,0,0.0,0.2548,2026-07-26 21:46:13.900211
movement,688,856,none,moved,0,0,13.051,0.0,2026-07-26 21:46:13.901629
movement,726,496,none,moved,0,0,6035.3865,0.0,2026-07-26 21:46:13.954545
movement,746,333,none,moved,0,0,1468.6967,0.0,2026-07-26 21:46:14.009370
movement,742,292,none,moved,0,0,145.212,0.0,2026-07-26 21:46:14.064452
movement,741,290,none,moved,0,0,0.0,0.0,2026-07-26 21:46:14.167386
movement,730,307,none,moved,0,0,15.2946,0.0,2026-07-26 21:46:15.512230
movement,595,569,none,moved,0,0,4588.8307,0.0,2026-07-26 21:46:15.566341
movement,560,656,none,moved,0,0,303.0895,0.0,2026-07-26 21:46:15.620951
movement,560,661,none,moved,0,0,0.0,0.0,2026-07-26 21:46:15.697483
movement,563,671,none,moved,0,0,13.8698,0.0,2026-07-26 21:46:16.526994
movement,541,824,none,moved,0,0,1743.8189,0.0,2026-07-26 21:46:16.579691
movement,547,875,none,moved,0,0,226.5975,0.0,2026-07-26 21:46:16.634026
movement,553,876,none,moved,0,0,3.1466,0.0,2026-07-26 21:46:18.263971
movement,674,861,none,moved,0,0,3973.5973,0.0,2026-07-26 21:46:18.317834
movement,793,832,none,moved,0,0,1333.2304,0.0,2026-07-26 21:46:18.377276
movement,875,787,none,moved,0,0,1007.8399,0.0,2026-07-26 21:46:18.428232
movement,880,780,none,moved,0,0,142.3197,0.0,2026-07-26 21:46:18.482807
movement,880,695,none,moved,0,0,2084.9041,0.0,2026-07-26 21:46:18.537760
movement,827,584,none,moved,0,0,1941.2904,0.0,2026-07-26 21:46:18.592231
movement,793,545,none,moved,0,0,325.1204,0.0,2026-07-26 21:46:18.647442
movement,788,550,none,moved,0,0,459.1213,0.0,2026-07-26 21:46:18.702516
movement,783,567,none,moved,0,0,268.7709,0.0,2026-07-26 21:46:18.757365
click,783,571,left,pressed,0,0,0.0,0.0,2026-07-26 21:46:19.042316
click,783,571,left,released,0,0,0.0,0.0,2026-07-26 21:46:19.265823
movement,783,569,none,moved,0,0,1.7076,0.0,2026-07-26 21:46:19.949127
movement,787,541,none,moved,0,0,296.0358,0.0,2026-07-26 21:46:20.002754
movement,789,525,none,moved,0,0,47.7934,0.0,2026-07-26 21:46:20.058183
movement,796,533,none,moved,0,0,490.2079,0.0,2026-07-26 21:46:20.112451
click,798,539,left,pressed,0,0,0.0,0.0,2026-07-26 21:46:20.389190
click,798,539,left,released,0,0,0.0,0.0,2026-07-26 21:46:20.552487
click,798,539,left,pressed,0,0,0.0,0.0,2026-07-26 21:46:20.606344
movement,797,535,none,moved,0,0,6.5973,0.0,2026-07-26 21:46:20.751333
movement,759,471,none,moved,0,0,1515.0554,0.0,2026-07-26 21:46:20.806452
movement,704,403,none,moved,0,0,1454.6383,0.0,2026-07-26 21:46:20.861227
movement,660,374,none,moved,0,0,820.0341,0.0,2026-07-26 21:46:20.915771
movement,645,365,none,moved,0,0,71.4313,0.0,2026-07-26 21:46:20.978060
movement,645,365,none,moved,0,0,0.0,0.0,2026-07-26 21:46:21.094345
movement,646,365,none,moved,0,0,33.4506,0.0,2026-07-26 21:46:21.172719
movement,648,364,none,moved,0,0,37.2493,0.0,2026-07-26 21:46:21.225143
click,648,364,left,released,0,0,0.0,0.0,2026-07-26 21:46:21.252431
click,648,364,left,pressed,0,0,0.0,0.0,2026-07-26 21:46:21.522301
click,648,364,left,released,0,0,0.0,0.0,2026-07-26 21:46:21.744639
click,648,364,left,pressed,0,0,0.0,0.0,2026-07-26 21:46:22.048584
movement,650,364,none,moved,0,0,1.8925,0.0,2026-07-26 21:46:22.281949
movement,730,378,none,moved,0,0,1728.8654,0.0,2026-07-26 21:46:22.336374
movement,819,395,none,moved,0,0,1511.088,0.0,2026-07-26 21:46:22.391374
movement,868,403,none,moved,0,0,290.2733,0.0,2026-07-26 21:46:22.446007
movement,874,404,none,moved,0,0,0.0,0.0,2026-07-26 21:46:22.548827
movement,873,403,none,moved,0,0,0.0,0.0,2026-07-26 21:46:22.617699
click,873,402,left,released,0,0,0.0,0.0,2026-07-26 21:46:22.645685
click,873,402,left,pressed,0,0,0.0,0.0,2026-07-26 21:46:22.928644
click,873,402,left,released,0,0,0.0,0.0,2026-07-26 21:46:23.146565
click,873,402,left,pressed,0,0,0.0,0.0,2026-07-26 21:46:23.843068
click,873,402,left,released,0,0,0.0,0.0,2026-07-26 21:46:23.986980
idle,873,402,none,idle_start,0,0,0.0,0.0,2026-07-26 21:46:24.159785
idle,866,399,none,idle_end,0,0,0.0,0.8526,2026-07-26 21:46:25.012374
movement,866,399,none,moved,0,0,3.1897,0.0,2026-07-26 21:46:25.015066
movement,740,367,none,moved,0,0,2600.5741,0.0,2026-07-26 21:46:25.067318
movement,652,333,none,moved,0,0,660.7545,0.0,2026-07-26 21:46:25.122061
movement,645,327,none,moved,0,0,72.5834,0.0,2026-07-26 21:46:25.176931
click,647,325,left,pressed,0,0,0.0,0.0,2026-07-26 21:46:25.522227
click,647,325,left,released,0,0,0.0,0.0,2026-07-26 21:46:25.737590
click,647,325,right,pressed,0,0,0.0,0.0,2026-07-26 21:46:26.199285
click,647,325,right,released,0,0,0.0,0.0,2026-07-26 21:46:26.265985
movement,641,328,none,moved,0,0,3.9161,0.0,2026-07-26 21:46:26.917366
movement,573,405,none,moved,0,0,1175.0477,0.0,2026-07-26 21:46:26.973487
click,563,418,left,pressed,0,0,0.0,0.0,2026-07-26 21:46:27.198653
click,563,418,left,released,0,0,0.0,0.0,2026-07-26 21:46:27.417836
movement,577,430,none,moved,0,0,22.7493,0.0,2026-07-26 21:46:27.795693
movement,777,587,none,moved,0,0,5024.4939,0.0,2026-07-26 21:46:27.850192
movement,945,714,none,moved,0,0,2018.6421,0.0,2026-07-26 21:46:27.904794
movement,986,739,none,moved,0,0,330.0633,0.0,2026-07-26 21:46:27.959551
movement,997,749,none,moved,0,0,46.9565,0.0,2026-07-26 21:46:28.244127
movement,1093,889,none,moved,0,0,4197.7619,0.0,2026-07-26 21:46:28.297837
movement,1159,970,none,moved,0,0,1237.9005,0.0,2026-07-26 21:46:28.352492
movement,1188,994,none,moved,0,0,311.5967,0.0,2026-07-26 21:46:28.407888
movement,1202,1002,none,moved,0,0,468.2797,0.0,2026-07-26 21:46:28.462793
movement,1219,1017,none,moved,0,0,626.8246,0.0,2026-07-26 21:46:28.517611
movement,1245,1036,none,moved,0,0,875.7133,0.0,2026-07-26 21:46:28.572758
movement,1303,1049,none,moved,0,0,967.0419,0.0,2026-07-26 21:46:28.627442
movement,1370,1051,none,moved,0,0,1009.0228,0.0,2026-07-26 21:46:28.682255
movement,1427,1051,none,moved,0,0,959.544,0.0,2026-07-26 21:46:28.737636
movement,1449,1049,none,moved,0,0,142.2184,0.0,2026-07-26 21:46:28.791904
movement,1450,1049,none,moved,0,0,0.0,0.0,2026-07-26 21:46:28.867156
movement,1450,1049,none,moved,0,0,0.0,0.0,2026-07-26 21:46:28.921821
movement,1449,1049,none,moved,0,0,10.4395,0.0,2026-07-26 21:46:29.017609
movement,1446,1047,none,moved,0,0,0.0,0.0,2026-07-26 21:46:29.072577
movement,1432,1046,none,moved,0,0,439.4242,0.0,2026-07-26 21:46:29.127506
movement,1412,1045,none,moved,0,0,143.1308,0.0,2026-07-26 21:46:29.182473
movement,1408,1043,none,moved,0,0,36.7828,0.0,2026-07-26 21:46:29.250904
movement,1408,1043,none,moved,0,0,0.0,0.0,2026-07-26 21:46:29.333153
click,1408,1044,left,pressed,0,0,0.0,0.0,2026-07-26 21:46:29.756105
click,1408,1044,left,released,0,0,0.0,0.0,2026-07-26 21:46:29.973157
movement,1405,1039,none,moved,0,0,4.4958,0.0,2026-07-26 21:46:30.678174
movement,1347,956,none,moved,0,0,1918.035,0.0,2026-07-26 21:46:30.733411
movement,1269,861,none,moved,0,0,2098.4334,0.0,2026-07-26 21:46:30.787988
movement,1188,775,none,moved,0,0,550.9559,0.0,2026-07-26 21:46:30.859366
movement,1080,678,none,moved,0,0,1584.3246,0.0,2026-07-26 21:46:30.911357
movement,1044,652,none,moved,0,0,547.1734,0.0,2026-07-26 21:46:30.966189
movement,1036,644,none,moved,0,0,37.7843,0.0,2026-07-26 21:46:31.044922
movement,1036,643,none,moved,0,0,7.6845,0.0,2026-07-26 21:46:31.213017
movement,1036,643,none,moved,0,0,0.0,0.0,2026-07-26 21:46:31.292473
movement,1038,642,none,moved,0,0,7.8165,0.0,2026-07-26 21:46:31.443869
movement,1038,642,none,moved,0,0,0.0,0.0,2026-07-26 21:46:31.494304
movement,1040,643,none,moved,0,0,53.8525,0.0,2026-07-26 21:46:31.547168
movement,1044,649,none,moved,0,0,133.399,0.0,2026-07-26 21:46:31.600197
movement,1065,670,none,moved,0,0,148.2904,0.0,2026-07-26 21:46:31.671972
movement,1132,687,none,moved,0,0,1000.311,0.0,2026-07-26 21:46:31.727383
movement,1223,664,none,moved,0,0,2143.7092,0.0,2026-07-26 21:46:31.782098
movement,1311,618,none,moved,0,0,2073.542,0.0,2026-07-26 21:46:31.837046
movement,1344,590,none,moved,0,0,147.9733,0.0,2026-07-26 21:46:31.891863
movement,1345,589,none,moved,0,0,0.0,0.0,2026-07-26 21:46:31.967366
movement,1343,592,none,moved,0,0,15.5683,0.0,2026-07-26 21:46:32.322766
movement,1143,554,none,moved,0,0,4639.3243,0.0,2026-07-26 21:46:32.376717
movement,972,510,none,moved,0,0,1777.9723,0.0,2026-07-26 21:46:32.428719
movement,874,506,none,moved,0,0,1005.3289,0.0,2026-07-26 21:46:32.479929
movement,851,527,none,moved,0,0,870.7201,0.0,2026-07-26 21:46:32.534633
scroll,851,547,none,scrolled_down,0,-1,0.0,0.0,2026-07-26 21:46:32.833422
scroll,851,547,none,scrolled_down,0,-1,0.0,0.0,2026-07-26 21:46:32.841167
scroll,851,547,none,scrolled_down,0,-1,0.0,0.0,2026-07-26 21:46:32.846789
scroll,851,547,none,scrolled_down,0,-3,0.0,0.0,2026-07-26 21:46:32.919436
scroll,851,547,none,scrolled_down,0,-1,0.0,0.0,2026-07-26 21:46:32.922201
scroll,851,547,none,scrolled_down,0,-1,0.0,0.0,2026-07-26 21:46:32.930533
scroll,851,547,none,scrolled_down,0,-1,0.0,0.0,2026-07-26 21:46:33.111601
scroll,851,547,none,scrolled_down,0,0,0.0,0.0,2026-07-26 21:46:33.116745
movement,841,552,none,moved,0,0,12.5858,0.0,2026-07-26 21:46:33.450392
movement,743,618,none,moved,0,0,2229.6985,0.0,2026-07-26 21:46:33.505591
movement,661,646,none,moved,0,0,1376.5537,0.0,2026-07-26 21:46:33.560254
movement,613,634,none,moved,0,0,717.0486,0.0,2026-07-26 21:46:33.614867
movement,570,603,none,moved,0,0,1111.1754,0.0,2026-07-26 21:46:33.669891
movement,517,564,none,moved,0,0,1319.9804,0.0,2026-07-26 21:46:33.724910
movement,440,538,none,moved,0,0,1359.1639,0.0,2026-07-26 21:46:33.779505
movement,351,537,none,moved,0,0,1140.3757,0.0,2026-07-26 21:46:33.834525
movement,262,558,none,moved,0,0,1331.783,0.0,2026-07-26 21:46:33.889161
movement,212,584,none,moved,0,0,523.6419,0.0,2026-07-26 21:46:33.944388
movement,206,588,none,moved,0,0,0.0,0.0,2026-07-26 21:46:34.012641
movement,210,591,none,moved,0,0,0.0,0.0,2026-07-26 21:46:34.079272
movement,221,606,none,moved,0,0,322.6042,0.0,2026-07-26 21:46:34.129368
movement,227,616,none,moved,0,0,73.2361,0.0,2026-07-26 21:46:34.191024
movement,229,617,none,moved,0,0,13.7912,0.0,2026-07-26 21:46:34.291124
movement,230,616,none,moved,0,0,29.2935,0.0,2026-07-26 21:46:34.362678
movement,232,615,none,moved,0,0,41.4122,0.0,2026-07-26 21:46:34.431178
movement,234,613,none,moved,0,0,2.1752,0.0,2026-07-26 21:46:34.939808
movement,239,612,none,moved,0,0,329.4835,0.0,2026-07-26 21:46:34.994250
movement,264,598,none,moved,0,0,648.5771,0.0,2026-07-26 21:46:35.049454
movement,278,591,none,moved,0,0,24.2896,0.0,2026-07-26 21:46:35.138467
movement,278,591,none,moved,0,0,0.0,0.0,2026-07-26 21:46:35.207482
movement,277,591,none,moved,0,0,16.3173,0.0,2026-07-26 21:46:35.268759
movement,277,591,none,moved,0,0,0.0,0.0,2026-07-26 21:46:35.337606
click,276,592,left,pressed,0,0,0.0,0.0,2026-07-26 21:46:35.693522
movement,276,593,none,moved,0,0,1.4802,0.0,2026-07-26 21:46:36.047479
movement,283,625,none,moved,0,0,651.8589,0.0,2026-07-26 21:46:36.102807
movement,289,652,none,moved,0,0,439.6545,0.0,2026-07-26 21:46:36.156461
movement,291,662,none,moved,0,0,71.8486,0.0,2026-07-26 21:46:36.219064
movement,291,665,none,moved,0,0,0.0,0.0,2026-07-26 21:46:36.293608
click,291,665,left,released,0,0,0.0,0.0,2026-07-26 21:46:36.342276
click,291,665,left,pressed,0,0,0.0,0.0,2026-07-26 21:46:36.584314
click,291,665,left,released,0,0,0.0,0.0,2026-07-26 21:46:36.809370
movement,289,662,none,moved,0,0,3.8665,0.0,2026-07-26 21:46:37.247342
movement,262,632,none,moved,0,0,457.3797,0.0,2026-07-26 21:46:37.302048
movement,257,625,none,moved,0,0,7.4338,0.0,2026-07-26 21:46:37.768690
movement,248,604,none,moved,0,0,188.9667,0.0,2026-07-26 21:46:37.823364
movement,247,601,none,moved,0,0,0.0,0.0,2026-07-26 21:46:37.960931
click,247,601,left,pressed,0,0,0.0,0.0,2026-07-26 21:46:38.327604
click,247,601,left,released,0,0,0.0,0.0,2026-07-26 21:46:38.551502
movement,248,606,none,moved,0,0,5.4187,0.0,2026-07-26 21:46:38.901933
movement,261,654,none,moved,0,0,525.7171,0.0,2026-07-26 21:46:38.956941
movement,268,667,none,moved,0,0,0.0,0.0,2026-07-26 21:46:39.013622
movement,269,669,none,moved,0,0,35.286,0.0,2026-07-26 21:46:39.067560
click,269,669,left,pressed,0,0,0.0,0.0,2026-07-26 21:46:39.359051
click,269,669,left,released,0,0,0.0,0.0,2026-07-26 21:46:39.576108
movement,269,670,none,moved,0,0,1.326,0.0,2026-07-26 21:46:39.821686
movement,267,683,none,moved,0,0,211.3989,0.0,2026-07-26 21:46:39.876049
movement,266,685,none,moved,0,0,0.0,0.0,2026-07-26 21:46:39.964475
movement,263,685,none,moved,0,0,29.218,0.0,2026-07-26 21:46:40.040803
movement,253,681,none,moved,0,0,461.9677,0.0,2026-07-26 21:46:40.095699
movement,232,668,none,moved,0,0,524.8049,0.0,2026-07-26 21:46:40.150663
movement,224,658,none,moved,0,0,163.1087,0.0,2026-07-26 21:46:40.205594
movement,223,655,none,moved,0,0,36.1565,0.0,2026-07-26 21:46:40.281075
movement,223,654,none,moved,0,0,18.227,0.0,2026-07-26 21:46:40.335940
movement,223,651,none,moved,0,0,149.9841,0.0,2026-07-26 21:46:40.390602
movement,220,646,none,moved,0,0,206.5479,0.0,2026-07-26 21:46:40.445917
movement,197,639,none,moved,0,0,656.6939,0.0,2026-07-26 21:46:40.500584
movement,174,637,none,moved,0,0,327.2709,0.0,2026-07-26 21:46:40.555291
movement,170,636,none,moved,0,0,9.1743,0.0,2026-07-26 21:46:40.706302
movement,170,635,none,moved,0,0,0.0,0.0,2026-07-26 21:46:40.782022
movement,159,631,none,moved,0,0,469.1742,0.0,2026-07-26 21:46:40.836330
movement,113,619,none,moved,0,0,900.6904,0.0,2026-07-26 21:46:40.891296
movement,73,604,none,moved,0,0,661.7802,0.0,2026-07-26 21:46:40.946193
movement,51,595,none,moved,0,0,139.304,0.0,2026-07-26 21:46:41.001314
movement,44,592,none,moved,0,0,0.0,0.0,2026-07-26 21:46:41.056008
movement,42,592,none,moved,0,0,0.0,0.0,2026-07-26 21:46:41.145250
movement,39,593,none,moved,0,0,0.0,0.0,2026-07-26 21:46:41.199898
movement,27,592,none,moved,0,0,290.0224,0.0,2026-07-26 21:46:41.254726
movement,22,592,none,moved,0,0,72.65,0.0,2026-07-26 21:46:41.309868
click,22,592,left,pressed,0,0,0.0,0.0,2026-07-26 21:46:41.593341
click,22,592,left,released,0,0,0.0,0.0,2026-07-26 21:46:41.816887
movement,22,594,none,moved,0,0,2.5882,0.0,2026-07-26 21:46:42.082609
movement,22,628,none,moved,0,0,584.9796,0.0,2026-07-26 21:46:42.136626
movement,27,668,none,moved,0,0,602.3322,0.0,2026-07-26 21:46:42.191577
movement,29,698,none,moved,0,0,146.6591,0.0,2026-07-26 21:46:42.246423
movement,31,706,none,moved,0,0,47.919,0.0,2026-07-26 21:46:42.301556
movement,32,706,none,moved,0,0,0.0,0.0,2026-07-26 21:46:42.673747
movement,32,697,none,moved,0,0,444.0453,0.0,2026-07-26 21:46:42.728815
movement,32,675,none,moved,0,0,438.5359,0.0,2026-07-26 21:46:42.783661
movement,30,656,none,moved,0,0,80.4107,0.0,2026-07-26 21:46:42.849931
movement,29,650,none,moved,0,0,0.0,0.0,2026-07-26 21:46:42.921315
click,29,650,left,pressed,0,0,0.0,0.0,2026-07-26 21:46:43.221511
click,29,650,left,released,0,0,0.0,0.0,2026-07-26 21:46:43.450129
movement,29,651,none,moved,0,0,1.1842,0.0,2026-07-26 21:46:43.772866
movement,34,667,none,moved,0,0,293.0006,0.0,2026-07-26 21:46:43.827782
movement,35,670,none,moved,0,0,16.1658,0.0,2026-07-26 21:46:43.930879
movement,35,670,none,moved,0,0,0.0,0.0,2026-07-26 21:46:43.986312
movement,35,664,none,moved,0,0,185.2526,0.0,2026-07-26 21:46:44.044554
movement,37,645,none,moved,0,0,418.858,0.0,2026-07-26 21:46:44.095716
movement,38,634,none,moved,0,0,0.0,0.0,2026-07-26 21:46:44.150482
click,38,633,left,pressed,0,0,0.0,0.0,2026-07-26 21:46:44.471334
click,38,633,left,released,0,0,0.0,0.0,2026-07-26 21:46:44.692925
movement,39,634,none,moved,0,0,1.478,0.0,2026-07-26 21:46:45.155573
movement,50,658,none,moved,0,0,526.8159,0.0,2026-07-26 21:46:45.209612
movement,53,670,none,moved,0,0,152.9261,0.0,2026-07-26 21:46:45.265151
movement,55,673,none,moved,0,0,28.6512,0.0,2026-07-26 21:46:45.334051
click,55,673,left,pressed,0,0,0.0,0.0,2026-07-26 21:46:45.588155
click,55,673,left,released,0,0,0.0,0.0,2026-07-26 21:46:45.810994
movement,62,670,none,moved,0,0,13.1155,0.0,2026-07-26 21:46:45.941974
movement,160,632,none,moved,0,0,2124.086,0.0,2026-07-26 21:46:45.996413
movement,222,612,none,moved,0,0,1373.4043,0.0,2026-07-26 21:46:46.051145
movement,256,609,none,moved,0,0,313.6163,0.0,2026-07-26 21:46:46.106226
click,259,610,left,pressed,0,0,0.0,0.0,2026-07-26 21:46:46.646210
click,259,610,left,released,0,0,0.0,0.0,2026-07-26 21:46:46.871448
movement,259,611,none,moved,0,0,1.0499,0.0,2026-07-26 21:46:47.086245
movement,259,637,none,moved,0,0,532.0526,0.0,2026-07-26 21:46:47.141797
movement,258,665,none,moved,0,0,605.7501,0.0,2026-07-26 21:46:47.195718
movement,253,681,none,moved,0,0,149.5936,0.0,2026-07-26 21:46:47.250841
click,251,684,left,pressed,0,0,0.0,0.0,2026-07-26 21:46:47.540278
click,251,684,left,released,0,0,0.0,0.0,2026-07-26 21:46:47.761279
movement,261,682,none,moved,0,0,14.9544,0.0,2026-07-26 21:46:47.973854
movement,444,651,none,moved,0,0,3466.2116,0.0,2026-07-26 21:46:48.028650
movement,610,640,none,moved,0,0,2176.9744,0.0,2026-07-26 21:46:48.083161
movement,678,635,none,moved,0,0,428.6025,0.0,2026-07-26 21:46:48.137700
movement,691,635,none,moved,0,0,0.0,0.0,2026-07-26 21:46:48.192303
movement,693,635,none,moved,0,0,14.5516,0.0,2026-07-26 21:46:48.309278
movement,703,631,none,moved,0,0,317.5254,0.0,2026-07-26 21:46:48.363922
movement,715,626,none,moved,0,0,147.5621,0.0,2026-07-26 21:46:48.418823
movement,719,622,none,moved,0,0,66.7512,0.0,2026-07-26 21:46:48.474386
movement,724,621,none,moved,0,0,145.4966,0.0,2026-07-26 21:46:48.536134
movement,731,617,none,moved,0,0,70.3365,0.0,2026-07-26 21:46:48.597426
movement,733,616,none,moved,0,0,1.23,0.0,2026-07-26 21:46:49.423807
movement,732,610,none,moved,0,0,141.8672,0.0,2026-07-26 21:46:49.479053
movement,732,608,none,moved,0,0,0.0,0.0,2026-07-26 21:46:49.534026
movement,730,606,none,moved,0,0,12.1228,0.0,2026-07-26 21:46:49.691742
movement,729,604,none,moved,0,0,143.4391,0.0,2026-07-26 21:46:49.746716
movement,729,603,none,moved,0,0,0.0,0.0,2026-07-26 21:46:49.801177
movement,728,602,none,moved,0,0,9.2438,0.0,2026-07-26 21:46:49.952379
click,728,602,left,pressed,0,0,0.0,0.0,2026-07-26 21:46:50.238070
movement,728,602,none,moved,0,0,0.0,0.0,2026-07-26 21:46:50.545035
movement,730,619,none,moved,0,0,498.2148,0.0,2026-07-26 21:46:50.598964
movement,740,644,none,moved,0,0,640.0991,0.0,2026-07-26 21:46:50.653707
movement,751,667,none,moved,0,0,425.9401,0.0,2026-07-26 21:46:50.708474
movement,756,672,none,moved,0,0,47.8949,0.0,2026-07-26 21:46:50.770620
click,756,672,left,released,0,0,0.0,0.0,2026-07-26 21:46:50.811611
click,756,672,left,pressed,0,0,0.0,0.0,2026-07-26 21:46:51.057837
click,756,672,left,released,0,0,0.0,0.0,2026-07-26 21:46:51.273859
movement,757,672,none,moved,0,0,0.9321,0.0,2026-07-26 21:46:51.856935
movement,761,656,none,moved,0,0,145.2523,0.0,2026-07-26 21:46:51.911197
movement,761,650,none,moved,0,0,72.914,0.0,2026-07-26 21:46:51.965897
movement,760,649,none,moved,0,0,36.2284,0.0,2026-07-26 21:46:52.041675
movement,762,646,none,moved,0,0,47.3785,0.0,2026-07-26 21:46:52.098833
movement,815,627,none,moved,0,0,1097.8062,0.0,2026-07-26 21:46:52.151077
movement,864,620,none,moved,0,0,464.004,0.0,2026-07-26 21:46:52.206018
movement,870,620,none,moved,0,0,17.9964,0.0,2026-07-26 21:46:52.295687
movement,870,620,none,moved,0,0,0.0,0.0,2026-07-26 21:46:53.050443
movement,868,618,none,moved,0,0,0.0,0.0,2026-07-26 21:46:53.111309
click,867,618,left,pressed,0,0,0.0,0.0,2026-07-26 21:46:53.433432
click,867,618,left,released,0,0,0.0,0.0,2026-07-26 21:46:53.658596
movement,867,617,none,moved,0,0,0.955,0.0,2026-07-26 21:46:54.165455
movement,859,604,none,moved,0,0,201.544,0.0,2026-07-26 21:46:54.219405
movement,857,601,none,moved,0,0,24.0328,0.0,2026-07-26 21:46:54.295248
movement,857,601,none,moved,0,0,0.0,0.0,2026-07-26 21:46:54.350267
click,857,601,left,pressed,0,0,0.0,0.0,2026-07-26 21:46:54.615190
click,857,601,left,released,0,0,0.0,0.0,2026-07-26 21:46:54.831806
movement,857,601,none,moved,0,0,0.0,0.0,2026-07-26 21:46:55.007514
movement,860,622,none,moved,0,0,331.5334,0.0,2026-07-26 21:46:55.062387
movement,862,636,none,moved,0,0,154.9028,0.0,2026-07-26 21:46:55.116966
movement,863,642,none,moved,0,0,48.6844,0.0,2026-07-26 21:46:55.185845
movement,863,646,none,moved,0,0,0.0,0.0,2026-07-26 21:46:55.248264
click,864,649,left,pressed,0,0,0.0,0.0,2026-07-26 21:46:55.524908
click,864,649,left,released,0,0,0.0,0.0,2026-07-26 21:46:55.749488
movement,861,649,none,moved,0,0,4.5743,0.0,2026-07-26 21:46:55.937032
movement,802,645,none,moved,0,0,618.9977,0.0,2026-07-26 21:46:55.991855
movement,796,643,none,moved,0,0,0.0,0.0,2026-07-26 21:46:56.081284
movement,793,642,none,moved,0,0,133.7427,0.0,2026-07-26 21:46:56.136501
movement,789,641,none,moved,0,0,72.4105,0.0,2026-07-26 21:46:56.190721
movement,786,637,none,moved,0,0,36.643,0.0,2026-07-26 21:46:56.266285
movement,786,635,none,moved,0,0,174.2906,0.0,2026-07-26 21:46:56.321329
click,786,634,left,pressed,0,0,0.0,0.0,2026-07-26 21:46:56.612282
click,786,634,left,released,0,0,0.0,0.0,2026-07-26 21:46:56.840643
movement,786,636,none,moved,0,0,3.1766,0.0,2026-07-26 21:46:56.982068
movement,789,671,none,moved,0,0,702.3047,0.0,2026-07-26 21:46:57.036930
movement,789,685,none,moved,0,0,67.1153,0.0,2026-07-26 21:46:57.093065
movement,789,685,none,moved,0,0,0.0,0.0,2026-07-26 21:46:57.160395
click,787,685,left,pressed,0,0,0.0,0.0,2026-07-26 21:46:57.396172
click,787,685,left,released,0,0,0.0,0.0,2026-07-26 21:46:57.617251
movement,786,682,none,moved,0,0,4.7208,0.0,2026-07-26 21:46:57.857777
movement,769,653,none,moved,0,0,585.7002,0.0,2026-07-26 21:46:57.912948
movement,763,645,none,moved,0,0,73.7992,0.0,2026-07-26 21:46:57.967311
movement,762,643,none,moved,0,0,23.3066,0.0,2026-07-26 21:46:58.029064
movement,759,643,none,moved,0,0,142.814,0.0,2026-07-26 21:46:58.084078
movement,732,645,none,moved,0,0,914.3773,0.0,2026-07-26 21:46:58.138985
movement,712,646,none,moved,0,0,298.4208,0.0,2026-07-26 21:46:58.194040
movement,690,650,none,moved,0,0,424.4337,0.0,2026-07-26 21:46:58.250171
movement,675,652,none,moved,0,0,0.0,0.0,2026-07-26 21:46:58.303667
movement,673,651,none,moved,0,0,1.0595,0.0,2026-07-26 21:46:59.267951
movement,681,632,none,moved,0,0,139.8847,0.0,2026-07-26 21:46:59.323256
movement,682,631,none,moved,0,0,18.1311,0.0,2026-07-26 21:46:59.391496
movement,684,632,none,moved,0,0,50.88,0.0,2026-07-26 21:46:59.446518
click,684,632,left,pressed,0,0,0.0,0.0,2026-07-26 21:46:59.661376
click,684,632,left,released,0,0,0.0,0.0,2026-07-26 21:46:59.889376
movement,685,633,none,moved,0,0,2.2426,0.0,2026-07-26 21:47:00.077121
movement,702,650,none,moved,0,0,409.3469,0.0,2026-07-26 21:47:00.132161
movement,706,657,none,moved,0,0,149.1308,0.0,2026-07-26 21:47:00.186893
movement,708,659,none,moved,0,0,49.9393,0.0,2026-07-26 21:47:00.263186
click,708,659,left,pressed,0,0,0.0,0.0,2026-07-26 21:47:00.527776
click,708,659,left,released,0,0,0.0,0.0,2026-07-26 21:47:00.749407
movement,708,657,none,moved,0,0,2.6781,0.0,2026-07-26 21:47:01.009979
movement,702,639,none,moved,0,0,203.1662,0.0,2026-07-26 21:47:01.064862
movement,696,633,none,moved,0,0,196.6073,0.0,2026-07-26 21:47:01.119983
movement,690,631,none,moved,0,0,0.0,0.0,2026-07-26 21:47:01.174590
movement,685,628,none,moved,0,0,48.5727,0.0,2026-07-26 21:47:01.243233
movement,685,625,none,moved,0,0,16.3211,0.0,2026-07-26 21:47:01.352914
movement,692,623,none,moved,0,0,336.0716,0.0,2026-07-26 21:47:01.407573
movement,712,621,none,moved,0,0,145.0864,0.0,2026-07-26 21:47:01.462748
click,720,621,left,pressed,0,0,0.0,0.0,2026-07-26 21:47:01.951562
click,720,621,left,released,0,0,0.0,0.0,2026-07-26 21:47:02.168097
movement,722,621,none,moved,0,0,2.5149,0.0,2026-07-26 21:47:02.305857
movement,735,629,none,moved,0,0,284.2151,0.0,2026-07-26 21:47:02.360801
movement,743,641,none,moved,0,0,341.9781,0.0,2026-07-26 21:47:02.415820
movement,744,652,none,moved,0,0,165.6191,0.0,2026-07-26 21:47:02.470160
movement,744,659,none,moved,0,0,0.0,0.0,2026-07-26 21:47:02.525750
movement,744,665,none,moved,0,0,0.0,0.0,2026-07-26 21:47:02.579796
click,743,667,left,pressed,0,0,0.0,0.0,2026-07-26 21:47:02.843731
click,743,667,left,released,0,0,0.0,0.0,2026-07-26 21:47:03.060018
movement,729,664,none,moved,0,0,22.4772,0.0,2026-07-26 21:47:03.230861
movement,617,644,none,moved,0,0,734.7343,0.0,2026-07-26 21:47:03.284206
movement,609,643,none,moved,0,0,36.3518,0.0,2026-07-26 21:47:03.352960
movement,598,645,none,moved,0,0,145.6305,0.0,2026-07-26 21:47:03.407514
movement,582,646,none,moved,0,0,1020.9366,0.0,2026-07-26 21:47:03.462474
movement,496,663,none,moved,0,0,1339.0205,0.0,2026-07-26 21:47:03.517620
movement,471,664,none,moved,0,0,329.1716,0.0,2026-07-26 21:47:03.572416
movement,465,664,none,moved,0,0,0.0,0.0,2026-07-26 21:47:03.634146
click,465,664,left,pressed,0,0,0.0,0.0,2026-07-26 21:47:04.094015
click,465,664,left,released,0,0,0.0,0.0,2026-07-26 21:47:04.324090
movement,465,665,none,moved,0,0,1.2372,0.0,2026-07-26 21:47:04.442410
movement,457,682,none,moved,0,0,151.9015,0.0,2026-07-26 21:47:04.496984
movement,452,702,none,moved,0,0,343.1204,0.0,2026-07-26 21:47:04.551049
movement,451,716,none,moved,0,0,0.0,0.0,2026-07-26 21:47:04.606239
movement,450,725,none,moved,0,0,145.1567,0.0,2026-07-26 21:47:04.660951
click,450,725,left,pressed,0,0,0.0,0.0,2026-07-26 21:47:04.952438
click,450,725,left,released,0,0,0.0,0.0,2026-07-26 21:47:05.167849
movement,447,723,none,moved,0,0,4.6075,0.0,2026-07-26 21:47:05.457430
movement,397,694,none,moved,0,0,645.4526,0.0,2026-07-26 21:47:05.511299
movement,390,692,none,moved,0,0,72.8304,0.0,2026-07-26 21:47:05.566172
movement,389,692,none,moved,0,0,0.0,0.0,2026-07-26 21:47:05.683806
movement,371,688,none,moved,0,0,598.538,0.0,2026-07-26 21:47:05.737933
movement,346,681,none,moved,0,0,322.9819,0.0,2026-07-26 21:47:05.792741
movement,333,666,none,moved,0,0,539.2785,0.0,2026-07-26 21:47:05.847767
movement,327,652,none,moved,0,0,146.4492,0.0,2026-07-26 21:47:05.902300
movement,327,645,none,moved,0,0,76.463,0.0,2026-07-26 21:47:05.957429
movement,327,644,none,moved,0,0,0.0,0.0,2026-07-26 21:47:06.101278
click,327,644,left,pressed,0,0,0.0,0.0,2026-07-26 21:47:06.402444
click,327,644,left,released,0,0,0.0,0.0,2026-07-26 21:47:06.630614
movement,328,640,none,moved,0,0,4.3971,0.0,2026-07-26 21:47:07.080004
movement,333,617,none,moved,0,0,139.1607,0.0,2026-07-26 21:47:07.134343
movement,334,615,none,moved,0,0,0.0,0.0,2026-07-26 21:47:07.250597
movement,337,616,none,moved,0,0,146.9263,0.0,2026-07-26 21:47:07.305468
movement,339,619,none,moved,0,0,48.7053,0.0,2026-07-26 21:47:07.367281
click,339,619,left,pressed,0,0,0.0,0.0,2026-07-26 21:47:07.698309
click,339,619,left,released,0,0,0.0,0.0,2026-07-26 21:47:07.922456
movement,336,621,none,moved,0,0,4.0098,0.0,2026-07-26 21:47:08.273210
movement,247,653,none,moved,0,0,2480.8749,0.0,2026-07-26 21:47:08.327153
movement,168,692,none,moved,0,0,1378.3335,0.0,2026-07-26 21:47:08.377381
movement,119,720,none,moved,0,0,17.2939,0.0,2026-07-26 21:47:08.811436
movement,87,702,none,moved,0,0,213.2457,0.0,2026-07-26 21:47:08.866122
movement,84,701,none,moved,0,0,0.0,0.0,2026-07-26 21:47:08.955712
movement,81,701,none,moved,0,0,24.1186,0.0,2026-07-26 21:47:09.045046
movement,80,701,none,moved,0,0,0.0,0.0,2026-07-26 21:47:09.120930
movement,80,698,none,moved,0,0,0.0,0.0,2026-07-26 21:47:09.182295
movement,86,684,none,moved,0,0,337.8025,0.0,2026-07-26 21:47:09.237220
movement,89,667,none,moved,0,0,265.6893,0.0,2026-07-26 21:47:09.292148
movement,90,660,none,moved,0,0,133.2752,0.0,2026-07-26 21:47:09.347352
movement,90,659,none,moved,0,0,0.0,0.0,2026-07-26 21:47:09.483598
movement,91,659,none,moved,0,0,37.2618,0.0,2026-07-26 21:47:09.552361
movement,96,661,none,moved,0,0,146.5925,0.0,2026-07-26 21:47:09.606922
movement,99,662,none,moved,0,0,47.8736,0.0,2026-07-26 21:47:09.668781
movement,101,662,none,moved,0,0,24.273,0.0,2026-07-26 21:47:09.737558
movement,102,663,none,moved,0,0,0.0,0.0,2026-07-26 21:47:09.792181
click,102,663,left,pressed,0,0,0.0,0.0,2026-07-26 21:47:10.032313
movement,103,664,none,moved,0,0,2.372,0.0,2026-07-26 21:47:10.388405
movement,120,684,none,moved,0,0,462.1098,0.0,2026-07-26 21:47:10.442751
movement,135,705,none,moved,0,0,474.8516,0.0,2026-07-26 21:47:10.497469
movement,139,713,none,moved,0,0,73.2284,0.0,2026-07-26 21:47:10.558931
movement,138,713,none,moved,0,0,48.6245,0.0,2026-07-26 21:47:10.620911
click,138,713,left,released,0,0,0.0,0.0,2026-07-26 21:47:10.648693
click,138,713,left,pressed,0,0,0.0,0.0,2026-07-26 21:47:10.878181
click,138,713,left,released,0,0,0.0,0.0,2026-07-26 21:47:11.108093
movement,132,713,none,moved,0,0,6.5611,0.0,2026-07-26 21:47:11.535398
movement,77,695,none,moved,0,0,463.6309,0.0,2026-07-26 21:47:11.589690
movement,59,683,none,moved,0,0,202.7426,0.0,2026-07-26 21:47:11.644663
movement,52,677,none,moved,0,0,0.0,0.0,2026-07-26 21:47:11.699463
movement,50,676,none,moved,0,0,9.113,0.0,2026-07-26 21:47:11.836618
movement,49,674,none,moved,0,0,34.3559,0.0,2026-07-26 21:47:11.905181
click,49,674,left,pressed,0,0,0.0,0.0,2026-07-26 21:47:12.244391
click,49,674,left,released,0,0,0.0,0.0,2026-07-26 21:47:12.463662
movement,49,675,none,moved,0,0,1.1022,0.0,2026-07-26 21:47:12.812480
movement,60,690,none,moved,0,0,292.1944,0.0,2026-07-26 21:47:12.866296
movement,64,698,none,moved,0,0,72.645,0.0,2026-07-26 21:47:12.928487
movement,66,703,none,moved,0,0,147.4894,0.0,2026-07-26 21:47:12.983056
click,67,704,left,pressed,0,0,0.0,0.0,2026-07-26 21:47:13.289744
click,67,704,left,released,0,0,0.0,0.0,2026-07-26 21:47:13.508465
movement,77,702,none,moved,0,0,15.1468,0.0,2026-07-26 21:47:13.690498
movement,354,652,none,moved,0,0,8848.4817,0.0,2026-07-26 21:47:13.745323
movement,904,740,none,moved,0,0,8714.6799,0.0,2026-07-26 21:47:13.799948
movement,1156,795,none,moved,0,0,86.4761,0.0,2026-07-26 21:47:14.191101
movement,1362,752,none,moved,0,0,2047.8551,0.0,2026-07-26 21:47:14.242718
movement,1741,712,none,moved,0,0,2522.2203,0.0,2026-07-26 21:47:14.294045
movement,1802,699,none,moved,0,0,41.0363,0.0,2026-07-26 21:47:14.575377
movement,1856,677,none,moved,0,0,320.9043,0.0,2026-07-26 21:47:14.630223
movement,1858,672,none,moved,0,0,300.969,0.0,2026-07-26 21:47:14.684950
movement,1841,667,none,moved,0,0,1129.3606,0.0,2026-07-26 21:47:14.740275
movement,1723,686,none,moved,0,0,2514.0595,0.0,2026-07-26 21:47:14.795630
movement,1598,705,none,moved,0,0,2262.4908,0.0,2026-07-26 21:47:14.849537
movement,1514,732,none,moved,0,0,1347.0751,0.0,2026-07-26 21:47:14.904365
movement,1487,759,none,moved,0,0,307.275,0.0,2026-07-26 21:47:14.959332
movement,1477,756,none,moved,0,0,33.7876,0.0,2026-07-26 21:47:15.268335
movement,1383,721,none,moved,0,0,1393.9766,0.0,2026-07-26 21:47:15.323546
movement,1342,697,none,moved,0,0,457.0887,0.0,2026-07-26 21:47:15.378912
movement,1330,685,none,moved,0,0,205.5316,0.0,2026-07-26 21:47:15.433443
movement,1328,681,none,moved,0,0,217.9869,0.0,2026-07-26 21:47:15.487978
movement,1328,678,none,moved,0,0,36.7609,0.0,2026-07-26 21:47:15.556746
movement,1328,676,none,moved,0,0,50.0412,0.0,2026-07-26 21:47:15.618079
movement,1330,671,none,moved,0,0,210.9703,0.0,2026-07-26 21:47:15.673443
movement,1338,661,none,moved,0,0,515.2565,0.0,2026-07-26 21:47:15.728332
movement,1353,644,none,moved,0,0,410.5511,0.0,2026-07-26 21:47:15.783337
movement,1375,627,none,moved,0,0,372.7791,0.0,2026-07-26 21:47:15.837346
movement,1378,624,none,moved,0,0,18.8366,0.0,2026-07-26 21:47:15.933700
movement,1382,620,none,moved,0,0,0.0,0.0,2026-07-26 21:47:15.987999
movement,1385,607,none,moved,0,0,144.0797,0.0,2026-07-26 21:47:16.043056
movement,1388,596,none,moved,0,0,212.3449,0.0,2026-07-26 21:47:16.098038
movement,1389,593,none,moved,0,0,28.9976,0.0,2026-07-26 21:47:16.173791
click,1390,593,left,pressed,0,0,0.0,0.0,2026-07-26 21:47:16.415684
click,1390,593,left,released,0,0,0.0,0.0,2026-07-26 21:47:16.638187
movement,1390,593,none,moved,0,0,0.0,0.0,2026-07-26 21:47:16.821027
movement,1392,621,none,moved,0,0,523.5237,0.0,2026-07-26 21:47:16.876103
movement,1401,643,none,moved,0,0,201.6605,0.0,2026-07-26 21:47:16.930838
movement,1404,651,none,moved,0,0,162.5321,0.0,2026-07-26 21:47:16.985135
movement,1404,653,none,moved,0,0,0.0,0.0,2026-07-26 21:47:17.040850
movement,1405,653,none,moved,0,0,14.8428,0.0,2026-07-26 21:47:17.108211
click,1405,653,left,pressed,0,0,0.0,0.0,2026-07-26 21:47:17.366131
click,1405,653,left,released,0,0,0.0,0.0,2026-07-26 21:47:17.588885
movement,1405,653,none,moved,0,0,0.0,0.0,2026-07-26 21:47:17.827846
movement,1403,634,none,moved,0,0,299.1551,0.0,2026-07-26 21:47:17.883490
movement,1401,630,none,moved,0,0,51.7031,0.0,2026-07-26 21:47:17.937330
movement,1401,630,none,moved,0,0,0.0,0.0,2026-07-26 21:47:18.040285
movement,1402,630,none,moved,0,0,29.5039,0.0,2026-07-26 21:47:18.108765
movement,1404,632,none,moved,0,0,68.4497,0.0,2026-07-26 21:47:18.163622
movement,1405,633,none,moved,0,0,41.9197,0.0,2026-07-26 21:47:18.239089
click,1405,633,left,pressed,0,0,0.0,0.0,2026-07-26 21:47:18.501929
click,1405,633,left,released,0,0,0.0,0.0,2026-07-26 21:47:18.726104
movement,1408,633,none,moved,0,0,3.7066,0.0,2026-07-26 21:47:19.048460
movement,1420,629,none,moved,0,0,106.0377,0.0,2026-07-26 21:47:19.110039
movement,1425,628,none,moved,0,0,298.5056,0.0,2026-07-26 21:47:19.164682
movement,1439,625,none,moved,0,0,523.9405,0.0,2026-07-26 21:47:19.219089
movement,1454,625,none,moved,0,0,283.8208,0.0,2026-07-26 21:47:19.273830
movement,1463,626,none,moved,0,0,0.0,0.0,2026-07-26 21:47:19.329169
movement,1466,627,none,moved,0,0,24.0807,0.0,2026-07-26 21:47:19.411498
click,1467,628,left,pressed,0,0,0.0,0.0,2026-07-26 21:47:19.697810
click,1467,628,left,released,0,0,0.0,0.0,2026-07-26 21:47:19.912386
movement,1467,630,none,moved,0,0,3.0784,0.0,2026-07-26 21:47:20.095422
movement,1467,654,none,moved,0,0,697.6263,0.0,2026-07-26 21:47:20.149071
movement,1467,680,none,moved,0,0,490.5619,0.0,2026-07-26 21:47:20.203846
movement,1468,690,none,moved,0,0,103.709,0.0,2026-07-26 21:47:20.254655
movement,1469,690,none,moved,0,0,11.2149,0.0,2026-07-26 21:47:20.354604
click,1469,690,left,pressed,0,0,0.0,0.0,2026-07-26 21:47:20.580422
click,1469,690,left,released,0,0,0.0,0.0,2026-07-26 21:47:20.798497
movement,1460,690,none,moved,0,0,13.9804,0.0,2026-07-26 21:47:20.998367
movement,1330,684,none,moved,0,0,3948.3018,0.0,2026-07-26 21:47:21.053386
movement,1167,658,none,moved,0,0,2773.0476,0.0,2026-07-26 21:47:21.108224
movement,1052,631,none,moved,0,0,2082.026,0.0,2026-07-26 21:47:21.163577
movement,994,622,none,moved,0,0,505.538,0.0,2026-07-26 21:47:21.224960
movement,982,626,none,moved,0,0,0.0,0.0,2026-07-26 21:47:21.279740
movement,984,629,none,moved,0,0,0.0,0.0,2026-07-26 21:47:21.341929
movement,983,642,none,moved,0,0,221.396,0.0,2026-07-26 21:47:21.396430
movement,969,671,none,moved,0,0,923.1944,0.0,2026-07-26 21:47:21.451074
movement,935,719,none,moved,0,0,826.5616,0.0,2026-07-26 21:47:21.506045
movement,925,728,none,moved,0,0,0.0,0.0,2026-07-26 21:47:21.561270
movement,923,728,none,moved,0,0,0.0,0.0,2026-07-26 21:47:21.622856
movement,920,728,none,moved,0,0,4.1327,0.0,2026-07-26 21:47:22.348784
movement,834,724,none,moved,0,0,2150.2128,0.0,2026-07-26 21:47:22.402767
movement,728,707,none,moved,0,0,1571.4408,0.0,2026-07-26 21:47:22.458283
movement,665,702,none,moved,0,0,439.8082,0.0,2026-07-26 21:47:22.512219
movement,656,702,none,moved,0,0,0.0,0.0,2026-07-26 21:47:22.616217
movement,659,701,none,moved,0,0,108.166,0.0,2026-07-26 21:47:22.670461
movement,666,694,none,moved,0,0,143.6356,0.0,2026-07-26 21:47:22.724993
movement,669,691,none,moved,0,0,48.3293,0.0,2026-07-26 21:47:22.779924
movement,669,691,none,moved,0,0,0.0,0.0,2026-07-26 21:47:22.848753
movement,665,684,none,moved,0,0,205.3039,0.0,2026-07-26 21:47:22.903366
movement,662,679,none,moved,0,0,102.12,0.0,2026-07-26 21:47:22.958428
movement,661,677,none,moved,0,0,18.2762,0.0,2026-07-26 21:47:23.047283
movement,661,676,none,moved,0,0,13.2013,0.0,2026-07-26 21:47:23.123034
movement,660,676,none,moved,0,0,2.9357,0.0,2026-07-26 21:47:23.470328
movement,627,671,none,moved,0,0,403.2597,0.0,2026-07-26 21:47:23.525061
movement,619,672,none,moved,0,0,34.9469,0.0,2026-07-26 21:47:23.606702
movement,620,671,none,moved,0,0,71.3268,0.0,2026-07-26 21:47:23.661749
click,620,671,left,pressed,0,0,0.0,0.0,2026-07-26 21:47:23.890199
click,620,671,left,released,0,0,0.0,0.0,2026-07-26 21:47:24.116311
movement,622,675,none,moved,0,0,7.0865,0.0,2026-07-26 21:47:24.292840
movement,636,706,none,moved,0,0,408.4871,0.0,2026-07-26 21:47:24.347756
movement,641,729,none,moved,0,0,137.6445,0.0,2026-07-26 21:47:24.401700
movement,641,734,none,moved,0,0,0.0,0.0,2026-07-26 21:47:24.457435
movement,641,734,none,moved,0,0,0.0,0.0,2026-07-26 21:47:24.532351
click,641,734,left,pressed,0,0,0.0,0.0,2026-07-26 21:47:24.792299
click,641,734,left,released,0,0,0.0,0.0,2026-07-26 21:47:25.006719
movement,641,733,none,moved,0,0,1.4431,0.0,2026-07-26 21:47:25.225304
movement,644,723,none,moved,0,0,291.8284,0.0,2026-07-26 21:47:25.280477
movement,647,715,none,moved,0,0,0.0,0.0,2026-07-26 21:47:25.335057
movement,648,711,none,moved,0,0,41.5026,0.0,2026-07-26 21:47:25.403737
movement,648,710,none,moved,0,0,0.0,0.0,2026-07-26 21:47:25.479394
movement,648,708,none,moved,0,0,0.0,0.0,2026-07-26 21:47:25.576603
movement,648,707,none,moved,0,0,18.3443,0.0,2026-07-26 21:47:25.631110
movement,649,704,none,moved,0,0,170.4932,0.0,2026-07-26 21:47:25.684837
movement,654,694,none,moved,0,0,301.5858,0.0,2026-07-26 21:47:25.739694
movement,665,682,none,moved,0,0,0.0,0.0,2026-07-26 21:47:25.794394
movement,670,677,none,moved,0,0,6.9498,0.0,2026-07-26 21:47:25.979641
click,670,677,left,pressed,0,0,0.0,0.0,2026-07-26 21:47:26.244829
click,670,677,left,released,0,0,0.0,0.0,2026-07-26 21:47:26.470510
movement,671,676,none,moved,0,0,1.7898,0.0,2026-07-26 21:47:26.769810
movement,677,662,none,moved,0,0,120.3002,0.0,2026-07-26 21:47:26.830757
click,677,661,left,pressed,0,0,0.0,0.0,2026-07-26 21:47:27.290685
click,677,661,left,released,0,0,0.0,0.0,2026-07-26 21:47:27.515453
movement,677,664,none,moved,0,0,3.3919,0.0,2026-07-26 21:47:27.722119
movement,688,714,none,moved,0,0,892.5676,0.0,2026-07-26 21:47:27.776596
movement,694,739,none,moved,0,0,420.3973,0.0,2026-07-26 21:47:27.831693
movement,695,762,none,moved,0,0,425.0553,0.0,2026-07-26 21:47:27.886236
movement,694,783,none,moved,0,0,292.8676,0.0,2026-07-26 21:47:27.940880
movement,696,784,none,moved,0,0,2.8506,0.0,2026-07-26 21:47:28.340167
movement,698,780,none,moved,0,0,72.4593,0.0,2026-07-26 21:47:28.401846
movement,700,766,none,moved,0,0,496.4702,0.0,2026-07-26 21:47:28.457727
movement,703,725,none,moved,0,0,734.0399,0.0,2026-07-26 21:47:28.511321
movement,704,698,none,moved,0,0,378.7524,0.0,2026-07-26 21:47:28.566143
movement,705,696,none,moved,0,0,0.0,0.0,2026-07-26 21:47:28.634887
movement,705,696,none,moved,0,0,0.0,0.0,2026-07-26 21:47:28.779419
movement,704,697,none,moved,0,0,66.6357,0.0,2026-07-26 21:47:28.842198
movement,702,700,none,moved,0,0,130.1084,0.0,2026-07-26 21:47:28.895954
movement,697,712,none,moved,0,0,321.7971,0.0,2026-07-26 21:47:28.950122
movement,695,717,none,moved,0,0,63.0732,0.0,2026-07-26 21:47:29.000285
movement,695,717,none,moved,0,0,0.0,0.0,2026-07-26 21:47:29.066534
click,695,717,left,pressed,0,0,0.0,0.0,2026-07-26 21:47:29.324223
click,695,717,left,released,0,0,0.0,0.0,2026-07-26 21:47:29.541502
movement,692,709,none,moved,0,0,11.2163,0.0,2026-07-26 21:47:29.835156
movement,655,643,none,moved,0,0,711.5262,0.0,2026-07-26 21:47:29.893201
click,653,637,right,pressed,0,0,0.0,0.0,2026-07-26 21:47:30.196553
click,653,637,right,released,0,0,0.0,0.0,2026-07-26 21:47:30.256103
scroll,653,637,none,scrolled_down,0,-1,0.0,0.0,2026-07-26 21:47:30.983296
scroll,653,637,none,scrolled_down,0,-1,0.0,0.0,2026-07-26 21:47:30.984329
scroll,653,637,none,scrolled_down,0,-1,0.0,0.0,2026-07-26 21:47:30.987976
scroll,653,637,none,scrolled_down,0,-1,0.0,0.0,2026-07-26 21:47:30.992830
scroll,653,637,none,scrolled_down,0,-1,0.0,0.0,2026-07-26 21:47:30.999471
scroll,653,637,none,scrolled_down,0,-1,0.0,0.0,2026-07-26 21:47:31.011960
scroll,653,637,none,scrolled_down,0,-1,0.0,0.0,2026-07-26 21:47:31.016544
scroll,653,637,none,scrolled_down,0,-1,0.0,0.0,2026-07-26 21:47:31.024103
scroll,653,637,none,scrolled_down,0,-1,0.0,0.0,2026-07-26 21:47:31.027983
scroll,653,637,none,scrolled_down,0,-1,0.0,0.0,2026-07-26 21:47:31.038271
scroll,653,637,none,scrolled_down,0,-1,0.0,0.0,2026-07-26 21:47:31.041288
scroll,653,637,none,scrolled_down,0,-1,0.0,0.0,2026-07-26 21:47:31.047507
scroll,653,637,none,scrolled_down,0,-1,0.0,0.0,2026-07-26 21:47:31.057026
scroll,653,637,none,scrolled_down,0,-1,0.0,0.0,2026-07-26 21:47:31.060594
scroll,653,637,none,scrolled_down,0,-1,0.0,0.0,2026-07-26 21:47:31.068531
scroll,653,637,none,scrolled_down,0,-1,0.0,0.0,2026-07-26 21:47:31.079190
scroll,653,637,none,scrolled_down,0,-1,0.0,0.0,2026-07-26 21:47:31.175729
scroll,653,637,none,scrolled_down,0,-1,0.0,0.0,2026-07-26 21:47:31.192312
scroll,653,637,none,scrolled_down,0,-1,0.0,0.0,2026-07-26 21:47:31.196093
scroll,653,637,none,scrolled_down,0,-1,0.0,0.0,2026-07-26 21:47:31.197788
scroll,653,637,none,scrolled_down,0,-1,0.0,0.0,2026-07-26 21:47:31.201339
scroll,653,637,none,scrolled_down,0,-1,0.0,0.0,2026-07-26 21:47:31.205082
scroll,653,637,none,scrolled_down,0,-1,0.0,0.0,2026-07-26 21:47:31.206792
scroll,653,637,none,scrolled_down,0,-1,0.0,0.0,2026-07-26 21:47:31.207873
scroll,653,637,none,scrolled_down,0,-1,0.0,0.0,2026-07-26 21:47:31.208725
scroll,653,637,none,scrolled_down,0,-1,0.0,0.0,2026-07-26 21:47:31.210040
scroll,653,637,none,scrolled_down,0,-1,0.0,0.0,2026-07-26 21:47:31.214306
scroll,653,637,none,scrolled_down,0,-1,0.0,0.0,2026-07-26 21:47:31.216808
scroll,653,637,none,scrolled_down,0,-1,0.0,0.0,2026-07-26 21:47:31.219590
scroll,653,637,none,scrolled_down,0,-1,0.0,0.0,2026-07-26 21:47:31.220481
scroll,653,637,none,scrolled_down,0,-1,0.0,0.0,2026-07-26 21:47:31.224515
scroll,653,637,none,scrolled_down,0,-1,0.0,0.0,2026-07-26 21:47:31.226305
scroll,653,637,none,scrolled_down,0,-1,0.0,0.0,2026-07-26 21:47:31.227712
scroll,653,637,none,scrolled_down,0,-1,0.0,0.0,2026-07-26 21:47:31.229213
scroll,653,637,none,scrolled_down,0,-1,0.0,0.0,2026-07-26 21:47:31.237913
scroll,653,637,none,scrolled_down,0,-1,0.0,0.0,2026-07-26 21:47:31.239302
scroll,653,637,none,scrolled_down,0,-1,0.0,0.0,2026-07-26 21:47:31.240149
scroll,653,637,none,scrolled_down,0,-1,0.0,0.0,2026-07-26 21:47:31.240785
scroll,653,637,none,scrolled_down,0,-1,0.0,0.0,2026-07-26 21:47:31.242742
scroll,653,637,none,scrolled_down,0,-1,0.0,0.0,2026-07-26 21:47:31.243891
scroll,653,637,none,scrolled_down,0,-1,0.0,0.0,2026-07-26 21:47:31.245779
scroll,653,637,none,scrolled_down,0,-1,0.0,0.0,2026-07-26 21:47:31.253279
scroll,653,637,none,scrolled_down,0,-1,0.0,0.0,2026-07-26 21:47:31.260172
scroll,653,637,none,scrolled_down,0,-1,0.0,0.0,2026-07-26 21:47:31.280223
scroll,653,637,none,scrolled_down,0,-1,0.0,0.0,2026-07-26 21:47:31.342496
scroll,653,637,none,scrolled_down,0,-1,0.0,0.0,2026-07-26 21:47:31.356850
scroll,653,637,none,scrolled_down,0,-1,0.0,0.0,2026-07-26 21:47:31.364843
scroll,653,637,none,scrolled_down,0,-1,0.0,0.0,2026-07-26 21:47:31.371484
scroll,653,637,none,scrolled_down,0,-1,0.0,0.0,2026-07-26 21:47:31.375554
scroll,653,637,none,scrolled_down,0,-1,0.0,0.0,2026-07-26 21:47:31.376726
scroll,653,637,none,scrolled_down,0,-1,0.0,0.0,2026-07-26 21:47:31.377711
scroll,653,637,none,scrolled_down,0,-1,0.0,0.0,2026-07-26 21:47:31.379414
scroll,653,637,none,scrolled_down,0,-1,0.0,0.0,2026-07-26 21:47:31.384884
scroll,653,637,none,scrolled_down,0,-1,0.0,0.0,2026-07-26 21:47:31.386018
scroll,653,637,none,scrolled_down,0,-1,0.0,0.0,2026-07-26 21:47:31.389311
scroll,653,637,none,scrolled_down,0,-1,0.0,0.0,2026-07-26 21:47:31.392104
scroll,653,637,none,scrolled_down,0,-1,0.0,0.0,2026-07-26 21:47:31.393607
scroll,653,637,none,scrolled_down,0,-1,0.0,0.0,2026-07-26 21:47:31.402842
scroll,653,637,none,scrolled_down,0,-1,0.0,0.0,2026-07-26 21:47:31.405446
scroll,653,637,none,scrolled_down,0,-1,0.0,0.0,2026-07-26 21:47:31.407244
scroll,653,637,none,scrolled_down,0,-1,0.0,0.0,2026-07-26 21:47:31.409970
idle,653,637,none,idle_start,0,0,0.0,0.0,2026-07-26 21:47:31.678799
scroll,653,637,none,scrolled_down,0,-1,0.0,0.0,2026-07-26 21:47:31.716652
scroll,653,637,none,scrolled_down,0,-1,0.0,0.0,2026-07-26 21:47:31.726236
scroll,653,637,none,scrolled_down,0,0,0.0,0.0,2026-07-26 21:47:31.769799
scroll,653,637,none,scrolled_down,0,-1,0.0,0.0,2026-07-26 21:47:31.776862
scroll,653,637,none,scrolled_down,0,-1,0.0,0.0,2026-07-26 21:47:31.782446
scroll,653,637,none,scrolled_down,0,-1,0.0,0.0,2026-07-26 21:47:31.789957
scroll,653,637,none,scrolled_down,0,-1,0.0,0.0,2026-07-26 21:47:31.796824
scroll,653,637,none,scrolled_down,0,-1,0.0,0.0,2026-07-26 21:47:31.803379
scroll,653,637,none,scrolled_down,0,-1,0.0,0.0,2026-07-26 21:47:31.810784
scroll,653,637,none,scrolled_down,0,-1,0.0,0.0,2026-07-26 21:47:31.816802
scroll,653,637,none,scrolled_down,0,-1,0.0,0.0,2026-07-26 21:47:31.824478
scroll,653,637,none,scrolled_down,0,-1,0.0,0.0,2026-07-26 21:47:31.830368
idle,660,631,none,idle_end,0,0,0.0,0.2431,2026-07-26 21:47:31.921877
movement,660,631,none,moved,0,0,4.5538,0.0,2026-07-26 21:47:31.925397
movement,665,629,none,moved,0,0,144.2531,0.0,2026-07-26 21:47:31.973175
movement,665,626,none,moved,0,0,48.8459,0.0,2026-07-26 21:47:32.034961
movement,666,624,none,moved,0,0,49.3976,0.0,2026-07-26 21:47:32.103432
movement,670,617,none,moved,0,0,325.9679,0.0,2026-07-26 21:47:32.158294
movement,678,591,none,moved,0,0,408.868,0.0,2026-07-26 21:47:32.213598
movement,684,563,none,moved,0,0,431.217,0.0,2026-07-26 21:47:32.268183
movement,684,518,none,moved,0,0,976.0681,0.0,2026-07-26 21:47:32.323128
movement,682,454,none,moved,0,0,1197.1381,0.0,2026-07-26 21:47:32.377724
movement,687,396,none,moved,0,0,880.8201,0.0,2026-07-26 21:47:32.432651
movement,693,380,none,moved,0,0,146.398,0.0,2026-07-26 21:47:32.487690
movement,694,384,none,moved,0,0,19.286,0.0,2026-07-26 21:47:32.877956
movement,709,526,none,moved,0,0,3389.3047,0.0,2026-07-26 21:47:32.932465
movement,745,716,none,moved,0,0,3298.1476,0.0,2026-07-26 21:47:32.987349
movement,755,768,none,moved,0,0,73.1684,0.0,2026-07-26 21:47:33.049101
movement,756,775,none,moved,0,0,24.0419,0.0,2026-07-26 21:47:33.395425
movement,764,888,none,moved,0,0,2269.1167,0.0,2026-07-26 21:47:33.449949
movement,769,999,none,moved,0,0,1565.145,0.0,2026-07-26 21:47:33.505376
movement,769,1090,none,moved,0,0,1580.3166,0.0,2026-07-26 21:47:33.560567
movement,782,1081,none,moved,0,0,335.2225,0.0,2026-07-26 21:47:33.614636
movement,783,1072,none,moved,0,0,41.0451,0.0,2026-07-26 21:47:33.841784
movement,783,1047,none,moved,0,0,20.6658,0.0,2026-07-26 21:47:34.229666
movement,773,967,none,moved,0,0,8315.6902,0.0,2026-07-26 21:47:34.279698
movement,762,915,none,moved,0,0,1018.3933,0.0,2026-07-26 21:47:34.334866
movement,750,883,none,moved,0,0,451.6482,0.0,2026-07-26 21:47:34.389885
movement,737,861,none,moved,0,0,321.9398,0.0,2026-07-26 21:47:34.444390
movement,733,856,none,moved,0,0,17.1013,0.0,2026-07-26 21:47:34.561143
movement,729,864,none,moved,0,0,330.9485,0.0,2026-07-26 21:47:34.616254
click,728,865,left,pressed,0,0,0.0,0.0,2026-07-26 21:47:34.852078
click,728,865,left,released,0,0,0.0,0.0,2026-07-26 21:47:35.077347
click,728,865,right,pressed,0,0,0.0,0.0,2026-07-26 21:47:35.381233
click,728,865,right,released,0,0,0.0,0.0,2026-07-26 21:47:35.436766
movement,727,860,none,moved,0,0,3.7087,0.0,2026-07-26 21:47:36.012123
movement,714,821,none,moved,0,0,278.6815,0.0,2026-07-26 21:47:36.068063
movement,710,815,none,moved,0,0,9.814,0.0,2026-07-26 21:47:36.416616
movement,680,819,none,moved,0,0,458.0906,0.0,2026-07-26 21:47:36.471476
movement,675,821,none,moved,0,0,0.0,0.0,2026-07-26 21:47:36.546943
click,675,821,left,pressed,0,0,0.0,0.0,2026-07-26 21:47:36.799962
click,675,821,left,released,0,0,0.0,0.0,2026-07-26 21:47:37.025931
movement,684,821,none,moved,0,0,6.822,0.0,2026-07-26 21:47:37.866199
movement,915,863,none,moved,0,0,4864.6645,0.0,2026-07-26 21:47:37.921048
movement,1079,897,none,moved,0,0,1951.2502,0.0,2026-07-26 21:47:37.976072
movement,1126,915,none,moved,0,0,209.4136,0.0,2026-07-26 21:47:38.030763
movement,1127,929,none,moved,0,0,588.8189,0.0,2026-07-26 21:47:38.085424
movement,1133,992,none,moved,0,0,1146.8464,0.0,2026-07-26 21:47:38.140694
movement,1122,1041,none,moved,0,0,730.1807,0.0,2026-07-26 21:47:38.195323
movement,1108,1059,none,moved,0,0,208.1351,0.0,2026-07-26 21:47:38.250120
movement,1106,1063,none,moved,0,0,48.3605,0.0,2026-07-26 21:47:38.305151
movement,1121,1061,none,moved,0,0,776.2072,0.0,2026-07-26 21:47:38.359899
movement,1178,1048,none,moved,0,0,1322.2627,0.0,2026-07-26 21:47:38.414883
movement,1240,1017,none,moved,0,0,1181.7424,0.0,2026-07-26 21:47:38.469661
movement,1276,999,none,moved,0,0,220.1042,0.0,2026-07-26 21:47:38.524306
movement,1299,994,none,moved,0,0,142.6343,0.0,2026-07-26 21:47:38.579650
movement,1302,993,none,moved,0,0,72.0869,0.0,2026-07-26 21:47:38.641371
movement,1303,1011,none,moved,0,0,282.8256,0.0,2026-07-26 21:47:38.696322
movement,1302,1030,none,moved,0,0,332.9103,0.0,2026-07-26 21:47:38.750999
movement,1301,1038,none,moved,0,0,0.0,0.0,2026-07-26 21:47:38.812740
movement,1300,1039,none,moved,0,0,14.5861,0.0,2026-07-26 21:47:38.922538
movement,1300,1039,none,moved,0,0,0.0,0.0,2026-07-26 21:47:38.977354
click,1300,1039,left,pressed,0,0,0.0,0.0,2026-07-26 21:47:39.217420
click,1300,1039,left,released,0,0,0.0,0.0,2026-07-26 21:47:39.434896
movement,1295,1035,none,moved,0,0,8.2604,0.0,2026-07-26 21:47:39.752515
movement,1133,911,none,moved,0,0,5387.5264,0.0,2026-07-26 21:47:39.807441
movement,847,745,none,moved,0,0,6177.4862,0.0,2026-07-26 21:47:39.862245
movement,666,697,none,moved,0,0,1562.1773,0.0,2026-07-26 21:47:39.917395
movement,606,707,none,moved,0,0,659.7783,0.0,2026-07-26 21:47:39.972058
movement,587,723,none,moved,0,0,540.6592,0.0,2026-07-26 21:47:40.026855
movement,573,742,none,moved,0,0,465.6002,0.0,2026-07-26 21:47:40.081700
movement,561,768,none,moved,0,0,467.7677,0.0,2026-07-26 21:47:40.136648
movement,557,787,none,moved,0,0,145.8584,0.0,2026-07-26 21:47:40.191495
movement,563,801,none,moved,0,0,444.8021,0.0,2026-07-26 21:47:40.246616
movement,595,820,none,moved,0,0,1087.8935,0.0,2026-07-26 21:47:40.301243
movement,618,834,none,moved,0,0,5.7292,0.0,2026-07-26 21:47:42.111957
movement,668,914,none,moved,0,0,1552.8985,0.0,2026-07-26 21:47:42.166801
movement,701,968,none,moved,0,0,533.05,0.0,2026-07-26 21:47:42.223479
movement,714,983,none,moved,0,0,238.2721,0.0,2026-07-26 21:47:42.276860
click,718,984,left,pressed,0,0,0.0,0.0,2026-07-26 21:47:42.628372
click,718,984,left,released,0,0,0.0,0.0,2026-07-26 21:47:42.851362
